/*
    This code was written to support the book, "ARM Assembly for Embedded Applications",
    by Daniel W. Lewis. Permission is granted to freely share this software provided
    that this notice is not removed. This software is intended to be used with a run-time
    library adapted by the author from the STM Cube Library for the 32F429IDISCOVERY 
    board and available for download from http://www.engr.scu.edu/~dlewis/book3.
*/

#include <stdio.h>
#include <stdint.h>
#include <string.h>
#include <stdarg.h>
#include "library.h"
#include "graphics.h"
#include "touch.h"

#pragma GCC push_options
#pragma GCC optimize ("O0")

uint32_t __attribute__((weak)) BlendPixels(float percent, uint32_t pxl1rgb, uint32_t pxl2rgb)
    {
    uint32_t rgb ;

    rgb = 0xFF000000 ;
    for (int shift = 0; shift <= 16; shift += 8)
        {
        uint8_t byte1 = (pxl1rgb & 0xFF) ;
        uint8_t byte2 = (pxl2rgb & 0xFF) ;
        uint8_t byte = percent * byte1 + (1.0 - percent) * byte2 ;
        rgb |= byte << shift ;
        pxl1rgb >>= 8 ;
        pxl2rgb >>= 8 ;
        }

    return rgb ;
    }

#pragma GCC pop_options

#define HEADER_ROWS                         48
#define FOOTER_ROWS                         16

#define SLIDER_VMIN                         25
#define SLIDER_VMAX                         180
#define SLIDER_BGCLR                        COLOR_LIGHTGRAY
#define SLIDER_FGCLR                        COLOR_BLACK
#define SLIDER_RPADDING                     5
#define SLIDER_LPADDING                     5
#define SLIDER_HSIZE                        (XPIXELS - SLIDER_LPADDING - SLIDER_RPADDING)
#define SLIDER_VSIZE                        12
#define SLIDER_SSIZE                        SLIDER_VSIZE
#define SLIDER_XMIN                         SLIDER_LPADDING
#define SLIDER_YMIN                         285

#define SCREEN_ADRS                         0xD0000000

#define MIN(a,b)                            ((a) < (b)) ? (a) : (b)

typedef enum {false=0, true=1} BOOL ;

typedef struct
    {
    const float             vmin ;
    const float             vmax ;
    const uint32_t          xmin ;
    const uint32_t          ymin ;
    const uint32_t          width ;
    const uint32_t          height ;
    uint32_t                xpos ;
    float                   percent ;
    } SLIDER ;

// Composite Data Type Declarations ...
typedef uint32_t PIXEL ;
typedef uint32_t RGB ;

#pragma pack(1)
typedef struct
    {
    const uint16_t      type ;              // Magic identifier
    const uint32_t      filesize ;          // File size in bytes
    const uint16_t      reserved1 ;         // Not used
    const uint16_t      reserved2 ;         // Not used
    const uint32_t      offset ;            // Offset to image data in bytes
    const uint32_t      header_size ;       // Header size in bytes
    const uint32_t      width ;             // Width of the image
    const uint32_t      height ;            // Height of image
    const uint16_t      planes ;            // Number of color planes
    const uint16_t      bits ;              // Bits per pixel
    const uint32_t      compression ;       // Compression type unsigned strt, stop ;
    const uint32_t      imagesize ;         // Image size in bytes
    const uint32_t      xresolution ;       // Pixels per meter
    const uint32_t      yresolution ;       // Pixels per meter
    const uint32_t      ncolours ;          // Number of colors
    const uint32_t      importantcolours ;  // Important colors
    const uint32_t      palette[0] ;        // color table (if any) IBGR
    } BMP_HEADER ;
#pragma pack()

// Public fonts defined in run-time library
typedef struct
    {
    const uint8_t *         table ;
    const uint16_t          Width ;
    const uint16_t          Height ;
    } sFONT ;

static void             Adjust(SLIDER *slider) ;
static int32_t          Between(uint32_t min, uint32_t val, uint32_t max) ;
static void             CheckSlider(void) ;
static void             Error(char *function, char *format, ...) ;
static void             InitializeTouchScreen(void) ;
static void             InitSlider(SLIDER *slider) ;
static void             LEDs(int grn_on, int red_on) ;
static void             MorphImages(float percent, BMP_HEADER *bmp1, BMP_HEADER *bmp2) ;
static void             SanityCheck(void) ;
static void             SetFontSize(sFONT *Font) ;
static void             UpdateSlider(SLIDER *slider, uint32_t x) ;

extern sFONT            Font8, Font12, Font16, Font20, Font24 ;
static SLIDER           slider = {SLIDER_VMIN, SLIDER_VMAX, SLIDER_XMIN, SLIDER_YMIN, SLIDER_HSIZE, SLIDER_VSIZE} ;
static const uint8_t    george_bmp[] = {
  0x42, 0x4d, 0xce, 0x8c, 0x00, 0x00, 0x00, 0x00, 0x00, 0x00, 0x36, 0x04,
  0x00, 0x00, 0x28, 0x00, 0x00, 0x00, 0xba, 0x00, 0x00, 0x00, 0xba, 0x00,
  0x00, 0x00, 0x01, 0x00, 0x08, 0x00, 0x00, 0x00, 0x00, 0x00, 0x98, 0x88,
  0x00, 0x00, 0xc4, 0x0e, 0x00, 0x00, 0xc4, 0x0e, 0x00, 0x00, 0x00, 0x00,
  0x00, 0x00, 0x00, 0x00, 0x00, 0x00, 0x00, 0x00, 0x00, 0x00, 0x00, 0x00,
  0x80, 0x00, 0x00, 0x80, 0x00, 0x00, 0x00, 0x80, 0x80, 0x00, 0x80, 0x00,
  0x00, 0x00, 0x80, 0x00, 0x80, 0x00, 0x80, 0x80, 0x00, 0x00, 0xc0, 0xc0,
  0xc0, 0x00, 0xc0, 0xdc, 0xc0, 0x00, 0xf0, 0xca, 0xa6, 0x00, 0x00, 0x20,
  0x40, 0x00, 0x00, 0x20, 0x60, 0x00, 0x00, 0x20, 0x80, 0x00, 0x00, 0x20,
  0xa0, 0x00, 0x00, 0x20, 0xc0, 0x00, 0x00, 0x20, 0xe0, 0x00, 0x00, 0x40,
  0x00, 0x00, 0x00, 0x40, 0x20, 0x00, 0x00, 0x40, 0x40, 0x00, 0x00, 0x40,
  0x60, 0x00, 0x00, 0x40, 0x80, 0x00, 0x00, 0x40, 0xa0, 0x00, 0x00, 0x40,
  0xc0, 0x00, 0x00, 0x40, 0xe0, 0x00, 0x00, 0x60, 0x00, 0x00, 0x00, 0x60,
  0x20, 0x00, 0x00, 0x60, 0x40, 0x00, 0x00, 0x60, 0x60, 0x00, 0x00, 0x60,
  0x80, 0x00, 0x00, 0x60, 0xa0, 0x00, 0x00, 0x60, 0xc0, 0x00, 0x00, 0x60,
  0xe0, 0x00, 0x00, 0x80, 0x00, 0x00, 0x00, 0x80, 0x20, 0x00, 0x00, 0x80,
  0x40, 0x00, 0x00, 0x80, 0x60, 0x00, 0x00, 0x80, 0x80, 0x00, 0x00, 0x80,
  0xa0, 0x00, 0x00, 0x80, 0xc0, 0x00, 0x00, 0x80, 0xe0, 0x00, 0x00, 0xa0,
  0x00, 0x00, 0x00, 0xa0, 0x20, 0x00, 0x00, 0xa0, 0x40, 0x00, 0x00, 0xa0,
  0x60, 0x00, 0x00, 0xa0, 0x80, 0x00, 0x00, 0xa0, 0xa0, 0x00, 0x00, 0xa0,
  0xc0, 0x00, 0x00, 0xa0, 0xe0, 0x00, 0x00, 0xc0, 0x00, 0x00, 0x00, 0xc0,
  0x20, 0x00, 0x00, 0xc0, 0x40, 0x00, 0x00, 0xc0, 0x60, 0x00, 0x00, 0xc0,
  0x80, 0x00, 0x00, 0xc0, 0xa0, 0x00, 0x00, 0xc0, 0xc0, 0x00, 0x00, 0xc0,
  0xe0, 0x00, 0x00, 0xe0, 0x00, 0x00, 0x00, 0xe0, 0x20, 0x00, 0x00, 0xe0,
  0x40, 0x00, 0x00, 0xe0, 0x60, 0x00, 0x00, 0xe0, 0x80, 0x00, 0x00, 0xe0,
  0xa0, 0x00, 0x00, 0xe0, 0xc0, 0x00, 0x00, 0xe0, 0xe0, 0x00, 0x40, 0x00,
  0x00, 0x00, 0x40, 0x00, 0x20, 0x00, 0x40, 0x00, 0x40, 0x00, 0x40, 0x00,
  0x60, 0x00, 0x40, 0x00, 0x80, 0x00, 0x40, 0x00, 0xa0, 0x00, 0x40, 0x00,
  0xc0, 0x00, 0x40, 0x00, 0xe0, 0x00, 0x40, 0x20, 0x00, 0x00, 0x40, 0x20,
  0x20, 0x00, 0x40, 0x20, 0x40, 0x00, 0x40, 0x20, 0x60, 0x00, 0x40, 0x20,
  0x80, 0x00, 0x40, 0x20, 0xa0, 0x00, 0x40, 0x20, 0xc0, 0x00, 0x40, 0x20,
  0xe0, 0x00, 0x40, 0x40, 0x00, 0x00, 0x40, 0x40, 0x20, 0x00, 0x40, 0x40,
  0x40, 0x00, 0x40, 0x40, 0x60, 0x00, 0x40, 0x40, 0x80, 0x00, 0x40, 0x40,
  0xa0, 0x00, 0x40, 0x40, 0xc0, 0x00, 0x40, 0x40, 0xe0, 0x00, 0x40, 0x60,
  0x00, 0x00, 0x40, 0x60, 0x20, 0x00, 0x40, 0x60, 0x40, 0x00, 0x40, 0x60,
  0x60, 0x00, 0x40, 0x60, 0x80, 0x00, 0x40, 0x60, 0xa0, 0x00, 0x40, 0x60,
  0xc0, 0x00, 0x40, 0x60, 0xe0, 0x00, 0x40, 0x80, 0x00, 0x00, 0x40, 0x80,
  0x20, 0x00, 0x40, 0x80, 0x40, 0x00, 0x40, 0x80, 0x60, 0x00, 0x40, 0x80,
  0x80, 0x00, 0x40, 0x80, 0xa0, 0x00, 0x40, 0x80, 0xc0, 0x00, 0x40, 0x80,
  0xe0, 0x00, 0x40, 0xa0, 0x00, 0x00, 0x40, 0xa0, 0x20, 0x00, 0x40, 0xa0,
  0x40, 0x00, 0x40, 0xa0, 0x60, 0x00, 0x40, 0xa0, 0x80, 0x00, 0x40, 0xa0,
  0xa0, 0x00, 0x40, 0xa0, 0xc0, 0x00, 0x40, 0xa0, 0xe0, 0x00, 0x40, 0xc0,
  0x00, 0x00, 0x40, 0xc0, 0x20, 0x00, 0x40, 0xc0, 0x40, 0x00, 0x40, 0xc0,
  0x60, 0x00, 0x40, 0xc0, 0x80, 0x00, 0x40, 0xc0, 0xa0, 0x00, 0x40, 0xc0,
  0xc0, 0x00, 0x40, 0xc0, 0xe0, 0x00, 0x40, 0xe0, 0x00, 0x00, 0x40, 0xe0,
  0x20, 0x00, 0x40, 0xe0, 0x40, 0x00, 0x40, 0xe0, 0x60, 0x00, 0x40, 0xe0,
  0x80, 0x00, 0x40, 0xe0, 0xa0, 0x00, 0x40, 0xe0, 0xc0, 0x00, 0x40, 0xe0,
  0xe0, 0x00, 0x80, 0x00, 0x00, 0x00, 0x80, 0x00, 0x20, 0x00, 0x80, 0x00,
  0x40, 0x00, 0x80, 0x00, 0x60, 0x00, 0x80, 0x00, 0x80, 0x00, 0x80, 0x00,
  0xa0, 0x00, 0x80, 0x00, 0xc0, 0x00, 0x80, 0x00, 0xe0, 0x00, 0x80, 0x20,
  0x00, 0x00, 0x80, 0x20, 0x20, 0x00, 0x80, 0x20, 0x40, 0x00, 0x80, 0x20,
  0x60, 0x00, 0x80, 0x20, 0x80, 0x00, 0x80, 0x20, 0xa0, 0x00, 0x80, 0x20,
  0xc0, 0x00, 0x80, 0x20, 0xe0, 0x00, 0x80, 0x40, 0x00, 0x00, 0x80, 0x40,
  0x20, 0x00, 0x80, 0x40, 0x40, 0x00, 0x80, 0x40, 0x60, 0x00, 0x80, 0x40,
  0x80, 0x00, 0x80, 0x40, 0xa0, 0x00, 0x80, 0x40, 0xc0, 0x00, 0x80, 0x40,
  0xe0, 0x00, 0x80, 0x60, 0x00, 0x00, 0x80, 0x60, 0x20, 0x00, 0x80, 0x60,
  0x40, 0x00, 0x80, 0x60, 0x60, 0x00, 0x80, 0x60, 0x80, 0x00, 0x80, 0x60,
  0xa0, 0x00, 0x80, 0x60, 0xc0, 0x00, 0x80, 0x60, 0xe0, 0x00, 0x80, 0x80,
  0x00, 0x00, 0x80, 0x80, 0x20, 0x00, 0x80, 0x80, 0x40, 0x00, 0x80, 0x80,
  0x60, 0x00, 0x80, 0x80, 0x80, 0x00, 0x80, 0x80, 0xa0, 0x00, 0x80, 0x80,
  0xc0, 0x00, 0x80, 0x80, 0xe0, 0x00, 0x80, 0xa0, 0x00, 0x00, 0x80, 0xa0,
  0x20, 0x00, 0x80, 0xa0, 0x40, 0x00, 0x80, 0xa0, 0x60, 0x00, 0x80, 0xa0,
  0x80, 0x00, 0x80, 0xa0, 0xa0, 0x00, 0x80, 0xa0, 0xc0, 0x00, 0x80, 0xa0,
  0xe0, 0x00, 0x80, 0xc0, 0x00, 0x00, 0x80, 0xc0, 0x20, 0x00, 0x80, 0xc0,
  0x40, 0x00, 0x80, 0xc0, 0x60, 0x00, 0x80, 0xc0, 0x80, 0x00, 0x80, 0xc0,
  0xa0, 0x00, 0x80, 0xc0, 0xc0, 0x00, 0x80, 0xc0, 0xe0, 0x00, 0x80, 0xe0,
  0x00, 0x00, 0x80, 0xe0, 0x20, 0x00, 0x80, 0xe0, 0x40, 0x00, 0x80, 0xe0,
  0x60, 0x00, 0x80, 0xe0, 0x80, 0x00, 0x80, 0xe0, 0xa0, 0x00, 0x80, 0xe0,
  0xc0, 0x00, 0x80, 0xe0, 0xe0, 0x00, 0xc0, 0x00, 0x00, 0x00, 0xc0, 0x00,
  0x20, 0x00, 0xc0, 0x00, 0x40, 0x00, 0xc0, 0x00, 0x60, 0x00, 0xc0, 0x00,
  0x80, 0x00, 0xc0, 0x00, 0xa0, 0x00, 0xc0, 0x00, 0xc0, 0x00, 0xc0, 0x00,
  0xe0, 0x00, 0xc0, 0x20, 0x00, 0x00, 0xc0, 0x20, 0x20, 0x00, 0xc0, 0x20,
  0x40, 0x00, 0xc0, 0x20, 0x60, 0x00, 0xc0, 0x20, 0x80, 0x00, 0xc0, 0x20,
  0xa0, 0x00, 0xc0, 0x20, 0xc0, 0x00, 0xc0, 0x20, 0xe0, 0x00, 0xc0, 0x40,
  0x00, 0x00, 0xc0, 0x40, 0x20, 0x00, 0xc0, 0x40, 0x40, 0x00, 0xc0, 0x40,
  0x60, 0x00, 0xc0, 0x40, 0x80, 0x00, 0xc0, 0x40, 0xa0, 0x00, 0xc0, 0x40,
  0xc0, 0x00, 0xc0, 0x40, 0xe0, 0x00, 0xc0, 0x60, 0x00, 0x00, 0xc0, 0x60,
  0x20, 0x00, 0xc0, 0x60, 0x40, 0x00, 0xc0, 0x60, 0x60, 0x00, 0xc0, 0x60,
  0x80, 0x00, 0xc0, 0x60, 0xa0, 0x00, 0xc0, 0x60, 0xc0, 0x00, 0xc0, 0x60,
  0xe0, 0x00, 0xc0, 0x80, 0x00, 0x00, 0xc0, 0x80, 0x20, 0x00, 0xc0, 0x80,
  0x40, 0x00, 0xc0, 0x80, 0x60, 0x00, 0xc0, 0x80, 0x80, 0x00, 0xc0, 0x80,
  0xa0, 0x00, 0xc0, 0x80, 0xc0, 0x00, 0xc0, 0x80, 0xe0, 0x00, 0xc0, 0xa0,
  0x00, 0x00, 0xc0, 0xa0, 0x20, 0x00, 0xc0, 0xa0, 0x40, 0x00, 0xc0, 0xa0,
  0x60, 0x00, 0xc0, 0xa0, 0x80, 0x00, 0xc0, 0xa0, 0xa0, 0x00, 0xc0, 0xa0,
  0xc0, 0x00, 0xc0, 0xa0, 0xe0, 0x00, 0xc0, 0xc0, 0x00, 0x00, 0xc0, 0xc0,
  0x20, 0x00, 0xc0, 0xc0, 0x40, 0x00, 0xc0, 0xc0, 0x60, 0x00, 0xc0, 0xc0,
  0x80, 0x00, 0xc0, 0xc0, 0xa0, 0x00, 0xf0, 0xfb, 0xff, 0x00, 0xa4, 0xa0,
  0xa0, 0x00, 0x80, 0x80, 0x80, 0x00, 0x00, 0x00, 0xff, 0x00, 0x00, 0xff,
  0x00, 0x00, 0x00, 0xff, 0xff, 0x00, 0xff, 0x00, 0x00, 0x00, 0xff, 0x00,
  0xff, 0x00, 0xff, 0xff, 0x00, 0x00, 0xff, 0xff, 0xff, 0x00, 0xb5, 0x00,
  0x00, 0x00, 0x00, 0x00, 0x00, 0x00, 0x00, 0x00, 0x00, 0x00, 0x00, 0x00,
  0x00, 0x00, 0x00, 0x00, 0x00, 0x49, 0x49, 0x49, 0x49, 0x49, 0x49, 0x49,
  0x49, 0x49, 0x49, 0x49, 0x49, 0x49, 0x49, 0x49, 0x49, 0x49, 0x49, 0x49,
  0x49, 0x49, 0x49, 0x49, 0x49, 0x49, 0x49, 0x49, 0x49, 0x49, 0x49, 0x00,
  0x00, 0x49, 0x49, 0x49, 0x49, 0x4a, 0x49, 0x49, 0x49, 0x52, 0x07, 0xf6,
  0xff, 0xff, 0x09, 0x00, 0xf7, 0x09, 0x09, 0xe4, 0xe3, 0xe2, 0x91, 0x91,
  0x89, 0xd1, 0xe2, 0xda, 0xe3, 0xe3, 0xf3, 0x49, 0x9b, 0x9b, 0x09, 0xe3,
  0xe3, 0x09, 0xe3, 0xe3, 0xed, 0xff, 0xf6, 0xf6, 0xa4, 0x41, 0x4a, 0x4a,
  0x4a, 0x4a, 0x49, 0x4a, 0x49, 0x49, 0x49, 0x49, 0x49, 0x4a, 0x49, 0x49,
  0x49, 0x4a, 0x49, 0x4a, 0x4a, 0x4a, 0x4a, 0x49, 0x4a, 0x4a, 0x49, 0x49,
  0x4a, 0x4a, 0x4a, 0x49, 0x49, 0x49, 0x49, 0x49, 0x49, 0x4b, 0x00, 0x00,
  0x49, 0x49, 0x49, 0x49, 0x49, 0x49, 0x49, 0x49, 0x49, 0x49, 0x49, 0x49,
  0x49, 0x49, 0x49, 0x49, 0x49, 0x49, 0x49, 0x49, 0x49, 0x49, 0x49, 0x49,
  0x49, 0x49, 0x49, 0x49, 0x49, 0x49, 0x49, 0x49, 0x49, 0x49, 0x49, 0x49,
  0x49, 0x49, 0x49, 0x49, 0x49, 0x49, 0x49, 0x49, 0x49, 0x49, 0x49, 0x49,
  0x49, 0x49, 0x49, 0x49, 0x00, 0x00, 0xb5, 0x00, 0x00, 0x00, 0x00, 0x00,
  0x00, 0x00, 0x00, 0x00, 0x00, 0x00, 0x00, 0x00, 0x00, 0x00, 0x00, 0x00,
  0x00, 0x49, 0x49, 0x49, 0x49, 0x49, 0x49, 0x49, 0x49, 0x49, 0x49, 0x49,
  0x49, 0x49, 0x49, 0x49, 0x49, 0x49, 0x49, 0x49, 0x49, 0x49, 0x49, 0x49,
  0x49, 0x49, 0x49, 0x49, 0x49, 0x49, 0x49, 0x00, 0x00, 0x49, 0x49, 0x49,
  0x49, 0x4a, 0x49, 0x49, 0x49, 0x52, 0x07, 0xf6, 0xff, 0xff, 0x09, 0x00,
  0xf7, 0x09, 0x09, 0xe4, 0xe3, 0xe2, 0x91, 0x91, 0x89, 0xd1, 0xe2, 0xda,
  0xe3, 0xe3, 0xf3, 0x49, 0x9b, 0x9b, 0x09, 0xe3, 0xe3, 0x09, 0xe3, 0xe3,
  0xed, 0xff, 0xf6, 0xf6, 0xa4, 0x41, 0x4a, 0x4a, 0x4a, 0x4a, 0x49, 0x4a,
  0x49, 0x49, 0x49, 0x49, 0x49, 0x4a, 0x49, 0x49, 0x49, 0x4a, 0x49, 0x4a,
  0x4a, 0x4a, 0x4a, 0x49, 0x4a, 0x4a, 0x49, 0x49, 0x4a, 0x4a, 0x4a, 0x49,
  0x49, 0x49, 0x49, 0x49, 0x49, 0x4b, 0x00, 0x00, 0x49, 0x49, 0x49, 0x49,
  0x49, 0x49, 0x49, 0x49, 0x49, 0x49, 0x49, 0x49, 0x49, 0x49, 0x49, 0x49,
  0x49, 0x49, 0x49, 0x49, 0x49, 0x49, 0x49, 0x49, 0x49, 0x49, 0x49, 0x49,
  0x49, 0x49, 0x49, 0x49, 0x49, 0x49, 0x49, 0x49, 0x49, 0x49, 0x49, 0x49,
  0x49, 0x49, 0x49, 0x49, 0x49, 0x49, 0x49, 0x49, 0x49, 0x49, 0x49, 0x49,
  0x00, 0x00, 0xf7, 0x00, 0x00, 0x00, 0x00, 0x00, 0x00, 0x00, 0x00, 0x00,
  0x00, 0x00, 0x00, 0x00, 0x00, 0x00, 0x00, 0x00, 0x00, 0x00, 0x00, 0x00,
  0x00, 0x00, 0x00, 0x00, 0x00, 0x00, 0x00, 0x00, 0x00, 0x00, 0x00, 0x00,
  0x00, 0x00, 0x00, 0x00, 0x00, 0x00, 0x00, 0x00, 0x00, 0x00, 0x00, 0x00,
  0x00, 0x00, 0x00, 0x00, 0x00, 0x00, 0x00, 0x00, 0x00, 0x49, 0x49, 0x49,
  0x00, 0x4a, 0x07, 0xf6, 0xf6, 0xff, 0xe3, 0x00, 0x89, 0x40, 0x40, 0xe2,
  0x09, 0xf4, 0xe3, 0xec, 0x91, 0x9a, 0x09, 0xec, 0xe3, 0xec, 0x09, 0x92,
  0x88, 0x88, 0x88, 0x88, 0xeb, 0xe2, 0xe3, 0xf5, 0xf5, 0xff, 0xf6, 0xff,
  0xe3, 0x00, 0x40, 0x49, 0x49, 0x49, 0x49, 0x49, 0x49, 0x49, 0x49, 0x49,
  0x49, 0x49, 0x49, 0x49, 0x49, 0x49, 0x49, 0x49, 0x49, 0x49, 0x49, 0x49,
  0x49, 0x49, 0x49, 0x49, 0x49, 0x49, 0x49, 0x49, 0x49, 0x49, 0x49, 0x49,
  0x49, 0x49, 0x00, 0x00, 0x00, 0x49, 0x49, 0x49, 0x49, 0x49, 0x49, 0x49,
  0x49, 0x49, 0x49, 0x49, 0x49, 0x49, 0x49, 0x49, 0x49, 0x49, 0x49, 0x49,
  0x49, 0x49, 0x49, 0x49, 0x49, 0x49, 0x49, 0x49, 0x49, 0x49, 0x49, 0x49,
  0x49, 0x49, 0x49, 0x49, 0x49, 0x49, 0x49, 0x49, 0x49, 0x49, 0x49, 0x49,
  0x49, 0x49, 0x49, 0x49, 0x49, 0x49, 0x49, 0x49, 0x00, 0x00, 0x9b, 0x00,
  0x00, 0x00, 0x00, 0x00, 0x00, 0x00, 0x00, 0x00, 0x00, 0x00, 0x00, 0x00,
  0x00, 0x00, 0x00, 0x00, 0x00, 0x00, 0x00, 0x00, 0x00, 0x00, 0x00, 0x00,
  0x00, 0x00, 0x00, 0x00, 0x00, 0x00, 0x00, 0x00, 0x00, 0x00, 0x00, 0x00,
  0x00, 0x00, 0x00, 0x00, 0x00, 0x00, 0x00, 0x00, 0x00, 0x00, 0x00, 0x00,
  0x00, 0x00, 0x00, 0x00, 0x00, 0x49, 0x49, 0x49, 0x00, 0x52, 0x08, 0xff,
  0xf6, 0xff, 0xf5, 0x89, 0x92, 0x48, 0x48, 0xda, 0xda, 0xdb, 0xe3, 0x09,
  0x92, 0x49, 0x92, 0x9a, 0xeb, 0xe3, 0xec, 0xda, 0x09, 0x09, 0x8a, 0x88,
  0xea, 0xf4, 0xeb, 0x99, 0xe4, 0xff, 0xf6, 0xff, 0x07, 0x40, 0x40, 0x49,
  0x49, 0x49, 0x49, 0x49, 0x49, 0x49, 0x49, 0x49, 0x49, 0x49, 0x49, 0x49,
  0x49, 0x49, 0x49, 0x49, 0x49, 0x49, 0x49, 0x49, 0x49, 0x49, 0x49, 0x49,
  0x49, 0x49, 0x49, 0x49, 0x49, 0x49, 0x49, 0x49, 0x49, 0x49, 0x49, 0x00,
  0x00, 0x49, 0x49, 0x49, 0x49, 0x49, 0x49, 0x49, 0x49, 0x49, 0x49, 0x49,
  0x49, 0x49, 0x49, 0x49, 0x49, 0x49, 0x49, 0x49, 0x49, 0x49, 0x49, 0x49,
  0x49, 0x49, 0x49, 0x49, 0x49, 0x49, 0x49, 0x49, 0x49, 0x49, 0x49, 0x49,
  0x49, 0x49, 0x49, 0x49, 0x49, 0x49, 0x49, 0x49, 0x49, 0x49, 0x49, 0x49,
  0x49, 0x49, 0x49, 0x49, 0x00, 0x00, 0xa4, 0x00, 0x00, 0x00, 0x00, 0x00,
  0x00, 0x00, 0x00, 0x00, 0x00, 0x00, 0x00, 0x00, 0x00, 0x00, 0x00, 0x00,
  0x00, 0x00, 0x00, 0x00, 0x00, 0x00, 0x00, 0x49, 0x00, 0x00, 0x00, 0x00,
  0x00, 0x00, 0x00, 0x00, 0x00, 0x00, 0x00, 0x00, 0x00, 0x00, 0x00, 0x00,
  0x00, 0x00, 0x00, 0x00, 0x00, 0x00, 0x00, 0x00, 0x00, 0x00, 0x00, 0x00,
  0x49, 0x49, 0x49, 0x49, 0x00, 0x52, 0x08, 0xf6, 0xf6, 0xff, 0x09, 0xd9,
  0xec, 0x88, 0x88, 0x9a, 0xe3, 0xe3, 0xe3, 0xe3, 0xd1, 0x91, 0x89, 0x92,
  0xec, 0xe3, 0xec, 0xf4, 0x09, 0x09, 0xd2, 0x04, 0xda, 0x9b, 0xec, 0xeb,
  0xe4, 0xff, 0xf6, 0xf6, 0x08, 0x52, 0x40, 0x49, 0x49, 0x49, 0x49, 0x49,
  0x49, 0x49, 0x49, 0x49, 0x49, 0x49, 0x49, 0x49, 0x49, 0x49, 0x49, 0x49,
  0x49, 0x49, 0x49, 0x49, 0x49, 0x49, 0x49, 0x49, 0x49, 0x49, 0x49, 0x49,
  0x49, 0x49, 0x49, 0x49, 0x49, 0x49, 0x49, 0x00, 0x00, 0x00, 0x49, 0x49,
  0x49, 0x49, 0x49, 0x49, 0x49, 0x49, 0x49, 0x49, 0x49, 0x49, 0x49, 0x49,
  0x49, 0x49, 0x49, 0x49, 0x49, 0x49, 0x49, 0x49, 0x49, 0x49, 0x49, 0x49,
  0x49, 0x49, 0x49, 0x49, 0x49, 0x49, 0x49, 0x49, 0x49, 0x49, 0x49, 0x49,
  0x49, 0x49, 0x49, 0x49, 0x49, 0x49, 0x49, 0x49, 0x49, 0x49, 0x49, 0x49,
  0x00, 0x00, 0x9b, 0x00, 0x00, 0x00, 0x00, 0x00, 0x00, 0x00, 0x00, 0x00,
  0x00, 0x00, 0x00, 0x00, 0x00, 0x00, 0x00, 0x00, 0x00, 0x00, 0x00, 0x00,
  0x00, 0x00, 0x00, 0x00, 0x00, 0x00, 0x00, 0x00, 0x00, 0x00, 0x00, 0x00,
  0x00, 0x00, 0x00, 0x00, 0x00, 0x00, 0x00, 0x00, 0x00, 0x00, 0x00, 0x00,
  0x00, 0x00, 0x00, 0x00, 0x00, 0x00, 0x00, 0x00, 0x49, 0x49, 0x49, 0x49,
  0x00, 0x52, 0x08, 0xf6, 0xf6, 0xff, 0xff, 0xc8, 0xf4, 0x91, 0x91, 0x49,
  0x91, 0xe3, 0xe3, 0xeb, 0xe2, 0xe4, 0x89, 0x9a, 0xe3, 0xda, 0xe3, 0xf5,
  0xed, 0xed, 0xd1, 0xd1, 0xd1, 0x00, 0xe3, 0xe3, 0xe4, 0xff, 0xf6, 0xf6,
  0xf6, 0x5b, 0x00, 0x49, 0x49, 0x49, 0x49, 0x49, 0x49, 0x49, 0x49, 0x49,
  0x49, 0x49, 0x49, 0x49, 0x49, 0x49, 0x49, 0x49, 0x49, 0x49, 0x49, 0x49,
  0x49, 0x49, 0x49, 0x49, 0x49, 0x49, 0x49, 0x49, 0x49, 0x49, 0x49, 0x49,
  0x49, 0x49, 0x49, 0x49, 0x00, 0x00, 0x49, 0x49, 0x49, 0x49, 0x49, 0x49,
  0x49, 0x49, 0x49, 0x49, 0x49, 0x49, 0x49, 0x49, 0x49, 0x49, 0x49, 0x49,
  0x49, 0x49, 0x49, 0x49, 0x49, 0x49, 0x49, 0x49, 0x49, 0x49, 0x49, 0x49,
  0x49, 0x49, 0x49, 0x49, 0x49, 0x49, 0x49, 0x49, 0x49, 0x49, 0x49, 0x49,
  0x49, 0x49, 0x49, 0x49, 0x49, 0x49, 0x49, 0x49, 0x00, 0x00, 0x9b, 0x00,
  0x00, 0x00, 0x00, 0x00, 0x00, 0x00, 0x00, 0x00, 0x00, 0x00, 0x00, 0x00,
  0x00, 0x00, 0x00, 0x00, 0x00, 0x00, 0x00, 0x00, 0x00, 0x00, 0x00, 0x00,
  0x49, 0x49, 0x00, 0x00, 0x00, 0x00, 0x00, 0x00, 0x00, 0x00, 0x00, 0x00,
  0x00, 0x00, 0x00, 0x00, 0x00, 0x00, 0x00, 0x00, 0x00, 0x00, 0x00, 0x00,
  0x00, 0x00, 0x00, 0x00, 0x49, 0x49, 0x49, 0x49, 0x00, 0x52, 0x08, 0xff,
  0xf6, 0xff, 0xff, 0x04, 0xf4, 0xe3, 0xe3, 0xa3, 0x89, 0xdb, 0xe3, 0xeb,
  0xeb, 0xec, 0x91, 0x91, 0x51, 0x91, 0xec, 0xec, 0xec, 0xec, 0xda, 0x09,
  0xe2, 0x40, 0xe3, 0xe3, 0xdb, 0xff, 0xf6, 0xf6, 0xff, 0xa4, 0x40, 0x49,
  0x49, 0x49, 0x49, 0x49, 0x49, 0x49, 0x49, 0x49, 0x49, 0x49, 0x49, 0x49,
  0x49, 0x49, 0x49, 0x49, 0x49, 0x49, 0x49, 0x49, 0x49, 0x49, 0x49, 0x49,
  0x49, 0x49, 0x49, 0x49, 0x49, 0x49, 0x49, 0x49, 0x49, 0x49, 0x49, 0x49,
  0x00, 0x00, 0x49, 0x49, 0x49, 0x49, 0x49, 0x49, 0x49, 0x49, 0x49, 0x49,
  0x49, 0x49, 0x49, 0x49, 0x49, 0x49, 0x49, 0x49, 0x49, 0x49, 0x49, 0x49,
  0x49, 0x49, 0x49, 0x49, 0x49, 0x49, 0x49, 0x49, 0x49, 0x49, 0x49, 0x49,
  0x49, 0x49, 0x49, 0x49, 0x49, 0x49, 0x49, 0x49, 0x49, 0x49, 0x49, 0x49,
  0x49, 0x49, 0x49, 0x49, 0x00, 0x00, 0x5b, 0x00, 0x00, 0x00, 0x00, 0x00,
  0x00, 0x00, 0x00, 0x00, 0x00, 0x00, 0x00, 0x00, 0x00, 0x00, 0x00, 0x00,
  0x00, 0x00, 0x00, 0x00, 0x00, 0x00, 0x49, 0x00, 0x49, 0x00, 0x00, 0x00,
  0x00, 0x00, 0x00, 0x00, 0x00, 0x00, 0x00, 0x00, 0x00, 0x00, 0x00, 0x00,
  0x00, 0x00, 0x00, 0x00, 0x00, 0x00, 0x00, 0x00, 0x00, 0x00, 0x00, 0x00,
  0x49, 0x49, 0x49, 0x49, 0x00, 0x52, 0x08, 0xf6, 0xf6, 0xff, 0xff, 0x40,
  0x09, 0xe2, 0xe2, 0xa2, 0x88, 0x88, 0xda, 0xe3, 0xeb, 0xec, 0xe3, 0xe3,
  0x89, 0x91, 0xe4, 0xf3, 0x09, 0x09, 0xda, 0x09, 0xe2, 0x91, 0xd2, 0x48,
  0x9b, 0xff, 0xf6, 0xf6, 0xff, 0xed, 0x49, 0x49, 0x49, 0x49, 0x49, 0x49,
  0x49, 0x49, 0x49, 0x49, 0x49, 0x49, 0x49, 0x49, 0x49, 0x49, 0x49, 0x49,
  0x49, 0x49, 0x49, 0x49, 0x49, 0x49, 0x49, 0x49, 0x49, 0x49, 0x49, 0x49,
  0x49, 0x49, 0x49, 0x49, 0x49, 0x49, 0x49, 0x49, 0x49, 0x00, 0x49, 0x49,
  0x49, 0x49, 0x49, 0x49, 0x49, 0x49, 0x49, 0x49, 0x49, 0x49, 0x49, 0x49,
  0x49, 0x49, 0x49, 0x49, 0x49, 0x49, 0x49, 0x49, 0x49, 0x49, 0x49, 0x49,
  0x49, 0x49, 0x49, 0x49, 0x49, 0x49, 0x49, 0x49, 0x49, 0x49, 0x49, 0x49,
  0x49, 0x49, 0x49, 0x49, 0x49, 0x49, 0x49, 0x49, 0x49, 0x49, 0x49, 0x49,
  0x00, 0x00, 0x52, 0x00, 0x00, 0x00, 0x00, 0x00, 0x00, 0x00, 0x00, 0x00,
  0x00, 0x00, 0x00, 0x00, 0x00, 0x00, 0x00, 0x00, 0x00, 0x00, 0x00, 0x49,
  0x49, 0x49, 0x00, 0x00, 0x00, 0x00, 0x00, 0x00, 0x49, 0x00, 0x00, 0x00,
  0x00, 0x00, 0x00, 0x00, 0x49, 0x00, 0x00, 0x00, 0x00, 0x00, 0x00, 0x00,
  0x00, 0x00, 0x00, 0x00, 0x00, 0x00, 0x00, 0x00, 0x49, 0x49, 0x49, 0x49,
  0x00, 0x5a, 0x08, 0xf6, 0xf6, 0xff, 0xff, 0x89, 0xe3, 0xe3, 0xe3, 0xeb,
  0x92, 0x88, 0xda, 0xec, 0xda, 0xeb, 0xe3, 0xe3, 0x91, 0x91, 0x89, 0xa1,
  0xeb, 0xeb, 0xe3, 0x09, 0xe3, 0xe3, 0xeb, 0x40, 0xa3, 0xff, 0xf6, 0xf6,
  0xff, 0x07, 0x49, 0x40, 0x49, 0x49, 0x49, 0x49, 0x49, 0x49, 0x49, 0x49,
  0x49, 0x49, 0x49, 0x49, 0x49, 0x49, 0x49, 0x49, 0x49, 0x49, 0x49, 0x49,
  0x49, 0x49, 0x49, 0x49, 0x49, 0x49, 0x49, 0x49, 0x49, 0x49, 0x49, 0x49,
  0x49, 0x49, 0x49, 0x49, 0x49, 0x00, 0x00, 0x49, 0x49, 0x49, 0x49, 0x49,
  0x49, 0x49, 0x49, 0x49, 0x49, 0x49, 0x49, 0x49, 0x49, 0x49, 0x49, 0x49,
  0x49, 0x49, 0x49, 0x49, 0x49, 0x49, 0x49, 0x49, 0x49, 0x49, 0x49, 0x49,
  0x49, 0x49, 0x49, 0x49, 0x49, 0x49, 0x49, 0x49, 0x49, 0x49, 0x49, 0x49,
  0x49, 0x49, 0x49, 0x49, 0x49, 0x49, 0x49, 0x49, 0x00, 0x00, 0x5b, 0x00,
  0x00, 0x00, 0x00, 0x00, 0x00, 0x00, 0x00, 0x00, 0x00, 0x00, 0x00, 0x00,
  0x00, 0x00, 0x00, 0x00, 0x00, 0x00, 0x00, 0x00, 0x00, 0x00, 0x00, 0x00,
  0x00, 0x49, 0x00, 0x00, 0x00, 0x00, 0x00, 0x00, 0x00, 0x00, 0x00, 0x00,
  0x00, 0x00, 0x00, 0x00, 0x00, 0x00, 0x40, 0x00, 0x00, 0x00, 0x00, 0x00,
  0x00, 0x00, 0x00, 0x00, 0x49, 0x49, 0x49, 0x00, 0x00, 0x9a, 0x09, 0xf6,
  0xf6, 0xf6, 0xff, 0xe4, 0xd1, 0xe2, 0xe2, 0xe3, 0xe3, 0x49, 0x91, 0x9a,
  0x9a, 0xec, 0xe3, 0xeb, 0x99, 0xda, 0x88, 0x9a, 0xec, 0xec, 0xd1, 0xe3,
  0xe3, 0xec, 0xec, 0x40, 0x92, 0xff, 0xf6, 0xf6, 0xff, 0x08, 0x52, 0x00,
  0x49, 0x49, 0x49, 0x49, 0x49, 0x49, 0x49, 0x49, 0x49, 0x49, 0x49, 0x49,
  0x49, 0x49, 0x49, 0x49, 0x49, 0x49, 0x49, 0x49, 0x49, 0x49, 0x49, 0x49,
  0x49, 0x49, 0x49, 0x49, 0x49, 0x49, 0x49, 0x49, 0x49, 0x49, 0x49, 0x49,
  0x49, 0x49, 0x00, 0x49, 0x49, 0x49, 0x49, 0x49, 0x49, 0x49, 0x49, 0x49,
  0x49, 0x49, 0x49, 0x49, 0x49, 0x49, 0x49, 0x49, 0x49, 0x49, 0x49, 0x49,
  0x49, 0x49, 0x49, 0x49, 0x49, 0x49, 0x49, 0x49, 0x49, 0x49, 0x49, 0x49,
  0x49, 0x49, 0x49, 0x49, 0x49, 0x49, 0x49, 0x49, 0x49, 0x49, 0x49, 0x49,
  0x49, 0x49, 0x49, 0x49, 0x00, 0x00, 0xa4, 0x00, 0x00, 0x00, 0x00, 0x00,
  0x00, 0x00, 0x00, 0x00, 0x00, 0x00, 0x00, 0x00, 0x00, 0x00, 0x00, 0x00,
  0x00, 0x00, 0x00, 0x00, 0x00, 0x49, 0x49, 0x49, 0x00, 0x00, 0x00, 0x00,
  0x00, 0x00, 0x00, 0x00, 0x00, 0x00, 0x00, 0x00, 0x00, 0x00, 0x00, 0x00,
  0x00, 0x00, 0x49, 0x00, 0x00, 0x00, 0x00, 0x00, 0x00, 0x00, 0x00, 0x00,
  0x49, 0x49, 0x49, 0x49, 0x00, 0x9a, 0x08, 0xf6, 0xf6, 0xf6, 0xff, 0xff,
  0x40, 0xdb, 0xdb, 0xe3, 0xe3, 0x9a, 0x91, 0x40, 0xe2, 0xe3, 0xe3, 0xec,
  0xec, 0xec, 0x91, 0xda, 0xec, 0xec, 0xd1, 0xec, 0xe3, 0xec, 0xec, 0x88,
  0x9a, 0xff, 0xf6, 0xf6, 0xff, 0xf6, 0x9b, 0x40, 0x49, 0x49, 0x49, 0x49,
  0x49, 0x49, 0x49, 0x49, 0x49, 0x49, 0x49, 0x49, 0x49, 0x49, 0x49, 0x49,
  0x49, 0x49, 0x49, 0x49, 0x49, 0x49, 0x49, 0x49, 0x49, 0x49, 0x49, 0x49,
  0x49, 0x49, 0x49, 0x49, 0x49, 0x49, 0x49, 0x49, 0x49, 0x49, 0x00, 0x49,
  0x49, 0x49, 0x49, 0x49, 0x49, 0x49, 0x49, 0x49, 0x49, 0x49, 0x49, 0x49,
  0x49, 0x49, 0x49, 0x49, 0x49, 0x49, 0x49, 0x49, 0x49, 0x49, 0x49, 0x49,
  0x49, 0x49, 0x49, 0x49, 0x49, 0x49, 0x49, 0x49, 0x49, 0x49, 0x49, 0x49,
  0x49, 0x49, 0x49, 0x49, 0x49, 0x49, 0x49, 0x49, 0x49, 0x49, 0x49, 0x49,
  0x00, 0x00, 0xa4, 0x00, 0x00, 0x00, 0x00, 0x00, 0x00, 0x00, 0x00, 0x00,
  0x00, 0x00, 0x00, 0x00, 0x00, 0x00, 0x00, 0x00, 0x00, 0x00, 0x00, 0x49,
  0x49, 0x00, 0x00, 0x49, 0x00, 0x49, 0x00, 0x00, 0x00, 0x00, 0x00, 0x00,
  0x00, 0x00, 0x00, 0x00, 0x00, 0x00, 0x00, 0x00, 0x00, 0x00, 0x00, 0x00,
  0x00, 0x00, 0x00, 0x00, 0x00, 0x00, 0x00, 0x00, 0x49, 0x49, 0x49, 0x49,
  0x00, 0x93, 0x08, 0xff, 0xf6, 0xf6, 0xf6, 0xff, 0x00, 0x91, 0x91, 0xeb,
  0xe3, 0xe3, 0xe3, 0x88, 0xda, 0xe3, 0xe3, 0xeb, 0xf4, 0xf4, 0x9a, 0x92,
  0x40, 0x40, 0xda, 0xec, 0xe3, 0xec, 0xeb, 0xe3, 0xe3, 0xf6, 0xf6, 0xf6,
  0xf6, 0xf6, 0xa4, 0x40, 0x49, 0x49, 0x49, 0x49, 0x49, 0x49, 0x49, 0x49,
  0x49, 0x49, 0x49, 0x49, 0x49, 0x49, 0x49, 0x49, 0x49, 0x49, 0x49, 0x49,
  0x49, 0x49, 0x49, 0x49, 0x49, 0x49, 0x49, 0x49, 0x49, 0x49, 0x49, 0x49,
  0x49, 0x49, 0x49, 0x49, 0x49, 0x49, 0x00, 0x00, 0x49, 0x49, 0x49, 0x49,
  0x49, 0x49, 0x49, 0x49, 0x49, 0x49, 0x49, 0x49, 0x49, 0x49, 0x49, 0x49,
  0x49, 0x49, 0x49, 0x49, 0x49, 0x49, 0x49, 0x49, 0x49, 0x49, 0x49, 0x49,
  0x49, 0x49, 0x49, 0x49, 0x49, 0x49, 0x49, 0x49, 0x49, 0x49, 0x49, 0x49,
  0x49, 0x49, 0x49, 0x49, 0x49, 0x49, 0x49, 0x49, 0x00, 0x00, 0xa4, 0x00,
  0x00, 0x00, 0x00, 0x00, 0x00, 0x00, 0x00, 0x00, 0x00, 0x00, 0x00, 0x00,
  0x00, 0x00, 0x00, 0x00, 0x00, 0x00, 0x00, 0x00, 0x00, 0x49, 0x00, 0x00,
  0x00, 0x49, 0x00, 0x00, 0x00, 0x00, 0x00, 0x00, 0x00, 0x00, 0x00, 0x00,
  0x00, 0x00, 0x00, 0x00, 0x00, 0x00, 0x00, 0x00, 0x00, 0x00, 0x00, 0x00,
  0x00, 0x00, 0x00, 0x00, 0x49, 0x49, 0x49, 0x49, 0x00, 0x92, 0x08, 0xf6,
  0xf6, 0xff, 0xf6, 0xff, 0x89, 0x48, 0x48, 0xe3, 0xe2, 0xec, 0xe3, 0x89,
  0x92, 0x91, 0xe3, 0xeb, 0xec, 0xeb, 0xe3, 0xdb, 0x40, 0x40, 0xd9, 0xe3,
  0xe2, 0xec, 0xe2, 0xf4, 0xec, 0xf6, 0xf6, 0xf6, 0xf6, 0xf6, 0xf7, 0x49,
  0x49, 0x49, 0x49, 0x49, 0x49, 0x49, 0x49, 0x49, 0x49, 0x49, 0x49, 0x49,
  0x49, 0x49, 0x49, 0x49, 0x49, 0x49, 0x49, 0x49, 0x49, 0x49, 0x49, 0x49,
  0x49, 0x49, 0x49, 0x49, 0x49, 0x49, 0x49, 0x49, 0x49, 0x49, 0x49, 0x49,
  0x49, 0x49, 0x00, 0x00, 0x00, 0x49, 0x49, 0x49, 0x49, 0x49, 0x49, 0x49,
  0x49, 0x49, 0x49, 0x49, 0x49, 0x49, 0x49, 0x49, 0x49, 0x49, 0x49, 0x49,
  0x49, 0x49, 0x49, 0x49, 0x49, 0x49, 0x49, 0x49, 0x49, 0x49, 0x49, 0x49,
  0x49, 0x49, 0x49, 0x49, 0x49, 0x49, 0x49, 0x49, 0x49, 0x49, 0x49, 0x49,
  0x49, 0x49, 0x49, 0x49, 0x00, 0x00, 0xad, 0x00, 0x00, 0x00, 0x00, 0x00,
  0x00, 0x00, 0x00, 0x00, 0x00, 0x00, 0x00, 0x00, 0x00, 0x00, 0x00, 0x00,
  0x00, 0x00, 0x00, 0x00, 0x00, 0x49, 0x49, 0x00, 0x00, 0x00, 0x00, 0x00,
  0x00, 0x00, 0x00, 0x00, 0x00, 0x00, 0x00, 0x00, 0x00, 0x00, 0x00, 0x00,
  0x00, 0x00, 0x00, 0x00, 0x00, 0x00, 0x00, 0x00, 0x00, 0x00, 0x00, 0x00,
  0x49, 0x49, 0x49, 0x49, 0x00, 0x92, 0x08, 0xf6, 0xf6, 0xff, 0xf6, 0xff,
  0xe3, 0x40, 0x40, 0x92, 0x9a, 0xeb, 0xe3, 0xe3, 0x9a, 0x89, 0xe3, 0xe3,
  0xe3, 0xe4, 0xec, 0xec, 0x40, 0x40, 0x99, 0x89, 0x99, 0xec, 0xe3, 0xec,
  0xec, 0xf6, 0xf6, 0xf6, 0xf6, 0xff, 0x07, 0x4a, 0x40, 0x40, 0x49, 0x49,
  0x49, 0x49, 0x49, 0x49, 0x49, 0x49, 0x49, 0x49, 0x49, 0x49, 0x49, 0x49,
  0x49, 0x49, 0x49, 0x49, 0x49, 0x49, 0x49, 0x49, 0x49, 0x49, 0x00, 0x49,
  0x49, 0x49, 0x4a, 0x4a, 0x49, 0x49, 0x49, 0x49, 0x49, 0x49, 0x49, 0x00,
  0x00, 0x49, 0x49, 0x49, 0x49, 0x49, 0x49, 0x49, 0x49, 0x49, 0x49, 0x49,
  0x49, 0x49, 0x49, 0x49, 0x49, 0x49, 0x49, 0x49, 0x49, 0x49, 0x49, 0x49,
  0x49, 0x49, 0x49, 0x49, 0x49, 0x49, 0x49, 0x49, 0x49, 0x49, 0x49, 0x49,
  0x49, 0x49, 0x49, 0x49, 0x49, 0x49, 0x49, 0x49, 0x49, 0x49, 0x49, 0x49,
  0x00, 0x00, 0xf7, 0x00, 0x00, 0x00, 0x00, 0x00, 0x00, 0x00, 0x00, 0x00,
  0x00, 0x00, 0x00, 0x00, 0x00, 0x00, 0x00, 0x00, 0x00, 0x00, 0x00, 0x49,
  0x49, 0x49, 0x00, 0x00, 0x49, 0x00, 0x00, 0x00, 0x00, 0x00, 0x00, 0x00,
  0x00, 0x00, 0x00, 0x00, 0x00, 0x00, 0x00, 0x00, 0x00, 0x00, 0x00, 0x00,
  0x00, 0x00, 0x00, 0x00, 0x00, 0x00, 0x00, 0x00, 0x00, 0x49, 0x49, 0x49,
  0x40, 0x9b, 0x08, 0xff, 0xf6, 0xf6, 0xf6, 0xf6, 0x09, 0x91, 0x91, 0x92,
  0x9a, 0xe4, 0xe3, 0xec, 0xda, 0x04, 0x91, 0x9a, 0xe3, 0xe3, 0xec, 0xe2,
  0xd2, 0xd2, 0xe3, 0x89, 0x91, 0xf5, 0xe3, 0xeb, 0xe3, 0xf6, 0xf6, 0xf6,
  0xf6, 0xff, 0xf6, 0x93, 0x40, 0x40, 0x49, 0x49, 0x49, 0x49, 0x49, 0x49,
  0x49, 0x49, 0x49, 0x49, 0x49, 0x49, 0x49, 0x49, 0x49, 0x49, 0x49, 0x49,
  0x49, 0x49, 0x49, 0x49, 0x49, 0x53, 0x5c, 0xf7, 0x9c, 0x41, 0x49, 0x49,
  0x49, 0x49, 0x49, 0x49, 0x49, 0x49, 0x49, 0x00, 0x00, 0x00, 0x49, 0x49,
  0x49, 0x49, 0x49, 0x49, 0x49, 0x49, 0x49, 0x49, 0x49, 0x49, 0x49, 0x49,
  0x49, 0x49, 0x49, 0x49, 0x49, 0x49, 0x49, 0x49, 0x49, 0x49, 0x49, 0x49,
  0x49, 0x49, 0x49, 0x49, 0x49, 0x49, 0x49, 0x49, 0x49, 0x49, 0x49, 0x49,
  0x49, 0x49, 0x49, 0x49, 0x49, 0x49, 0x49, 0x49, 0x00, 0x00, 0xb4, 0x00,
  0x00, 0x00, 0x00, 0x00, 0x00, 0x00, 0x00, 0x00, 0x00, 0x00, 0x00, 0x00,
  0x00, 0x00, 0x00, 0x00, 0x00, 0x00, 0x00, 0x00, 0x00, 0x49, 0x00, 0x00,
  0x49, 0x00, 0x00, 0x00, 0x00, 0x00, 0x00, 0x00, 0x00, 0x00, 0x00, 0x00,
  0x00, 0x00, 0x00, 0x00, 0x00, 0x00, 0x00, 0x00, 0x00, 0x00, 0x00, 0x00,
  0x00, 0x00, 0x00, 0x00, 0x00, 0x49, 0x49, 0x49, 0x40, 0x9b, 0x08, 0xff,
  0xff, 0xf6, 0xff, 0xf6, 0xf6, 0xd9, 0xd9, 0x91, 0x49, 0x9a, 0xe3, 0x09,
  0xeb, 0xda, 0xd2, 0x91, 0xe3, 0xeb, 0xe3, 0x99, 0xeb, 0xeb, 0xe3, 0x89,
  0x89, 0xe3, 0xda, 0xeb, 0xe4, 0xf6, 0xf6, 0xf6, 0xf6, 0xf6, 0xf6, 0x9b,
  0x49, 0x49, 0x49, 0x49, 0x49, 0x49, 0x49, 0x49, 0x49, 0x49, 0x49, 0x49,
  0x49, 0x49, 0x49, 0x49, 0x49, 0x49, 0x49, 0x49, 0x49, 0x49, 0x48, 0x00,
  0x53, 0xb7, 0x07, 0xf6, 0xa4, 0x41, 0x49, 0x49, 0x40, 0x00, 0x49, 0x49,
  0x49, 0x49, 0x49, 0x49, 0x00, 0x00, 0x49, 0x49, 0x49, 0x49, 0x49, 0x49,
  0x49, 0x49, 0x49, 0x49, 0x49, 0x49, 0x49, 0x49, 0x49, 0x49, 0x49, 0x49,
  0x49, 0x49, 0x49, 0x49, 0x49, 0x49, 0x49, 0x49, 0x49, 0x49, 0x49, 0x49,
  0x49, 0x49, 0x49, 0x49, 0x49, 0x49, 0x49, 0x49, 0x49, 0x49, 0x49, 0x49,
  0x49, 0x49, 0x49, 0x49, 0x00, 0x00, 0x07, 0x00, 0x00, 0x00, 0x00, 0x00,
  0x00, 0x00, 0x00, 0x00, 0x00, 0x00, 0x00, 0x00, 0x00, 0x00, 0x00, 0x00,
  0x00, 0x00, 0x00, 0x00, 0x00, 0x00, 0x49, 0x00, 0x00, 0x49, 0x00, 0x00,
  0x00, 0x00, 0x00, 0x00, 0x00, 0x00, 0x00, 0x00, 0x00, 0x00, 0x00, 0x00,
  0x00, 0x00, 0x00, 0x49, 0x00, 0x00, 0x00, 0x00, 0x00, 0x00, 0x00, 0x00,
  0x00, 0x49, 0x49, 0x49, 0x00, 0x92, 0x08, 0xf6, 0xff, 0xf6, 0xf6, 0xf6,
  0xf6, 0xe4, 0xe4, 0x9a, 0x40, 0x92, 0xe3, 0xe3, 0xe3, 0xec, 0xe3, 0x91,
  0x9a, 0xda, 0xe4, 0xe3, 0xec, 0xec, 0xeb, 0xd1, 0x93, 0x91, 0xda, 0xec,
  0xe4, 0xff, 0xf6, 0xf6, 0xf6, 0xf6, 0xff, 0xf7, 0x49, 0x49, 0x49, 0x49,
  0x49, 0x49, 0x49, 0x49, 0x49, 0x49, 0x49, 0x49, 0x49, 0x49, 0x49, 0x49,
  0x49, 0x49, 0x49, 0x49, 0x49, 0x00, 0x00, 0x54, 0xb7, 0xf6, 0x08, 0x08,
  0x9b, 0x00, 0x00, 0x00, 0x49, 0x00, 0x49, 0x49, 0x49, 0x49, 0x49, 0x49,
  0x00, 0x00, 0x00, 0x49, 0x49, 0x49, 0x49, 0x49, 0x49, 0x49, 0x49, 0x49,
  0x49, 0x49, 0x49, 0x49, 0x49, 0x49, 0x49, 0x49, 0x49, 0x49, 0x49, 0x49,
  0x49, 0x49, 0x49, 0x49, 0x49, 0x49, 0x49, 0x49, 0x49, 0x49, 0x49, 0x49,
  0x49, 0x49, 0x49, 0x49, 0x49, 0x49, 0x49, 0x49, 0x49, 0x49, 0x49, 0x49,
  0x00, 0x00, 0x08, 0x00, 0x00, 0x00, 0x00, 0x00, 0x00, 0x00, 0x00, 0x00,
  0x00, 0x00, 0x00, 0x00, 0x00, 0x00, 0x00, 0x00, 0x00, 0x00, 0x00, 0x49,
  0x49, 0x00, 0x49, 0x49, 0x00, 0x00, 0x00, 0x49, 0x49, 0x00, 0x00, 0x00,
  0x00, 0x00, 0x00, 0x00, 0x00, 0x00, 0x00, 0x00, 0x00, 0x00, 0x00, 0x00,
  0x00, 0x00, 0x00, 0x00, 0x00, 0x00, 0x00, 0x00, 0x00, 0x49, 0x49, 0x49,
  0x00, 0x93, 0x08, 0xff, 0xff, 0xf6, 0xf6, 0xf6, 0xf6, 0xa2, 0xa2, 0x9a,
  0x92, 0x92, 0xe3, 0xec, 0xe3, 0xeb, 0xe2, 0x89, 0x49, 0x91, 0xda, 0xd9,
  0xec, 0xec, 0xe2, 0xeb, 0x09, 0x9a, 0x89, 0x09, 0xec, 0xf6, 0xf6, 0xf6,
  0xf6, 0xf6, 0xff, 0x07, 0x49, 0x49, 0x40, 0x49, 0x49, 0x49, 0x49, 0x49,
  0x49, 0x49, 0x49, 0x49, 0x49, 0x49, 0x49, 0x49, 0x49, 0x49, 0x49, 0x49,
  0x9b, 0xad, 0xae, 0x07, 0xf6, 0x08, 0xf6, 0xff, 0x9c, 0x00, 0x00, 0x00,
  0x00, 0x00, 0x49, 0x49, 0x49, 0x49, 0x49, 0x49, 0x49, 0x00, 0x00, 0x40,
  0x49, 0x49, 0x49, 0x49, 0x49, 0x49, 0x49, 0x49, 0x49, 0x49, 0x49, 0x49,
  0x49, 0x49, 0x49, 0x49, 0x49, 0x49, 0x49, 0x49, 0x49, 0x49, 0x49, 0x49,
  0x49, 0x49, 0x49, 0x49, 0x49, 0x49, 0x49, 0x49, 0x49, 0x49, 0x49, 0x49,
  0x49, 0x49, 0x49, 0x49, 0x49, 0x49, 0x49, 0x49, 0x00, 0x00, 0xf6, 0x40,
  0x00, 0x00, 0x00, 0x00, 0x00, 0x00, 0x00, 0x00, 0x00, 0x00, 0x00, 0x00,
  0x00, 0x00, 0x00, 0x00, 0x00, 0x00, 0x00, 0x00, 0x00, 0x00, 0x00, 0x49,
  0x49, 0x49, 0x00, 0x00, 0x49, 0x49, 0x00, 0x00, 0x00, 0x00, 0x00, 0x00,
  0x00, 0x00, 0x00, 0x00, 0x00, 0x00, 0x00, 0x00, 0x00, 0x00, 0x00, 0x00,
  0x00, 0x00, 0x00, 0x00, 0x00, 0x49, 0x49, 0x49, 0x00, 0x9a, 0x09, 0xf6,
  0xf6, 0xf6, 0xf6, 0xf6, 0xf6, 0x07, 0x07, 0xda, 0x9a, 0x40, 0x89, 0xda,
  0xeb, 0xec, 0xe4, 0xeb, 0xa2, 0x51, 0xec, 0xd9, 0xea, 0xea, 0xda, 0xe2,
  0xe2, 0x88, 0x49, 0x89, 0xa4, 0xff, 0xf6, 0xf6, 0xf6, 0xf6, 0xff, 0x07,
  0x52, 0x52, 0x49, 0x49, 0x49, 0x49, 0x49, 0x49, 0x49, 0x49, 0x49, 0x49,
  0x49, 0x49, 0x49, 0x49, 0x49, 0x49, 0x49, 0x40, 0x5a, 0x08, 0xf6, 0xf6,
  0x08, 0x08, 0x08, 0xf6, 0xac, 0x00, 0x00, 0x00, 0x00, 0x49, 0x49, 0x49,
  0x49, 0x49, 0x49, 0x49, 0x49, 0x00, 0x00, 0x49, 0x49, 0x49, 0x49, 0x49,
  0x49, 0x49, 0x49, 0x49, 0x49, 0x49, 0x49, 0x49, 0x49, 0x49, 0x49, 0x49,
  0x49, 0x49, 0x49, 0x49, 0x49, 0x49, 0x49, 0x49, 0x49, 0x49, 0x49, 0x49,
  0x49, 0x49, 0x49, 0x49, 0x49, 0x49, 0x49, 0x49, 0x49, 0x49, 0x49, 0x49,
  0x49, 0x49, 0x49, 0x49, 0x00, 0x00, 0xff, 0x5a, 0x00, 0x00, 0x00, 0x00,
  0x00, 0x00, 0x00, 0x00, 0x00, 0x00, 0x00, 0x00, 0x00, 0x00, 0x00, 0x00,
  0x00, 0x00, 0x00, 0x49, 0x49, 0x00, 0x49, 0x49, 0x49, 0x49, 0x00, 0x00,
  0x00, 0x49, 0x00, 0x00, 0x00, 0x00, 0x00, 0x00, 0x00, 0x00, 0x00, 0x00,
  0x00, 0x00, 0x00, 0x00, 0x00, 0x00, 0x00, 0x00, 0x00, 0x00, 0x00, 0x00,
  0x00, 0x49, 0x49, 0x49, 0x00, 0x9a, 0x09, 0xff, 0xf6, 0xf6, 0xf6, 0xf6,
  0xf6, 0x07, 0x07, 0xdb, 0xe4, 0xe2, 0x91, 0xe4, 0xe3, 0xda, 0xe3, 0x09,
  0xe3, 0x49, 0x8a, 0xda, 0xdb, 0xdb, 0xe2, 0xec, 0xf4, 0xdb, 0xe3, 0x88,
  0xa4, 0xff, 0xf6, 0xf6, 0xf6, 0xf6, 0xf6, 0xf6, 0x9b, 0x9b, 0x41, 0x49,
  0x49, 0x49, 0x49, 0x49, 0x49, 0x49, 0x49, 0x49, 0x49, 0x49, 0x49, 0x49,
  0x49, 0x49, 0x49, 0x49, 0x52, 0x07, 0xff, 0xf6, 0x07, 0xf6, 0xf6, 0xff,
  0xf6, 0x52, 0x49, 0x49, 0x00, 0x49, 0x49, 0x49, 0x49, 0x49, 0x49, 0x49,
  0x49, 0x49, 0x00, 0x00, 0x49, 0x49, 0x49, 0x49, 0x49, 0x49, 0x49, 0x49,
  0x49, 0x49, 0x49, 0x49, 0x49, 0x49, 0x49, 0x49, 0x49, 0x49, 0x49, 0x49,
  0x49, 0x49, 0x49, 0x49, 0x49, 0x49, 0x49, 0x49, 0x49, 0x49, 0x49, 0x49,
  0x49, 0x49, 0x49, 0x49, 0x49, 0x49, 0x49, 0x49, 0x49, 0x49, 0x49, 0x49,
  0x00, 0x00, 0xff, 0x9b, 0x00, 0x00, 0x00, 0x49, 0x00, 0x00, 0x00, 0x00,
  0x00, 0x00, 0x00, 0x00, 0x00, 0x00, 0x00, 0x00, 0x00, 0x00, 0x00, 0x00,
  0x00, 0x00, 0x49, 0x49, 0x49, 0x49, 0x00, 0x00, 0x00, 0x49, 0x00, 0x00,
  0x00, 0x00, 0x00, 0x00, 0x00, 0x00, 0x00, 0x00, 0x00, 0x00, 0x00, 0x00,
  0x00, 0x00, 0x00, 0x00, 0x00, 0x00, 0x00, 0x00, 0x00, 0x49, 0x49, 0x49,
  0x00, 0x93, 0x08, 0xff, 0xf6, 0xf6, 0xf6, 0xf6, 0xf6, 0xf6, 0xf6, 0xe3,
  0xda, 0xe3, 0x51, 0x92, 0x9b, 0xec, 0xf4, 0x09, 0xe3, 0xa3, 0x9a, 0x91,
  0xec, 0xec, 0xe3, 0xe3, 0xeb, 0xeb, 0x09, 0x40, 0xac, 0xf6, 0xf6, 0xf6,
  0xf6, 0xf6, 0xf6, 0xff, 0xa4, 0xa4, 0x00, 0x49, 0x49, 0x49, 0x49, 0x49,
  0x49, 0x49, 0x49, 0x49, 0x49, 0x49, 0x49, 0x49, 0x49, 0x49, 0x49, 0x49,
  0x4a, 0xee, 0x08, 0x07, 0xe4, 0x09, 0xf6, 0xff, 0xf6, 0x52, 0x40, 0x40,
  0x49, 0x49, 0x49, 0x49, 0x49, 0x49, 0x49, 0x49, 0x49, 0x49, 0x00, 0x00,
  0x49, 0x49, 0x49, 0x49, 0x49, 0x49, 0x49, 0x49, 0x49, 0x49, 0x49, 0x49,
  0x49, 0x49, 0x49, 0x49, 0x49, 0x49, 0x49, 0x49, 0x49, 0x49, 0x49, 0x49,
  0x49, 0x49, 0x49, 0x49, 0x49, 0x49, 0x49, 0x49, 0x49, 0x49, 0x49, 0x49,
  0x49, 0x49, 0x49, 0x49, 0x49, 0x49, 0x49, 0x49, 0x00, 0x00, 0xff, 0xa4,
  0x00, 0x00, 0x00, 0x00, 0x00, 0x00, 0x00, 0x00, 0x00, 0x00, 0x00, 0x00,
  0x00, 0x00, 0x00, 0x00, 0x00, 0x00, 0x00, 0x00, 0x00, 0x00, 0x00, 0x49,
  0x00, 0x00, 0x00, 0x00, 0x00, 0x49, 0x00, 0x00, 0x00, 0x00, 0x00, 0x00,
  0x00, 0x00, 0x00, 0x00, 0x00, 0x00, 0x00, 0x00, 0x00, 0x00, 0x00, 0x00,
  0x00, 0x00, 0x00, 0x00, 0x00, 0x49, 0x49, 0x49, 0x00, 0x9b, 0x08, 0xff,
  0xf6, 0xf6, 0xf6, 0xf6, 0xf6, 0xf6, 0xf6, 0xa4, 0x92, 0xe3, 0x91, 0x89,
  0x92, 0xec, 0xe2, 0xe3, 0xe3, 0x09, 0x09, 0xda, 0xda, 0xda, 0x51, 0xe4,
  0xf4, 0xf4, 0xf4, 0x88, 0xac, 0xff, 0xf6, 0xf6, 0xf6, 0xf6, 0xf6, 0xff,
  0x07, 0x07, 0x49, 0x49, 0x49, 0x49, 0x49, 0x49, 0x49, 0x49, 0x49, 0x49,
  0x49, 0x49, 0x49, 0x49, 0x49, 0x49, 0x49, 0x49, 0x4a, 0xa4, 0xec, 0xe4,
  0xe4, 0xed, 0xf6, 0xac, 0x49, 0x00, 0x49, 0x49, 0x49, 0x49, 0x49, 0x49,
  0x49, 0x49, 0x49, 0x49, 0x49, 0x49, 0x49, 0x00, 0x00, 0x00, 0x00, 0x49,
  0x49, 0x49, 0x49, 0x49, 0x49, 0x49, 0x49, 0x49, 0x49, 0x49, 0x49, 0x49,
  0x49, 0x49, 0x49, 0x49, 0x49, 0x49, 0x49, 0x49, 0x49, 0x49, 0x49, 0x49,
  0x49, 0x49, 0x49, 0x49, 0x49, 0x49, 0x49, 0x49, 0x49, 0x49, 0x49, 0x49,
  0x49, 0x49, 0x49, 0x49, 0x00, 0x00, 0xff, 0x5b, 0x00, 0x00, 0x00, 0x00,
  0x00, 0x00, 0x00, 0x00, 0x00, 0x00, 0x00, 0x00, 0x00, 0x00, 0x00, 0x00,
  0x00, 0x49, 0x49, 0x00, 0x00, 0x00, 0x49, 0x49, 0x49, 0x00, 0x00, 0x00,
  0x00, 0x49, 0x49, 0x00, 0x00, 0x00, 0x00, 0x00, 0x00, 0x00, 0x00, 0x00,
  0x00, 0x00, 0x00, 0x49, 0x00, 0x00, 0x49, 0x00, 0x00, 0x00, 0x00, 0x00,
  0x00, 0x49, 0x49, 0x00, 0x49, 0x5b, 0x08, 0xff, 0xf6, 0xf6, 0xf6, 0xf6,
  0xf6, 0xff, 0xff, 0xa4, 0x92, 0xe3, 0xeb, 0x92, 0x92, 0x09, 0xeb, 0xeb,
  0xec, 0xf5, 0xe3, 0xd2, 0x40, 0x40, 0x48, 0xec, 0xe1, 0xf4, 0xec, 0xe3,
  0xf5, 0xff, 0xf6, 0xf6, 0xf6, 0xf6, 0xf6, 0xff, 0x07, 0x07, 0x52, 0x00,
  0x49, 0x49, 0x49, 0x49, 0x49, 0x49, 0x49, 0x49, 0x49, 0x49, 0x49, 0x49,
  0x49, 0x49, 0x49, 0x49, 0x0a, 0x64, 0xf5, 0xe3, 0xec, 0x09, 0x9b, 0x00,
  0x00, 0x49, 0x49, 0x49, 0x49, 0x49, 0x49, 0x49, 0x49, 0x49, 0x49, 0x49,
  0x49, 0x49, 0x49, 0x49, 0x00, 0x00, 0x00, 0x00, 0x49, 0x49, 0x49, 0x49,
  0x49, 0x49, 0x49, 0x49, 0x49, 0x49, 0x49, 0x49, 0x49, 0x49, 0x49, 0x49,
  0x49, 0x49, 0x49, 0x49, 0x49, 0x49, 0x49, 0x49, 0x49, 0x49, 0x49, 0x49,
  0x49, 0x49, 0x49, 0x49, 0x49, 0x49, 0x49, 0x49, 0x49, 0x49, 0x49, 0x49,
  0x00, 0x00, 0xf6, 0x52, 0x00, 0x00, 0x00, 0x00, 0x00, 0x00, 0x00, 0x00,
  0x00, 0x00, 0x00, 0x00, 0x00, 0x00, 0x00, 0x00, 0x00, 0x49, 0x00, 0x49,
  0x49, 0x49, 0x00, 0x00, 0x49, 0x49, 0x00, 0x00, 0x00, 0x49, 0x49, 0x49,
  0x49, 0x00, 0x00, 0x00, 0x00, 0x00, 0x00, 0x00, 0x00, 0x00, 0x00, 0x49,
  0x00, 0x00, 0x00, 0x00, 0x00, 0x00, 0x00, 0x00, 0x00, 0x49, 0x49, 0x49,
  0x49, 0x5b, 0xf6, 0xff, 0xf6, 0xf6, 0xf6, 0xf6, 0xf6, 0xff, 0xff, 0x07,
  0x91, 0xe3, 0xed, 0x91, 0x89, 0x91, 0x92, 0xe3, 0xe3, 0xec, 0xe3, 0xe3,
  0x92, 0x92, 0x49, 0xeb, 0xda, 0xf4, 0xec, 0xda, 0xf5, 0xf6, 0xf6, 0xf6,
  0xf6, 0xf6, 0xf6, 0xff, 0xff, 0xff, 0xa3, 0x00, 0x49, 0x49, 0x49, 0x49,
  0x49, 0x49, 0x49, 0x49, 0x49, 0x49, 0x49, 0x49, 0x49, 0x49, 0x49, 0x49,
  0x00, 0x5b, 0xf5, 0x09, 0x09, 0xa4, 0x00, 0x40, 0x49, 0x49, 0x49, 0x49,
  0x49, 0x49, 0x49, 0x49, 0x49, 0x49, 0x49, 0x49, 0x49, 0x49, 0x49, 0x49,
  0x00, 0x00, 0x00, 0x49, 0x49, 0x49, 0x49, 0x49, 0x49, 0x49, 0x49, 0x49,
  0x49, 0x49, 0x49, 0x49, 0x49, 0x49, 0x49, 0x49, 0x49, 0x49, 0x49, 0x49,
  0x49, 0x49, 0x49, 0x49, 0x49, 0x49, 0x49, 0x49, 0x49, 0x49, 0x49, 0x49,
  0x49, 0x49, 0x49, 0x49, 0x49, 0x49, 0x49, 0x49, 0x00, 0x00, 0xff, 0x49,
  0x00, 0x00, 0x49, 0x00, 0x00, 0x00, 0x00, 0x00, 0x00, 0x00, 0x00, 0x00,
  0x00, 0x00, 0x00, 0x00, 0x00, 0x00, 0x40, 0x00, 0x00, 0x00, 0x00, 0x00,
  0x49, 0x00, 0x49, 0x00, 0x00, 0x49, 0x00, 0x00, 0x00, 0x00, 0x00, 0x00,
  0x00, 0x00, 0x00, 0x00, 0x00, 0x00, 0x00, 0x00, 0x00, 0x00, 0x00, 0x00,
  0x00, 0x00, 0x00, 0x00, 0x00, 0x49, 0x49, 0x49, 0x49, 0x9b, 0xf6, 0xff,
  0xf6, 0xf6, 0xf6, 0xf6, 0xf6, 0xff, 0xff, 0x08, 0x51, 0x48, 0xe3, 0xe3,
  0xe4, 0x92, 0x91, 0xec, 0xec, 0xe3, 0xe2, 0xda, 0x48, 0x48, 0x89, 0x40,
  0x91, 0xec, 0xe2, 0xe3, 0x08, 0xff, 0xf6, 0xf6, 0xf6, 0xf6, 0xf6, 0xf6,
  0xff, 0xff, 0xf7, 0x49, 0x49, 0x49, 0x49, 0x49, 0x49, 0x49, 0x49, 0x49,
  0x49, 0x49, 0x49, 0x49, 0x49, 0x49, 0x49, 0x49, 0x41, 0x93, 0x07, 0xa4,
  0x52, 0x00, 0x41, 0x49, 0x49, 0x49, 0x49, 0x49, 0x49, 0x49, 0x49, 0x49,
  0x49, 0x49, 0x49, 0x49, 0x49, 0x49, 0x49, 0x49, 0x49, 0x00, 0x00, 0x00,
  0x49, 0x49, 0x49, 0x49, 0x49, 0x49, 0x49, 0x49, 0x49, 0x49, 0x49, 0x49,
  0x49, 0x49, 0x49, 0x49, 0x49, 0x49, 0x49, 0x49, 0x49, 0x49, 0x49, 0x49,
  0x49, 0x49, 0x49, 0x49, 0x49, 0x49, 0x49, 0x49, 0x49, 0x49, 0x49, 0x49,
  0x49, 0x49, 0x49, 0x49, 0x00, 0x00, 0xff, 0x49, 0x00, 0x00, 0x49, 0x00,
  0x00, 0x00, 0x00, 0x00, 0x00, 0x00, 0x00, 0x00, 0x00, 0x00, 0x00, 0x00,
  0x00, 0x00, 0x00, 0x49, 0x49, 0x00, 0x00, 0x00, 0x49, 0x49, 0x49, 0x00,
  0x00, 0x00, 0x00, 0x00, 0x00, 0x00, 0x00, 0x00, 0x00, 0x00, 0x00, 0x00,
  0x00, 0x00, 0x00, 0x00, 0x00, 0x00, 0x00, 0x00, 0x00, 0x00, 0x00, 0x00,
  0x00, 0x49, 0x49, 0x49, 0x00, 0x9b, 0xf6, 0xff, 0xf6, 0xf6, 0xf6, 0xf6,
  0xf6, 0xf6, 0xf6, 0xff, 0xed, 0x92, 0xda, 0xa2, 0xec, 0x91, 0x51, 0x9a,
  0xa3, 0x09, 0xec, 0xe3, 0x91, 0x91, 0xe3, 0x48, 0x91, 0x09, 0xec, 0xda,
  0x09, 0xff, 0xf6, 0xf6, 0xf6, 0xf6, 0xf6, 0xf6, 0xff, 0xff, 0x07, 0x0a,
  0x40, 0x49, 0x49, 0x49, 0x49, 0x49, 0x49, 0x49, 0x49, 0x49, 0x49, 0x49,
  0x49, 0x49, 0x49, 0x49, 0x49, 0x4a, 0x52, 0x49, 0x41, 0x49, 0x49, 0x49,
  0x49, 0x49, 0x0a, 0x0a, 0x49, 0x49, 0x49, 0x49, 0x49, 0x49, 0x49, 0x49,
  0x49, 0x49, 0x49, 0x49, 0x49, 0x00, 0x00, 0x00, 0x49, 0x49, 0x49, 0x49,
  0x49, 0x49, 0x49, 0x49, 0x49, 0x49, 0x49, 0x49, 0x49, 0x49, 0x49, 0x49,
  0x49, 0x49, 0x49, 0x49, 0x49, 0x49, 0x49, 0x49, 0x49, 0x49, 0x49, 0x49,
  0x49, 0x49, 0x49, 0x49, 0x49, 0x49, 0x49, 0x49, 0x49, 0x49, 0x49, 0x49,
  0x00, 0x00, 0xf6, 0x0a, 0x00, 0x00, 0x49, 0x00, 0x00, 0x00, 0x00, 0x00,
  0x00, 0x00, 0x00, 0x00, 0x00, 0x00, 0x00, 0x00, 0x49, 0x00, 0x00, 0x49,
  0x49, 0x49, 0x49, 0x00, 0x49, 0x49, 0x49, 0x00, 0x00, 0x49, 0x49, 0x00,
  0x00, 0x00, 0x00, 0x00, 0x00, 0x00, 0x00, 0x00, 0x00, 0x00, 0x00, 0x00,
  0x00, 0x00, 0x00, 0x00, 0x00, 0x00, 0x00, 0x00, 0x00, 0x49, 0x49, 0x49,
  0x49, 0x5b, 0x08, 0xff, 0xf6, 0xf6, 0xf6, 0xf6, 0xf6, 0xf6, 0xf6, 0xf6,
  0x09, 0x92, 0x91, 0xe3, 0xec, 0xd1, 0x91, 0x51, 0x91, 0xe3, 0xe3, 0xda,
  0xa3, 0xa3, 0xf5, 0x40, 0x91, 0x91, 0xec, 0xec, 0xf6, 0xff, 0xf6, 0xf6,
  0xf6, 0xf6, 0xf6, 0xf6, 0xff, 0xff, 0xf6, 0x52, 0x40, 0x49, 0x49, 0x49,
  0x49, 0x49, 0x49, 0x49, 0x49, 0x49, 0x49, 0x49, 0x49, 0x49, 0x49, 0x49,
  0x49, 0x49, 0x49, 0x49, 0x49, 0x49, 0x49, 0x49, 0x49, 0x49, 0x49, 0x49,
  0x49, 0x49, 0x49, 0x49, 0x49, 0x49, 0x49, 0x49, 0x49, 0x49, 0x49, 0x49,
  0x49, 0x00, 0x00, 0x00, 0x00, 0x49, 0x49, 0x49, 0x49, 0x49, 0x49, 0x49,
  0x49, 0x49, 0x49, 0x49, 0x49, 0x49, 0x49, 0x49, 0x49, 0x49, 0x49, 0x49,
  0x49, 0x49, 0x49, 0x49, 0x49, 0x49, 0x49, 0x49, 0x49, 0x49, 0x49, 0x49,
  0x49, 0x49, 0x49, 0x49, 0x49, 0x49, 0x49, 0x49, 0x00, 0x00, 0xf6, 0x0a,
  0x00, 0x00, 0x00, 0x00, 0x00, 0x00, 0x00, 0x00, 0x00, 0x00, 0x00, 0x00,
  0x00, 0x00, 0x00, 0x00, 0x00, 0x00, 0x00, 0x00, 0x00, 0x00, 0x49, 0x00,
  0x49, 0x49, 0x00, 0x49, 0x49, 0x00, 0x00, 0x00, 0x00, 0x00, 0x00, 0x00,
  0x00, 0x00, 0x00, 0x00, 0x00, 0x00, 0x00, 0x00, 0x00, 0x00, 0x00, 0x00,
  0x00, 0x00, 0x00, 0x00, 0x00, 0x49, 0x49, 0x49, 0x40, 0x52, 0x08, 0xff,
  0xf6, 0xf6, 0xf6, 0xf6, 0xf6, 0xf6, 0xf6, 0xff, 0x09, 0xe3, 0x49, 0xe3,
  0xec, 0xe3, 0xec, 0x9a, 0x91, 0xed, 0xe3, 0x9a, 0xe3, 0xe3, 0x9a, 0x89,
  0x92, 0x89, 0xa3, 0xeb, 0xf6, 0xf6, 0xf6, 0xf6, 0xf6, 0xf6, 0xf6, 0xf6,
  0xf6, 0xf6, 0xff, 0xa4, 0x49, 0x49, 0x49, 0x49, 0x49, 0x49, 0x49, 0x49,
  0x49, 0x49, 0x49, 0x49, 0x49, 0x49, 0x49, 0x49, 0x49, 0x49, 0x49, 0x49,
  0x49, 0x49, 0x49, 0x49, 0x49, 0x49, 0x49, 0x49, 0x49, 0x49, 0x49, 0x49,
  0x49, 0x49, 0x49, 0x49, 0x49, 0x49, 0x49, 0x49, 0x49, 0x49, 0x49, 0x00,
  0x00, 0x49, 0x49, 0x49, 0x49, 0x49, 0x49, 0x49, 0x49, 0x49, 0x49, 0x49,
  0x49, 0x49, 0x49, 0x49, 0x49, 0x49, 0x49, 0x49, 0x49, 0x49, 0x49, 0x49,
  0x49, 0x49, 0x49, 0x49, 0x49, 0x49, 0x49, 0x49, 0x49, 0x49, 0x49, 0x49,
  0x49, 0x49, 0x49, 0x49, 0x00, 0x00, 0xff, 0x49, 0x00, 0x00, 0x00, 0x00,
  0x00, 0x00, 0x00, 0x00, 0x00, 0x00, 0x00, 0x00, 0x00, 0x00, 0x00, 0x00,
  0x00, 0x00, 0x00, 0x00, 0x00, 0x49, 0x00, 0x49, 0x49, 0x49, 0x49, 0x49,
  0x00, 0x00, 0x00, 0x00, 0x49, 0x00, 0x00, 0x00, 0x00, 0x00, 0x00, 0x00,
  0x00, 0x00, 0x00, 0x00, 0x00, 0x00, 0x00, 0x00, 0x00, 0x00, 0x00, 0x00,
  0x00, 0x49, 0x49, 0x49, 0x00, 0x52, 0x08, 0xff, 0xf6, 0xf6, 0xf6, 0xf6,
  0xf6, 0xf6, 0xf6, 0xf6, 0xff, 0xf5, 0x9a, 0x9a, 0xe3, 0xec, 0xf4, 0x99,
  0x91, 0x89, 0x89, 0xd2, 0xda, 0xda, 0xa2, 0xec, 0xec, 0x88, 0xa3, 0xec,
  0xf6, 0xf6, 0xf6, 0xf6, 0xf6, 0xf6, 0xf6, 0xf6, 0xf6, 0xf6, 0xff, 0x07,
  0x49, 0x49, 0x49, 0x49, 0x49, 0x49, 0x49, 0x49, 0x49, 0x49, 0x49, 0x49,
  0x49, 0x49, 0x49, 0x49, 0x49, 0x49, 0x49, 0x49, 0x49, 0x49, 0x49, 0x49,
  0x49, 0x49, 0x49, 0x49, 0x49, 0x49, 0x49, 0x49, 0x49, 0x49, 0x49, 0x49,
  0x49, 0x49, 0x49, 0x49, 0x49, 0x49, 0x49, 0x00, 0x49, 0x49, 0x49, 0x49,
  0x49, 0x49, 0x49, 0x49, 0x49, 0x49, 0x49, 0x49, 0x49, 0x49, 0x49, 0x49,
  0x49, 0x49, 0x49, 0x49, 0x49, 0x49, 0x49, 0x49, 0x49, 0x49, 0x49, 0x49,
  0x49, 0x49, 0x49, 0x49, 0x49, 0x49, 0x49, 0x49, 0x49, 0x49, 0x49, 0x49,
  0x00, 0x00, 0xff, 0x52, 0x00, 0x00, 0x00, 0x00, 0x00, 0x00, 0x00, 0x00,
  0x00, 0x00, 0x00, 0x00, 0x00, 0x00, 0x00, 0x00, 0x00, 0x00, 0x00, 0x00,
  0x00, 0x00, 0x00, 0x00, 0x00, 0x00, 0x00, 0x00, 0x00, 0x00, 0x00, 0x00,
  0x00, 0x00, 0x00, 0x00, 0x00, 0x00, 0x00, 0x00, 0x00, 0x00, 0x00, 0x00,
  0x00, 0x00, 0x00, 0x00, 0x00, 0x00, 0x00, 0x00, 0x00, 0x49, 0x49, 0x49,
  0x00, 0x5b, 0x08, 0xff, 0xf6, 0xf6, 0xf6, 0xf6, 0xf6, 0xf6, 0xf6, 0xf6,
  0xff, 0x09, 0x9a, 0x49, 0xec, 0xf4, 0xec, 0xe3, 0xe4, 0x8a, 0x88, 0x9a,
  0xda, 0xda, 0x92, 0xec, 0xda, 0xd1, 0x91, 0xa4, 0xff, 0xf6, 0xf6, 0xf6,
  0xf6, 0xf6, 0xf6, 0xf6, 0xf6, 0xf6, 0xff, 0xf6, 0x52, 0x49, 0x49, 0x49,
  0x49, 0x49, 0x49, 0x49, 0x49, 0x49, 0x49, 0x49, 0x49, 0x49, 0x49, 0x49,
  0x49, 0x49, 0x49, 0x49, 0x49, 0x49, 0x49, 0x49, 0x49, 0x49, 0x49, 0x49,
  0x49, 0x49, 0x49, 0x49, 0x49, 0x49, 0x49, 0x49, 0x49, 0x49, 0x49, 0x49,
  0x49, 0x00, 0x00, 0x00, 0x49, 0x49, 0x49, 0x49, 0x49, 0x49, 0x49, 0x49,
  0x49, 0x49, 0x49, 0x49, 0x49, 0x49, 0x49, 0x49, 0x49, 0x49, 0x49, 0x49,
  0x49, 0x49, 0x49, 0x49, 0x49, 0x49, 0x49, 0x49, 0x49, 0x49, 0x49, 0x49,
  0x49, 0x49, 0x49, 0x49, 0x49, 0x49, 0x49, 0x49, 0x00, 0x00, 0xff, 0x9b,
  0x00, 0x00, 0x00, 0x00, 0x00, 0x00, 0x00, 0x00, 0x00, 0x00, 0x00, 0x00,
  0x00, 0x00, 0x00, 0x00, 0x00, 0x00, 0x00, 0x00, 0x00, 0x00, 0x00, 0x00,
  0x00, 0x00, 0x00, 0x00, 0x40, 0x00, 0x00, 0x00, 0x00, 0x00, 0x00, 0x00,
  0x00, 0x00, 0x00, 0x00, 0x00, 0x00, 0x00, 0x00, 0x00, 0x00, 0x00, 0x00,
  0x00, 0x00, 0x00, 0x00, 0x00, 0x49, 0x49, 0x49, 0x49, 0x5b, 0x08, 0xff,
  0xf6, 0xf6, 0xf6, 0xf6, 0xf6, 0xf6, 0xf6, 0xff, 0xff, 0xf6, 0xe3, 0x89,
  0xa3, 0xa3, 0xeb, 0xec, 0xf4, 0x91, 0x89, 0x51, 0xa3, 0xa3, 0x92, 0xeb,
  0x9b, 0x09, 0x89, 0xf7, 0xff, 0xf6, 0xf6, 0xf6, 0xf6, 0xf6, 0xf6, 0xf6,
  0xf6, 0xf6, 0xff, 0xff, 0x9b, 0x40, 0x49, 0x49, 0x49, 0x49, 0x49, 0x49,
  0x49, 0x49, 0x49, 0x49, 0x49, 0x49, 0x49, 0x49, 0x49, 0x49, 0x49, 0x49,
  0x49, 0x49, 0x49, 0x49, 0x49, 0x49, 0x49, 0x49, 0x49, 0x49, 0x49, 0x49,
  0x49, 0x49, 0x49, 0x49, 0x49, 0x49, 0x49, 0x49, 0x49, 0x49, 0x49, 0x49,
  0x49, 0x49, 0x49, 0x49, 0x49, 0x49, 0x49, 0x49, 0x49, 0x49, 0x49, 0x49,
  0x49, 0x49, 0x49, 0x49, 0x49, 0x49, 0x49, 0x49, 0x49, 0x49, 0x49, 0x49,
  0x49, 0x49, 0x49, 0x49, 0x49, 0x49, 0x49, 0x49, 0x49, 0x49, 0x49, 0x49,
  0x49, 0x49, 0x49, 0x49, 0x00, 0x00, 0xff, 0xa4, 0x00, 0x00, 0x00, 0x00,
  0x00, 0x00, 0x00, 0x00, 0x00, 0x00, 0x00, 0x00, 0x00, 0x00, 0x00, 0x00,
  0x00, 0x00, 0x00, 0x00, 0x00, 0x00, 0x00, 0x00, 0x00, 0x00, 0x49, 0x49,
  0x49, 0x49, 0x00, 0x00, 0x00, 0x40, 0x00, 0x00, 0x00, 0x00, 0x00, 0x00,
  0x00, 0x00, 0x00, 0x00, 0x00, 0x00, 0x00, 0x00, 0x00, 0x00, 0x00, 0x00,
  0x00, 0x00, 0x49, 0x49, 0x00, 0x52, 0x07, 0xff, 0xf6, 0xf6, 0xf6, 0xff,
  0xf6, 0xf6, 0xf6, 0xff, 0xff, 0xff, 0xed, 0x91, 0x9a, 0xe2, 0xe3, 0xec,
  0xec, 0x9a, 0xd1, 0x49, 0x9b, 0x9b, 0x91, 0xeb, 0xe3, 0xf5, 0x88, 0xed,
  0xff, 0xf6, 0xf6, 0xf6, 0xf6, 0xf6, 0xf6, 0xf6, 0xf6, 0xf6, 0xf6, 0xff,
  0xad, 0x00, 0x49, 0x49, 0x49, 0x49, 0x49, 0x49, 0x49, 0x49, 0x49, 0x49,
  0x49, 0x49, 0x49, 0x49, 0x49, 0x49, 0x49, 0x49, 0x49, 0x49, 0x49, 0x49,
  0x49, 0x49, 0x49, 0x49, 0x49, 0x49, 0x49, 0x49, 0x49, 0x49, 0x49, 0x49,
  0x49, 0x49, 0x49, 0x49, 0x40, 0x49, 0x49, 0x49, 0x49, 0x49, 0x49, 0x49,
  0x49, 0x49, 0x49, 0x49, 0x49, 0x49, 0x49, 0x49, 0x49, 0x49, 0x49, 0x49,
  0x49, 0x49, 0x49, 0x49, 0x49, 0x49, 0x49, 0x49, 0x49, 0x49, 0x49, 0x49,
  0x49, 0x49, 0x49, 0x49, 0x49, 0x49, 0x49, 0x49, 0x49, 0x49, 0x49, 0x49,
  0x00, 0x00, 0xff, 0xa4, 0x00, 0x00, 0x00, 0x00, 0x00, 0x00, 0x00, 0x00,
  0x00, 0x00, 0x00, 0x00, 0x00, 0x00, 0x00, 0x00, 0x00, 0x00, 0x00, 0x00,
  0x00, 0x49, 0x49, 0x00, 0x00, 0x49, 0x49, 0x00, 0x00, 0x00, 0x00, 0x00,
  0x49, 0x49, 0x00, 0x00, 0x00, 0x00, 0x00, 0x00, 0x00, 0x00, 0x00, 0x00,
  0x00, 0x00, 0x00, 0x00, 0x00, 0x00, 0x00, 0x00, 0x00, 0x00, 0x49, 0x49,
  0x49, 0x49, 0xf7, 0xff, 0xf6, 0xff, 0xf6, 0xff, 0xf6, 0xff, 0xff, 0xf6,
  0xf6, 0xff, 0x08, 0x9a, 0x89, 0xe2, 0xec, 0xe3, 0xeb, 0xe3, 0xeb, 0x91,
  0x91, 0x91, 0x9a, 0xe3, 0xeb, 0xe3, 0x92, 0xf6, 0xff, 0xf6, 0xf6, 0xf6,
  0xf6, 0xf6, 0xf6, 0xf6, 0xf6, 0xf6, 0xf6, 0xff, 0x07, 0x49, 0x49, 0x49,
  0x49, 0x49, 0x49, 0x49, 0x49, 0x49, 0x49, 0x49, 0x49, 0x49, 0x49, 0x49,
  0x49, 0x49, 0x49, 0x49, 0x49, 0x49, 0x49, 0x49, 0x49, 0x49, 0x49, 0x49,
  0x49, 0x49, 0x49, 0x49, 0x49, 0x49, 0x49, 0x49, 0x49, 0x49, 0x40, 0x49,
  0x49, 0x49, 0x49, 0x49, 0x49, 0x49, 0x49, 0x49, 0x49, 0x49, 0x49, 0x49,
  0x49, 0x49, 0x49, 0x49, 0x49, 0x49, 0x49, 0x49, 0x49, 0x49, 0x49, 0x49,
  0x49, 0x49, 0x49, 0x49, 0x49, 0x49, 0x49, 0x49, 0x49, 0x49, 0x49, 0x49,
  0x49, 0x49, 0x49, 0x49, 0x49, 0x49, 0x49, 0x49, 0x00, 0x00, 0xff, 0xf7,
  0x00, 0x00, 0x00, 0x00, 0x00, 0x00, 0x00, 0x00, 0x00, 0x00, 0x00, 0x00,
  0x00, 0x00, 0x00, 0x00, 0x00, 0x00, 0x00, 0x00, 0x00, 0x00, 0x49, 0x00,
  0x00, 0x00, 0x00, 0x00, 0x00, 0x00, 0x00, 0x00, 0x49, 0x00, 0x00, 0x00,
  0x00, 0x00, 0x00, 0x00, 0x00, 0x00, 0x00, 0x00, 0x00, 0x00, 0x00, 0x00,
  0x00, 0x00, 0x00, 0x00, 0x00, 0x00, 0x49, 0x49, 0x49, 0x49, 0xf7, 0xff,
  0xf6, 0xff, 0xf6, 0xff, 0xf6, 0xff, 0xff, 0xf6, 0xf6, 0xff, 0xf6, 0xa3,
  0xda, 0xe3, 0xe3, 0xec, 0xec, 0xec, 0xf4, 0xa3, 0x48, 0x48, 0xd2, 0x9a,
  0xe3, 0xda, 0xec, 0xf6, 0xf6, 0xf6, 0xf6, 0xf6, 0xf6, 0xf6, 0xf6, 0xf6,
  0xf6, 0xf6, 0xf6, 0xff, 0x08, 0x52, 0x40, 0x49, 0x49, 0x49, 0x49, 0x49,
  0x49, 0x49, 0x49, 0x49, 0x49, 0x49, 0x49, 0x49, 0x49, 0x49, 0x49, 0x49,
  0x49, 0x49, 0x49, 0x49, 0x49, 0x49, 0x49, 0x49, 0x49, 0x49, 0x49, 0x49,
  0x49, 0x49, 0x49, 0x49, 0x49, 0x00, 0x49, 0x49, 0x49, 0x49, 0x49, 0x49,
  0x49, 0x49, 0x49, 0x49, 0x49, 0x49, 0x49, 0x49, 0x49, 0x49, 0x49, 0x49,
  0x49, 0x49, 0x49, 0x49, 0x49, 0x49, 0x49, 0x49, 0x49, 0x49, 0x49, 0x49,
  0x49, 0x49, 0x49, 0x49, 0x49, 0x49, 0x49, 0x49, 0x49, 0x49, 0x49, 0x49,
  0x49, 0x49, 0x49, 0x49, 0x00, 0x00, 0xff, 0x08, 0x49, 0x00, 0x00, 0x00,
  0x00, 0x00, 0x00, 0x00, 0x00, 0x00, 0x00, 0x00, 0x00, 0x00, 0x00, 0x00,
  0x00, 0x00, 0x00, 0x00, 0x00, 0x00, 0x00, 0x00, 0x00, 0x00, 0x49, 0x00,
  0x00, 0x00, 0x00, 0x00, 0x49, 0x00, 0x00, 0x00, 0x00, 0x00, 0x00, 0x00,
  0x00, 0x00, 0x00, 0x00, 0x00, 0x00, 0x00, 0x00, 0x00, 0x00, 0x00, 0x00,
  0x00, 0x00, 0x49, 0x49, 0x41, 0x4a, 0xec, 0x09, 0xf6, 0xff, 0xf6, 0xf6,
  0xf6, 0xf6, 0xf6, 0xf6, 0xff, 0xff, 0xf6, 0xed, 0xda, 0xda, 0x91, 0xe3,
  0xec, 0xec, 0xeb, 0xec, 0x4a, 0x4a, 0x48, 0x9a, 0xe3, 0xe3, 0xf5, 0xf6,
  0xf6, 0xf6, 0xf6, 0xf6, 0xf6, 0xf6, 0xf6, 0xf6, 0xff, 0xff, 0xf6, 0xf6,
  0xff, 0x5b, 0x40, 0x49, 0x49, 0x49, 0x49, 0x49, 0x49, 0x49, 0x49, 0x49,
  0x49, 0x49, 0x49, 0x49, 0x49, 0x49, 0x49, 0x49, 0x49, 0x49, 0x49, 0x49,
  0x49, 0x49, 0x49, 0x49, 0x49, 0x49, 0x49, 0x49, 0x49, 0x49, 0x49, 0x49,
  0x00, 0x49, 0x49, 0x49, 0x49, 0x49, 0x49, 0x49, 0x49, 0x49, 0x49, 0x49,
  0x49, 0x49, 0x49, 0x49, 0x49, 0x49, 0x49, 0x49, 0x49, 0x49, 0x49, 0x49,
  0x49, 0x49, 0x49, 0x49, 0x49, 0x49, 0x49, 0x49, 0x49, 0x49, 0x49, 0x49,
  0x49, 0x49, 0x49, 0x49, 0x49, 0x49, 0x49, 0x49, 0x49, 0x49, 0x49, 0x49,
  0x00, 0x00, 0xff, 0xff, 0x5a, 0x00, 0x00, 0x00, 0x00, 0x00, 0x00, 0x00,
  0x00, 0x00, 0x00, 0x00, 0x00, 0x00, 0x00, 0x00, 0x00, 0x00, 0x00, 0x00,
  0x00, 0x00, 0x00, 0x00, 0x49, 0x49, 0x49, 0x49, 0x49, 0x49, 0x00, 0x00,
  0x49, 0x49, 0x00, 0x00, 0x00, 0x00, 0x00, 0x49, 0x00, 0x00, 0x00, 0x00,
  0x00, 0x00, 0x00, 0x00, 0x00, 0x00, 0x00, 0x00, 0x00, 0x00, 0x49, 0x49,
  0x49, 0x49, 0xa4, 0x08, 0x08, 0xff, 0x08, 0xf6, 0xff, 0xf6, 0xf6, 0xf6,
  0xff, 0xff, 0xff, 0xf6, 0xe3, 0x9a, 0x99, 0xe3, 0xf5, 0xe3, 0xeb, 0xf5,
  0x92, 0x92, 0x40, 0xa2, 0xda, 0xda, 0x08, 0xff, 0xf6, 0xf6, 0xf6, 0xf6,
  0xf6, 0xf6, 0xf6, 0xf6, 0xf6, 0xf6, 0xf6, 0xf6, 0xff, 0xf7, 0x49, 0x49,
  0x49, 0x49, 0x49, 0x49, 0x49, 0x49, 0x49, 0x49, 0x49, 0x49, 0x49, 0x49,
  0x49, 0x49, 0x49, 0x49, 0x49, 0x49, 0x49, 0x49, 0x49, 0x49, 0x49, 0x49,
  0x49, 0x49, 0x49, 0x49, 0x49, 0x49, 0x49, 0x00, 0x49, 0x49, 0x49, 0x49,
  0x49, 0x49, 0x49, 0x49, 0x49, 0x49, 0x49, 0x49, 0x49, 0x49, 0x49, 0x49,
  0x49, 0x49, 0x49, 0x49, 0x49, 0x49, 0x49, 0x49, 0x49, 0x49, 0x49, 0x49,
  0x49, 0x49, 0x49, 0x49, 0x49, 0x49, 0x49, 0x49, 0x49, 0x49, 0x49, 0x49,
  0x49, 0x49, 0x49, 0x49, 0x49, 0x49, 0x49, 0x49, 0x00, 0x00, 0xff, 0xff,
  0xad, 0x00, 0x00, 0x00, 0x00, 0x00, 0x00, 0x00, 0x00, 0x00, 0x00, 0x00,
  0x00, 0x00, 0x00, 0x00, 0x00, 0x00, 0x00, 0x00, 0x00, 0x00, 0x00, 0x00,
  0x00, 0x00, 0x00, 0x00, 0x00, 0x00, 0x00, 0x40, 0x00, 0x49, 0x00, 0x00,
  0x00, 0x00, 0x00, 0x00, 0x00, 0x00, 0x00, 0x00, 0x00, 0x00, 0x00, 0x00,
  0x00, 0x00, 0x00, 0x00, 0x00, 0x00, 0x49, 0x49, 0x49, 0x49, 0xa4, 0xf6,
  0xf6, 0x08, 0xf6, 0xf6, 0xf6, 0xff, 0xff, 0xf6, 0xff, 0xff, 0xf6, 0xff,
  0x09, 0x91, 0x89, 0x92, 0x9b, 0xda, 0xe3, 0xe3, 0xe3, 0xe3, 0x49, 0x49,
  0x89, 0xe3, 0xff, 0xff, 0xf6, 0xff, 0xf6, 0xf6, 0xf6, 0xf6, 0xf6, 0xf6,
  0xf6, 0xf6, 0xf6, 0xf6, 0xff, 0x08, 0x49, 0x49, 0x49, 0x49, 0x49, 0x49,
  0x49, 0x49, 0x49, 0x49, 0x49, 0x49, 0x49, 0x49, 0x49, 0x49, 0x49, 0x49,
  0x49, 0x49, 0x49, 0x49, 0x49, 0x49, 0x49, 0x49, 0x49, 0x49, 0x49, 0x49,
  0x49, 0x49, 0x00, 0x49, 0x49, 0x49, 0x49, 0x49, 0x49, 0x49, 0x49, 0x49,
  0x49, 0x49, 0x49, 0x49, 0x49, 0x49, 0x49, 0x49, 0x49, 0x49, 0x49, 0x49,
  0x49, 0x49, 0x49, 0x49, 0x49, 0x49, 0x49, 0x49, 0x49, 0x49, 0x49, 0x49,
  0x49, 0x49, 0x49, 0x49, 0x49, 0x49, 0x49, 0x49, 0x49, 0x49, 0x49, 0x49,
  0x49, 0x49, 0x49, 0x49, 0x00, 0x00, 0xff, 0xff, 0x08, 0x49, 0x00, 0x00,
  0x00, 0x00, 0x00, 0x00, 0x00, 0x00, 0x00, 0x00, 0x00, 0x00, 0x00, 0x00,
  0x00, 0x00, 0x00, 0x00, 0x00, 0x00, 0x00, 0x00, 0x00, 0x49, 0x00, 0x00,
  0x00, 0x49, 0x49, 0x00, 0x00, 0x49, 0x00, 0x00, 0x00, 0x00, 0x00, 0x49,
  0x00, 0x00, 0x00, 0x00, 0x00, 0x00, 0x00, 0x00, 0x00, 0x00, 0x00, 0x00,
  0x00, 0x00, 0x49, 0x49, 0x49, 0x49, 0xa3, 0x08, 0xff, 0xf6, 0xed, 0xff,
  0xf6, 0xff, 0xff, 0xf6, 0xff, 0xf6, 0xf6, 0xff, 0xff, 0xda, 0x89, 0xda,
  0x51, 0x99, 0xec, 0xec, 0xdb, 0xdb, 0x9a, 0x40, 0x91, 0xf4, 0xf6, 0xff,
  0xf6, 0xf6, 0xf6, 0xf6, 0xf6, 0xf6, 0xf6, 0xf6, 0xf6, 0xf6, 0xf6, 0xf6,
  0xff, 0xff, 0x52, 0x49, 0x49, 0x49, 0x49, 0x49, 0x49, 0x49, 0x49, 0x49,
  0x49, 0x49, 0x49, 0x49, 0x49, 0x49, 0x49, 0x49, 0x49, 0x49, 0x49, 0x49,
  0x49, 0x49, 0x49, 0x49, 0x49, 0x49, 0x49, 0x49, 0x49, 0x49, 0x00, 0x49,
  0x49, 0x49, 0x49, 0x49, 0x49, 0x49, 0x49, 0x49, 0x49, 0x49, 0x49, 0x49,
  0x49, 0x49, 0x49, 0x49, 0x49, 0x49, 0x49, 0x49, 0x49, 0x49, 0x49, 0x49,
  0x49, 0x49, 0x49, 0x49, 0x49, 0x49, 0x49, 0x49, 0x49, 0x49, 0x49, 0x49,
  0x49, 0x49, 0x49, 0x49, 0x49, 0x49, 0x49, 0x49, 0x49, 0x49, 0x49, 0x49,
  0x00, 0x00, 0xff, 0xff, 0xff, 0x9b, 0x00, 0x00, 0x00, 0x00, 0x00, 0x00,
  0x00, 0x00, 0x00, 0x00, 0x00, 0x00, 0x00, 0x00, 0x00, 0x00, 0x00, 0x00,
  0x00, 0x00, 0x00, 0x00, 0x00, 0x00, 0x00, 0x49, 0x00, 0x00, 0x00, 0x49,
  0x00, 0x49, 0x00, 0x00, 0x00, 0x00, 0x00, 0x00, 0x00, 0x00, 0x49, 0x00,
  0x00, 0x00, 0x00, 0x00, 0x00, 0x00, 0x00, 0x00, 0x00, 0x00, 0x49, 0x49,
  0x49, 0x00, 0xa4, 0xf6, 0xf6, 0xff, 0xf6, 0x07, 0xff, 0xf6, 0xf6, 0xf6,
  0xff, 0xf6, 0xf6, 0xf6, 0xff, 0xed, 0xdb, 0xec, 0x9a, 0x92, 0x9a, 0x9a,
  0x9b, 0x9b, 0xa2, 0x40, 0x91, 0xf4, 0x09, 0xff, 0xf6, 0xf6, 0xf6, 0xf6,
  0xf6, 0xf6, 0xf6, 0xf6, 0xf6, 0xf6, 0xf6, 0xf6, 0xf6, 0xff, 0x9b, 0x49,
  0x49, 0x49, 0x49, 0x49, 0x49, 0x49, 0x49, 0x49, 0x49, 0x49, 0x49, 0x49,
  0x49, 0x49, 0x49, 0x49, 0x49, 0x49, 0x49, 0x49, 0x49, 0x49, 0x49, 0x49,
  0x49, 0x49, 0x49, 0x49, 0x49, 0x00, 0x49, 0x49, 0x49, 0x49, 0x49, 0x49,
  0x49, 0x49, 0x49, 0x49, 0x49, 0x49, 0x49, 0x49, 0x49, 0x49, 0x49, 0x49,
  0x49, 0x49, 0x49, 0x49, 0x49, 0x49, 0x49, 0x49, 0x49, 0x49, 0x49, 0x49,
  0x49, 0x49, 0x49, 0x49, 0x49, 0x49, 0x49, 0x49, 0x49, 0x49, 0x49, 0x49,
  0x49, 0x49, 0x49, 0x49, 0x49, 0x49, 0x49, 0x49, 0x00, 0x00, 0xff, 0xff,
  0xff, 0xed, 0x00, 0x00, 0x00, 0x00, 0x00, 0x00, 0x00, 0x00, 0x00, 0x00,
  0x00, 0x00, 0x00, 0x00, 0x00, 0x00, 0x00, 0x00, 0x00, 0x00, 0x00, 0x00,
  0x00, 0x00, 0x00, 0x00, 0x49, 0x49, 0x00, 0x00, 0x49, 0x49, 0x00, 0x00,
  0x00, 0x00, 0x00, 0x00, 0x00, 0x00, 0x00, 0x00, 0x00, 0x00, 0x00, 0x00,
  0x00, 0x00, 0x00, 0x00, 0x00, 0x00, 0x00, 0x49, 0x49, 0x49, 0x5b, 0x08,
  0xf6, 0xf6, 0xff, 0xf6, 0x07, 0xff, 0xff, 0xf6, 0xf6, 0xff, 0xf6, 0xff,
  0xf6, 0xf6, 0xec, 0xe3, 0x91, 0x91, 0x48, 0x92, 0x92, 0x92, 0xe3, 0x40,
  0x49, 0x09, 0x09, 0xf6, 0xf6, 0xf6, 0xff, 0xf6, 0xf6, 0xf6, 0xf6, 0xf6,
  0xf6, 0xf6, 0xf6, 0xff, 0xf6, 0xff, 0x07, 0x00, 0x49, 0x49, 0x49, 0x49,
  0x49, 0x49, 0x49, 0x49, 0x49, 0x49, 0x49, 0x49, 0x49, 0x49, 0x49, 0x49,
  0x49, 0x49, 0x49, 0x49, 0x49, 0x49, 0x49, 0x49, 0x49, 0x49, 0x49, 0x49,
  0x00, 0x00, 0x49, 0x49, 0x49, 0x49, 0x49, 0x49, 0x49, 0x49, 0x49, 0x49,
  0x49, 0x49, 0x49, 0x49, 0x49, 0x49, 0x49, 0x49, 0x49, 0x49, 0x49, 0x49,
  0x49, 0x49, 0x49, 0x49, 0x49, 0x49, 0x49, 0x49, 0x49, 0x49, 0x49, 0x49,
  0x49, 0x49, 0x49, 0x49, 0x49, 0x49, 0x49, 0x49, 0x49, 0x49, 0x49, 0x49,
  0x49, 0x49, 0x49, 0x49, 0x00, 0x00, 0xff, 0xff, 0xff, 0xf6, 0x9b, 0x00,
  0x00, 0x00, 0x00, 0x00, 0x00, 0x00, 0x00, 0x00, 0x00, 0x00, 0x00, 0x00,
  0x00, 0x00, 0x00, 0x00, 0x00, 0x00, 0x00, 0x00, 0x00, 0x00, 0x00, 0x00,
  0x00, 0x00, 0x00, 0x40, 0x49, 0x00, 0x00, 0x00, 0x00, 0x00, 0x00, 0x00,
  0x00, 0x40, 0x49, 0x00, 0x00, 0x00, 0x49, 0x00, 0x00, 0x00, 0x00, 0x00,
  0x00, 0x00, 0x00, 0x49, 0x49, 0x0a, 0x5b, 0x08, 0xf6, 0xf6, 0xf6, 0xff,
  0x07, 0x07, 0x07, 0xff, 0xff, 0xf6, 0xf6, 0xf6, 0xff, 0x08, 0xa3, 0x92,
  0xe3, 0xec, 0x91, 0x9a, 0x91, 0x91, 0x92, 0x49, 0x9b, 0x09, 0x09, 0x09,
  0xf6, 0xf6, 0xf6, 0xf6, 0xf6, 0xf6, 0xf6, 0xf6, 0xf6, 0xf6, 0xf6, 0xf6,
  0xf6, 0xff, 0xff, 0x49, 0x49, 0x49, 0x49, 0x49, 0x49, 0x49, 0x49, 0x49,
  0x49, 0x49, 0x49, 0x49, 0x49, 0x49, 0x49, 0x49, 0x49, 0x49, 0x49, 0x49,
  0x49, 0x49, 0x49, 0x49, 0x49, 0x49, 0x49, 0x49, 0x00, 0x00, 0x49, 0x49,
  0x49, 0x49, 0x49, 0x49, 0x49, 0x49, 0x49, 0x49, 0x49, 0x49, 0x49, 0x49,
  0x49, 0x49, 0x49, 0x49, 0x49, 0x49, 0x49, 0x49, 0x49, 0x49, 0x49, 0x49,
  0x49, 0x49, 0x49, 0x49, 0x49, 0x49, 0x49, 0x49, 0x49, 0x49, 0x49, 0x49,
  0x49, 0x49, 0x49, 0x49, 0x49, 0x49, 0x49, 0x49, 0x49, 0x49, 0x49, 0x49,
  0x00, 0x00, 0xff, 0xff, 0xff, 0xff, 0x08, 0x52, 0x00, 0x00, 0x00, 0x00,
  0x00, 0x00, 0x00, 0x00, 0x00, 0x00, 0x00, 0x00, 0x00, 0x00, 0x00, 0x00,
  0x00, 0x00, 0x00, 0x00, 0x00, 0x00, 0x00, 0x00, 0x00, 0x00, 0x00, 0x00,
  0x00, 0x00, 0x00, 0x00, 0x49, 0x00, 0x00, 0x00, 0x00, 0x00, 0x00, 0x00,
  0x49, 0x00, 0x00, 0x00, 0x00, 0x00, 0x00, 0x00, 0x00, 0x00, 0x00, 0x49,
  0x00, 0x00, 0x5b, 0x07, 0xf6, 0xf6, 0xff, 0xff, 0xff, 0xac, 0xac, 0xed,
  0xff, 0xff, 0xff, 0xff, 0xf6, 0xf6, 0xa4, 0x91, 0xe3, 0xec, 0xdb, 0xe4,
  0x92, 0x92, 0x40, 0x89, 0xa4, 0xf7, 0x09, 0x09, 0xf6, 0xf6, 0xf6, 0xf6,
  0xf6, 0xf6, 0xf6, 0xf6, 0xf6, 0xf6, 0xf6, 0xf6, 0xf6, 0xf6, 0xff, 0xa4,
  0x00, 0x49, 0x49, 0x49, 0x49, 0x49, 0x49, 0x49, 0x49, 0x49, 0x49, 0x49,
  0x49, 0x49, 0x49, 0x49, 0x49, 0x49, 0x49, 0x49, 0x49, 0x49, 0x49, 0x49,
  0x49, 0x49, 0x00, 0x49, 0x49, 0x00, 0x00, 0x49, 0x49, 0x49, 0x49, 0x49,
  0x49, 0x49, 0x49, 0x49, 0x49, 0x49, 0x49, 0x49, 0x49, 0x49, 0x49, 0x49,
  0x49, 0x49, 0x49, 0x49, 0x49, 0x49, 0x49, 0x49, 0x49, 0x49, 0x49, 0x49,
  0x49, 0x49, 0x49, 0x49, 0x49, 0x49, 0x49, 0x49, 0x49, 0x49, 0x49, 0x49,
  0x49, 0x49, 0x49, 0x49, 0x49, 0x49, 0x49, 0x49, 0x00, 0x00, 0xff, 0xff,
  0xff, 0xff, 0xff, 0x08, 0x49, 0x49, 0x00, 0x00, 0x00, 0x00, 0x00, 0x00,
  0x00, 0x00, 0x00, 0x00, 0x00, 0x00, 0x00, 0x00, 0x00, 0x00, 0x00, 0x00,
  0x00, 0x00, 0x00, 0x00, 0x00, 0x00, 0x49, 0x49, 0x49, 0x00, 0x00, 0x00,
  0x00, 0x00, 0x00, 0x00, 0x00, 0x00, 0x00, 0x00, 0x00, 0x49, 0x49, 0x00,
  0x00, 0x00, 0x00, 0x00, 0x00, 0x00, 0x00, 0x49, 0x49, 0x00, 0x53, 0xf7,
  0xf6, 0xf6, 0xf6, 0xf6, 0xff, 0x07, 0x07, 0x9b, 0x07, 0xf6, 0xff, 0xf6,
  0xf6, 0xf6, 0x08, 0xeb, 0xe3, 0xe3, 0xeb, 0xda, 0x48, 0x48, 0x40, 0x9b,
  0x9b, 0xa5, 0xed, 0x09, 0x09, 0x09, 0x09, 0xf6, 0xf6, 0xf6, 0xf6, 0xf6,
  0xf6, 0xf6, 0xf6, 0xf6, 0xf6, 0xf6, 0xff, 0x08, 0x00, 0x49, 0x49, 0x49,
  0x49, 0x49, 0x49, 0x49, 0x49, 0x49, 0x49, 0x49, 0x49, 0x49, 0x49, 0x49,
  0x49, 0x49, 0x49, 0x49, 0x49, 0x49, 0x49, 0x49, 0x49, 0x00, 0x49, 0x49,
  0x00, 0x49, 0x49, 0x00, 0x00, 0x49, 0x49, 0x49, 0x49, 0x49, 0x49, 0x49,
  0x49, 0x49, 0x49, 0x49, 0x49, 0x49, 0x49, 0x49, 0x49, 0x49, 0x49, 0x49,
  0x49, 0x49, 0x49, 0x49, 0x49, 0x49, 0x49, 0x49, 0x49, 0x49, 0x49, 0x49,
  0x49, 0x49, 0x49, 0x49, 0x49, 0x49, 0x49, 0x49, 0x49, 0x49, 0x49, 0x49,
  0x49, 0x49, 0x49, 0x49, 0x00, 0x00, 0xff, 0xff, 0xff, 0xff, 0xff, 0xff,
  0xf6, 0xf6, 0x5b, 0x00, 0x00, 0x00, 0x00, 0x00, 0x00, 0x00, 0x00, 0x00,
  0x00, 0x00, 0x00, 0x00, 0x00, 0x00, 0x00, 0x00, 0x00, 0x00, 0x00, 0x00,
  0x00, 0x00, 0x00, 0x49, 0x00, 0x00, 0x00, 0x00, 0x49, 0x49, 0x49, 0x00,
  0x00, 0x00, 0x00, 0x00, 0x00, 0x49, 0x00, 0x00, 0x00, 0x00, 0x00, 0x00,
  0x00, 0x00, 0x00, 0x49, 0x49, 0x49, 0x52, 0xf7, 0xf6, 0xf6, 0xf6, 0xf6,
  0xf6, 0xff, 0xff, 0x07, 0xa4, 0x09, 0x09, 0xf6, 0xf6, 0x09, 0x07, 0xa3,
  0xeb, 0x09, 0x09, 0x89, 0x40, 0x40, 0x81, 0x9b, 0x92, 0x9b, 0xe4, 0xed,
  0x09, 0xf6, 0x09, 0xf6, 0xf6, 0xf6, 0xf6, 0xff, 0xff, 0xff, 0xf6, 0xf6,
  0xf6, 0xf6, 0xff, 0xff, 0x49, 0x00, 0x49, 0x49, 0x49, 0x49, 0x49, 0x49,
  0x49, 0x49, 0x49, 0x49, 0x49, 0x49, 0x49, 0x49, 0x49, 0x49, 0x49, 0x49,
  0x49, 0x49, 0x49, 0x49, 0x00, 0x49, 0x49, 0x49, 0x49, 0x49, 0x49, 0x49,
  0x49, 0x00, 0x00, 0x49, 0x49, 0x49, 0x49, 0x49, 0x49, 0x49, 0x49, 0x49,
  0x49, 0x49, 0x49, 0x49, 0x49, 0x49, 0x49, 0x49, 0x49, 0x49, 0x49, 0x49,
  0x49, 0x49, 0x49, 0x49, 0x49, 0x49, 0x49, 0x49, 0x49, 0x49, 0x49, 0x49,
  0x49, 0x49, 0x49, 0x49, 0x49, 0x49, 0x49, 0x49, 0x49, 0x49, 0x49, 0x49,
  0x00, 0x00, 0xff, 0xff, 0xff, 0xff, 0xff, 0xff, 0xff, 0xff, 0xf6, 0xa4,
  0x00, 0x00, 0x00, 0x00, 0x00, 0x00, 0x00, 0x00, 0x00, 0x00, 0x00, 0x00,
  0x00, 0x00, 0x00, 0x00, 0x00, 0x00, 0x00, 0x00, 0x00, 0x00, 0x00, 0x00,
  0x00, 0x00, 0x00, 0x00, 0x00, 0x00, 0x00, 0x00, 0x00, 0x00, 0x00, 0x00,
  0x00, 0x49, 0x00, 0x00, 0x00, 0x00, 0x00, 0x00, 0x00, 0x00, 0x00, 0x49,
  0x49, 0x49, 0x52, 0xf7, 0xf6, 0xf6, 0xf6, 0xf6, 0xf6, 0xff, 0xff, 0xf6,
  0xa4, 0xf7, 0x09, 0x09, 0x09, 0x09, 0x08, 0xec, 0x91, 0x9a, 0x91, 0xec,
  0xa4, 0xa4, 0x9a, 0xe3, 0xe3, 0x9b, 0xa4, 0xf7, 0x09, 0x09, 0x09, 0xf6,
  0xf6, 0xf6, 0xf6, 0x09, 0x08, 0x08, 0xf6, 0xf6, 0xf6, 0xf6, 0xf6, 0xff,
  0xa4, 0x00, 0x49, 0x49, 0x49, 0x49, 0x49, 0x49, 0x49, 0x49, 0x49, 0x49,
  0x49, 0x49, 0x49, 0x49, 0x49, 0x49, 0x49, 0x49, 0x49, 0x49, 0x00, 0x00,
  0x00, 0x49, 0x49, 0x49, 0x49, 0x49, 0x49, 0x49, 0x49, 0x49, 0x00, 0x00,
  0x49, 0x49, 0x49, 0x49, 0x49, 0x49, 0x49, 0x49, 0x49, 0x49, 0x49, 0x49,
  0x49, 0x49, 0x49, 0x49, 0x49, 0x49, 0x49, 0x49, 0x49, 0x49, 0x49, 0x49,
  0x49, 0x49, 0x49, 0x49, 0x49, 0x49, 0x49, 0x49, 0x49, 0x49, 0x49, 0x49,
  0x49, 0x49, 0x49, 0x49, 0x49, 0x49, 0x49, 0x49, 0x00, 0x00, 0xff, 0xff,
  0xff, 0xff, 0xff, 0xff, 0xff, 0xff, 0xff, 0xff, 0xff, 0xf7, 0x49, 0x00,
  0x00, 0x00, 0x00, 0x00, 0x00, 0x00, 0x00, 0x00, 0x00, 0x00, 0x00, 0x00,
  0x00, 0x00, 0x00, 0x00, 0x00, 0x00, 0x00, 0x49, 0x00, 0x00, 0x00, 0x00,
  0x00, 0x00, 0x00, 0x00, 0x00, 0x00, 0x00, 0x00, 0x00, 0x49, 0x00, 0x00,
  0x00, 0x00, 0x00, 0x00, 0x00, 0x00, 0x00, 0x49, 0x49, 0x49, 0x5a, 0xa4,
  0x08, 0xf6, 0xf6, 0xf6, 0xf6, 0xf6, 0xf6, 0xff, 0x07, 0xa4, 0xf7, 0xed,
  0xed, 0x09, 0x08, 0xa3, 0x89, 0xc8, 0x90, 0x51, 0xda, 0xda, 0xda, 0x9a,
  0x9a, 0x9b, 0xa3, 0xf7, 0x09, 0x09, 0x09, 0x09, 0xf6, 0xf6, 0x09, 0xf5,
  0xf6, 0xf6, 0xff, 0xf6, 0xf6, 0xf6, 0xf6, 0xff, 0x07, 0x00, 0x49, 0x49,
  0x49, 0x49, 0x49, 0x49, 0x49, 0x49, 0x49, 0x49, 0x49, 0x49, 0x49, 0x49,
  0x49, 0x49, 0x49, 0x49, 0x49, 0x00, 0x00, 0x00, 0x49, 0x49, 0x49, 0x49,
  0x49, 0x49, 0x49, 0x49, 0x49, 0x49, 0x49, 0x49, 0x00, 0x49, 0x49, 0x49,
  0x49, 0x49, 0x49, 0x49, 0x49, 0x49, 0x49, 0x49, 0x49, 0x49, 0x49, 0x49,
  0x49, 0x49, 0x49, 0x49, 0x49, 0x49, 0x49, 0x49, 0x49, 0x49, 0x49, 0x49,
  0x49, 0x49, 0x49, 0x49, 0x49, 0x49, 0x49, 0x49, 0x49, 0x49, 0x49, 0x49,
  0x49, 0x49, 0x49, 0x49, 0x00, 0x00, 0xff, 0xff, 0xff, 0xff, 0xff, 0xff,
  0xff, 0xff, 0xff, 0xff, 0xff, 0xff, 0x08, 0x9b, 0x00, 0x00, 0x00, 0x00,
  0x00, 0x00, 0x00, 0x00, 0x00, 0x00, 0x00, 0x00, 0x00, 0x00, 0x00, 0x00,
  0x00, 0x00, 0x00, 0x00, 0x00, 0x00, 0x00, 0x00, 0x00, 0x00, 0x00, 0x00,
  0x49, 0x00, 0x00, 0x00, 0x00, 0x00, 0x00, 0x00, 0x00, 0x00, 0x00, 0x00,
  0x00, 0x00, 0x00, 0x00, 0x49, 0x49, 0x4a, 0x9b, 0xf6, 0xf6, 0xf6, 0xf6,
  0xf6, 0xf6, 0xf6, 0xff, 0x08, 0xa4, 0x9b, 0xa4, 0xf7, 0x07, 0xf5, 0x51,
  0x00, 0x9a, 0xec, 0xe3, 0xd1, 0xd1, 0x09, 0xe3, 0x9a, 0x00, 0x89, 0x9b,
  0xf7, 0x09, 0xed, 0x09, 0x09, 0x09, 0xf5, 0xf6, 0xff, 0xff, 0xf6, 0xf6,
  0xff, 0xf6, 0xf6, 0xff, 0xf6, 0x49, 0x00, 0x49, 0x49, 0x49, 0x49, 0x49,
  0x49, 0x49, 0x49, 0x49, 0x49, 0x49, 0x49, 0x49, 0x49, 0x49, 0x49, 0x49,
  0x49, 0x00, 0x49, 0x49, 0x49, 0x49, 0x49, 0x49, 0x49, 0x49, 0x49, 0x49,
  0x49, 0x49, 0x49, 0x49, 0x49, 0x00, 0x00, 0x00, 0x49, 0x49, 0x49, 0x49,
  0x49, 0x49, 0x49, 0x49, 0x49, 0x49, 0x49, 0x49, 0x49, 0x49, 0x49, 0x49,
  0x49, 0x49, 0x49, 0x49, 0x49, 0x49, 0x49, 0x49, 0x49, 0x49, 0x49, 0x49,
  0x49, 0x49, 0x49, 0x49, 0x49, 0x49, 0x49, 0x49, 0x49, 0x49, 0x49, 0x49,
  0x00, 0x00, 0xff, 0xff, 0xff, 0xff, 0xff, 0xff, 0xff, 0xff, 0xff, 0xff,
  0xff, 0xff, 0xff, 0xff, 0xf7, 0x49, 0x00, 0x00, 0x00, 0x00, 0x00, 0x00,
  0x00, 0x00, 0x00, 0x00, 0x00, 0x00, 0x00, 0x00, 0x00, 0x00, 0x00, 0x00,
  0x00, 0x00, 0x00, 0x00, 0x00, 0x00, 0x00, 0x00, 0x00, 0x00, 0x00, 0x00,
  0x00, 0x00, 0x00, 0x00, 0x00, 0x00, 0x00, 0x00, 0x00, 0x00, 0x00, 0x00,
  0x49, 0x49, 0x49, 0x9a, 0x08, 0xf6, 0xf6, 0xf6, 0xf6, 0xf6, 0xf6, 0xff,
  0xff, 0x07, 0x9b, 0x9b, 0xa4, 0xed, 0xe4, 0x92, 0x91, 0xe3, 0xe3, 0xec,
  0xda, 0xda, 0x09, 0x9a, 0x9a, 0x49, 0x92, 0x92, 0x9b, 0xf7, 0xf7, 0xf5,
  0x09, 0x09, 0xff, 0xf6, 0xf6, 0xf6, 0xf6, 0xf6, 0xf6, 0xf6, 0xff, 0xf6,
  0xff, 0xa4, 0x00, 0x49, 0x49, 0x49, 0x49, 0x49, 0x49, 0x49, 0x49, 0x49,
  0x49, 0x49, 0x49, 0x49, 0x49, 0x49, 0x49, 0x49, 0x49, 0x49, 0x49, 0x49,
  0x49, 0x49, 0x49, 0x49, 0x49, 0x49, 0x49, 0x49, 0x49, 0x49, 0x49, 0x49,
  0x49, 0x49, 0x49, 0x00, 0x40, 0x49, 0x49, 0x49, 0x49, 0x49, 0x49, 0x49,
  0x49, 0x49, 0x49, 0x49, 0x49, 0x49, 0x49, 0x49, 0x49, 0x49, 0x49, 0x49,
  0x49, 0x49, 0x49, 0x49, 0x49, 0x49, 0x49, 0x49, 0x49, 0x49, 0x49, 0x49,
  0x49, 0x49, 0x49, 0x49, 0x49, 0x49, 0x49, 0x49, 0x00, 0x00, 0xff, 0xff,
  0xff, 0xff, 0xff, 0xff, 0xff, 0xff, 0xff, 0xff, 0xff, 0xff, 0xff, 0xff,
  0xff, 0x07, 0x52, 0x00, 0x00, 0x00, 0x00, 0x00, 0x00, 0x00, 0x00, 0x00,
  0x00, 0x00, 0x00, 0x00, 0x00, 0x00, 0x00, 0x00, 0x00, 0x00, 0x00, 0x00,
  0x00, 0x00, 0x00, 0x00, 0x00, 0x00, 0x00, 0x00, 0x00, 0x00, 0x00, 0x00,
  0x00, 0x00, 0x00, 0x00, 0x00, 0x00, 0x00, 0x00, 0x49, 0x49, 0x49, 0x52,
  0x08, 0xf6, 0x09, 0x09, 0xf6, 0xf6, 0xf6, 0xf6, 0xff, 0xf6, 0xa4, 0x52,
  0x9b, 0x9b, 0x9b, 0x9a, 0xe3, 0xec, 0xe3, 0xda, 0xeb, 0xeb, 0xe3, 0x41,
  0x48, 0x40, 0x92, 0xa3, 0x92, 0x93, 0x9b, 0xa4, 0xf7, 0x08, 0xff, 0xf6,
  0xf6, 0xf6, 0xf6, 0xf6, 0xf6, 0xf6, 0xf6, 0xf6, 0xff, 0x07, 0x40, 0x49,
  0x49, 0x49, 0x49, 0x49, 0x49, 0x49, 0x49, 0x49, 0x49, 0x49, 0x49, 0x49,
  0x49, 0x49, 0x49, 0x00, 0x49, 0x49, 0x49, 0x49, 0x49, 0x49, 0x49, 0x49,
  0x49, 0x49, 0x49, 0x49, 0x49, 0x49, 0x49, 0x49, 0x49, 0x49, 0x49, 0x49,
  0x49, 0x49, 0x49, 0x49, 0x49, 0x49, 0x49, 0x49, 0x49, 0x49, 0x49, 0x49,
  0x49, 0x49, 0x49, 0x49, 0x49, 0x49, 0x49, 0x49, 0x49, 0x49, 0x49, 0x49,
  0x49, 0x49, 0x49, 0x49, 0x49, 0x49, 0x49, 0x49, 0x49, 0x49, 0x49, 0x49,
  0x49, 0x49, 0x49, 0x49, 0x00, 0x00, 0xff, 0xff, 0xff, 0xff, 0xff, 0xff,
  0xff, 0xff, 0xff, 0xff, 0xff, 0xff, 0xff, 0xff, 0xff, 0xff, 0x08, 0xf7,
  0x52, 0x00, 0x00, 0x00, 0x00, 0x00, 0x00, 0x00, 0x00, 0x00, 0x00, 0x00,
  0x00, 0x00, 0x00, 0x00, 0x00, 0x00, 0x00, 0x00, 0x00, 0x00, 0x00, 0x00,
  0x00, 0x00, 0x00, 0x00, 0x00, 0x00, 0x00, 0x00, 0x00, 0x00, 0x00, 0x00,
  0x00, 0x00, 0x00, 0x00, 0x49, 0x49, 0x49, 0x52, 0xf7, 0xf6, 0x09, 0xf6,
  0xf6, 0xf6, 0xf6, 0xf6, 0xf6, 0xff, 0x08, 0x5b, 0x5b, 0x5b, 0x9b, 0xdb,
  0xe3, 0xf4, 0xec, 0x9b, 0xec, 0xec, 0x9b, 0x89, 0x9a, 0x91, 0x9a, 0x9a,
  0x9a, 0x9a, 0x52, 0x52, 0x07, 0xf6, 0xf6, 0xf6, 0xf6, 0xf6, 0xf6, 0xf6,
  0xf6, 0xff, 0xf6, 0xff, 0xff, 0xff, 0x52, 0x00, 0x49, 0x49, 0x49, 0x49,
  0x49, 0x49, 0x49, 0x49, 0x49, 0x49, 0x49, 0x49, 0x49, 0x49, 0x49, 0x00,
  0x49, 0x49, 0x49, 0x49, 0x49, 0x49, 0x49, 0x49, 0x49, 0x49, 0x49, 0x49,
  0x49, 0x49, 0x49, 0x49, 0x49, 0x49, 0x49, 0x49, 0x49, 0x49, 0x49, 0x49,
  0x49, 0x49, 0x49, 0x49, 0x49, 0x49, 0x49, 0x49, 0x49, 0x49, 0x49, 0x49,
  0x49, 0x49, 0x49, 0x49, 0x49, 0x49, 0x49, 0x49, 0x49, 0x49, 0x49, 0x49,
  0x49, 0x49, 0x49, 0x49, 0x49, 0x49, 0x49, 0x49, 0x49, 0x49, 0x49, 0x49,
  0x00, 0x00, 0xff, 0xff, 0xff, 0xff, 0xff, 0xff, 0xff, 0xff, 0xff, 0xff,
  0xff, 0xff, 0xff, 0xff, 0xff, 0xff, 0xff, 0xff, 0xf6, 0xf7, 0x5b, 0x49,
  0x49, 0x00, 0x00, 0x00, 0x00, 0x00, 0x00, 0x00, 0x00, 0x00, 0x00, 0x00,
  0x00, 0x00, 0x00, 0x00, 0x00, 0x00, 0x00, 0x00, 0x00, 0x00, 0x00, 0x00,
  0x00, 0x00, 0x00, 0x00, 0x00, 0x00, 0x00, 0x00, 0x00, 0x00, 0x00, 0x00,
  0x49, 0x49, 0x49, 0x49, 0xac, 0xf6, 0x09, 0x09, 0xf6, 0xf6, 0xf6, 0xf6,
  0xf6, 0xf6, 0xf6, 0xf7, 0x52, 0x5b, 0x9b, 0xe4, 0xeb, 0xec, 0xf5, 0x99,
  0x91, 0x91, 0x91, 0x90, 0xe3, 0xda, 0xe3, 0xd9, 0xda, 0x51, 0x49, 0xf7,
  0xff, 0xf6, 0xf6, 0xf6, 0xf6, 0xf6, 0xf6, 0xf6, 0xf6, 0xff, 0xff, 0xff,
  0xff, 0xff, 0xa4, 0x00, 0x49, 0x49, 0x49, 0x49, 0x49, 0x49, 0x49, 0x49,
  0x49, 0x49, 0x49, 0x49, 0x49, 0x00, 0x00, 0x49, 0x49, 0x49, 0x49, 0x49,
  0x49, 0x49, 0x49, 0x49, 0x49, 0x49, 0x49, 0x49, 0x49, 0x49, 0x49, 0x49,
  0x49, 0x49, 0x49, 0x49, 0x49, 0x49, 0x49, 0x49, 0x49, 0x49, 0x49, 0x49,
  0x49, 0x49, 0x49, 0x49, 0x49, 0x49, 0x49, 0x49, 0x49, 0x49, 0x49, 0x49,
  0x49, 0x49, 0x49, 0x49, 0x49, 0x49, 0x49, 0x49, 0x49, 0x49, 0x49, 0x49,
  0x49, 0x49, 0x49, 0x49, 0x49, 0x49, 0x49, 0x9b, 0x00, 0x00, 0xff, 0xff,
  0xff, 0xff, 0xff, 0xff, 0xff, 0xff, 0xff, 0xff, 0xff, 0xff, 0xff, 0xff,
  0xff, 0xff, 0xff, 0xff, 0xff, 0xff, 0xf6, 0xf5, 0xf5, 0xa3, 0x49, 0x00,
  0x00, 0x00, 0x00, 0x00, 0x00, 0x00, 0x00, 0x00, 0x00, 0x00, 0x00, 0x00,
  0x00, 0x00, 0x00, 0x00, 0x00, 0x00, 0x00, 0x00, 0x00, 0x00, 0x00, 0x00,
  0x00, 0x00, 0x00, 0x00, 0x00, 0x00, 0x00, 0x00, 0x49, 0x49, 0x00, 0x49,
  0xa3, 0xf6, 0x09, 0x09, 0xf6, 0xf6, 0xf6, 0xf6, 0xf6, 0xf6, 0xff, 0xf6,
  0xa4, 0x52, 0x9b, 0xdb, 0xe3, 0xdb, 0xdb, 0x49, 0x89, 0x89, 0x9b, 0x99,
  0xe3, 0xe3, 0xec, 0xe3, 0x99, 0x00, 0xa4, 0xff, 0xff, 0xf6, 0xf6, 0xf6,
  0xf6, 0xf6, 0xf6, 0xf6, 0xf6, 0xf6, 0xff, 0xf6, 0xf6, 0xff, 0x07, 0x00,
  0x49, 0x49, 0x49, 0x49, 0x49, 0x49, 0x49, 0x49, 0x49, 0x49, 0x49, 0x49,
  0x49, 0x00, 0x49, 0x49, 0x49, 0x49, 0x49, 0x49, 0x49, 0x49, 0x49, 0x49,
  0x49, 0x49, 0x49, 0x49, 0x49, 0x49, 0x49, 0x49, 0x49, 0x49, 0x49, 0x49,
  0x49, 0x49, 0x49, 0x49, 0x49, 0x49, 0x49, 0x49, 0x49, 0x49, 0x49, 0x49,
  0x49, 0x49, 0x49, 0x49, 0x49, 0x49, 0x49, 0x49, 0x49, 0x49, 0x49, 0x49,
  0x49, 0x49, 0x49, 0x49, 0x49, 0x49, 0x49, 0x49, 0x49, 0x49, 0x49, 0x49,
  0x49, 0x49, 0xa4, 0xf6, 0x00, 0x00, 0xff, 0xff, 0xff, 0xff, 0xff, 0xff,
  0xff, 0xff, 0xff, 0xff, 0xff, 0xff, 0xff, 0xff, 0xff, 0xff, 0xff, 0xff,
  0xff, 0xff, 0xff, 0xff, 0xff, 0xf6, 0x07, 0xa4, 0x52, 0x00, 0x00, 0x00,
  0x00, 0x00, 0x00, 0x00, 0x00, 0x00, 0x00, 0x00, 0x00, 0x00, 0x00, 0x00,
  0x00, 0x00, 0x00, 0x00, 0x00, 0x00, 0x00, 0x00, 0x00, 0x00, 0x00, 0x00,
  0x00, 0x00, 0x00, 0x00, 0x00, 0x40, 0x49, 0x12, 0xa3, 0xf6, 0x09, 0x09,
  0xf6, 0xf6, 0xf6, 0xff, 0xf6, 0xf6, 0xf6, 0xff, 0xf6, 0x9b, 0x49, 0x89,
  0x92, 0x51, 0x92, 0x89, 0xe3, 0xe3, 0xe4, 0xa2, 0xe3, 0xda, 0xec, 0x9a,
  0x88, 0xa4, 0xf6, 0xff, 0xf6, 0xf6, 0xf6, 0xf6, 0xf6, 0xf6, 0xf6, 0xf6,
  0xf6, 0xf6, 0xf6, 0xf6, 0xf6, 0xff, 0xf6, 0x49, 0x49, 0x49, 0x49, 0x49,
  0x49, 0x49, 0x49, 0x49, 0x49, 0x49, 0x49, 0x49, 0x00, 0x49, 0x49, 0x49,
  0x49, 0x49, 0x49, 0x49, 0x49, 0x49, 0x49, 0x49, 0x49, 0x49, 0x49, 0x49,
  0x49, 0x49, 0x49, 0x49, 0x49, 0x49, 0x49, 0x49, 0x49, 0x49, 0x49, 0x49,
  0x49, 0x49, 0x49, 0x49, 0x49, 0x49, 0x49, 0x49, 0x49, 0x49, 0x49, 0x49,
  0x49, 0x49, 0x49, 0x49, 0x49, 0x49, 0x49, 0x49, 0x49, 0x49, 0x49, 0x49,
  0x49, 0x49, 0x49, 0x49, 0x49, 0x49, 0x49, 0x49, 0x49, 0x9c, 0xf6, 0xff,
  0x00, 0x00, 0xff, 0xff, 0xff, 0xff, 0xff, 0xff, 0xff, 0xff, 0xff, 0xff,
  0xff, 0xff, 0xff, 0xff, 0xff, 0xff, 0xff, 0xff, 0xff, 0xff, 0xff, 0xff,
  0xff, 0xff, 0xff, 0xff, 0x07, 0x9b, 0x00, 0x00, 0x00, 0x00, 0x00, 0x00,
  0x00, 0x00, 0x00, 0x00, 0x00, 0x00, 0x00, 0x00, 0x00, 0x00, 0x00, 0x00,
  0x00, 0x00, 0x00, 0x00, 0x00, 0x00, 0x00, 0x00, 0x00, 0x00, 0x00, 0x00,
  0x00, 0x00, 0x49, 0x4a, 0x9b, 0xf6, 0x09, 0x09, 0x09, 0xf6, 0xf6, 0xf6,
  0xf6, 0xf6, 0xf6, 0xf6, 0xff, 0x07, 0x49, 0x89, 0x92, 0x91, 0xda, 0xda,
  0xec, 0xec, 0xda, 0xac, 0xec, 0xec, 0xeb, 0x00, 0x9b, 0xff, 0xff, 0xf6,
  0xf6, 0xf6, 0xf6, 0xf6, 0xf6, 0xf6, 0xff, 0xf6, 0xf6, 0xf6, 0xff, 0xf6,
  0xf6, 0xf6, 0xff, 0x9b, 0x00, 0x49, 0x49, 0x49, 0x49, 0x49, 0x49, 0x49,
  0x49, 0x49, 0x49, 0x00, 0x49, 0x49, 0x49, 0x49, 0x49, 0x49, 0x00, 0x00,
  0x49, 0x49, 0x49, 0x49, 0x49, 0x49, 0x49, 0x49, 0x49, 0x49, 0x49, 0x49,
  0x49, 0x49, 0x49, 0x49, 0x49, 0x49, 0x49, 0x49, 0x49, 0x49, 0x49, 0x49,
  0x49, 0x49, 0x49, 0x49, 0x49, 0x49, 0x49, 0x49, 0x49, 0x49, 0x49, 0x49,
  0x49, 0x49, 0x49, 0x49, 0x49, 0x49, 0x49, 0x49, 0x49, 0x49, 0x49, 0x49,
  0x49, 0x49, 0x49, 0x48, 0x5a, 0xf6, 0xff, 0xff, 0x00, 0x00, 0xff, 0xff,
  0xff, 0xff, 0xff, 0xff, 0xff, 0xff, 0xff, 0xff, 0xff, 0xff, 0xff, 0xff,
  0xff, 0xff, 0xff, 0xff, 0xff, 0xff, 0xff, 0xff, 0xff, 0xff, 0xff, 0xff,
  0xff, 0xf6, 0x07, 0x63, 0x00, 0x00, 0x00, 0x00, 0x00, 0x00, 0x00, 0x00,
  0x00, 0x00, 0x00, 0x00, 0x00, 0x00, 0x00, 0x00, 0x00, 0x00, 0x00, 0x00,
  0x00, 0x00, 0x00, 0x00, 0x00, 0x00, 0x00, 0x00, 0x00, 0x00, 0x00, 0x42,
  0x53, 0xf6, 0x09, 0x09, 0xf6, 0xf6, 0xf6, 0xf6, 0xf6, 0xf6, 0xf6, 0xf6,
  0xf6, 0xf6, 0xed, 0x9a, 0xda, 0xe3, 0xe3, 0x09, 0xec, 0xec, 0xe3, 0xe4,
  0x9a, 0xe3, 0x91, 0x9b, 0xf6, 0xff, 0xf6, 0xf6, 0xf6, 0xf6, 0xf6, 0xf6,
  0xf6, 0xf6, 0xff, 0xf6, 0xf6, 0xf6, 0xf6, 0xf6, 0xf6, 0xf6, 0xff, 0x07,
  0x00, 0x49, 0x49, 0x49, 0x49, 0x49, 0x49, 0x49, 0x49, 0x49, 0x49, 0x49,
  0x49, 0x49, 0x49, 0x49, 0x49, 0x00, 0x49, 0x49, 0x49, 0x49, 0x49, 0x49,
  0x49, 0x49, 0x49, 0x49, 0x49, 0x49, 0x49, 0x49, 0x49, 0x49, 0x49, 0x49,
  0x49, 0x49, 0x49, 0x49, 0x49, 0x49, 0x49, 0x49, 0x49, 0x49, 0x49, 0x49,
  0x49, 0x49, 0x49, 0x49, 0x49, 0x49, 0x49, 0x49, 0x49, 0x49, 0x49, 0x49,
  0x49, 0x49, 0x49, 0x49, 0x49, 0x49, 0x49, 0x49, 0x49, 0x49, 0x49, 0x91,
  0x07, 0xff, 0xff, 0xff, 0x00, 0x00, 0xff, 0xff, 0xff, 0xff, 0xff, 0xff,
  0xff, 0xff, 0xff, 0xff, 0xff, 0xff, 0xff, 0xff, 0xff, 0xff, 0xff, 0xff,
  0xff, 0xff, 0xff, 0xff, 0xff, 0xff, 0xff, 0xff, 0xff, 0xff, 0xff, 0xf6,
  0x07, 0x9b, 0x00, 0x00, 0x00, 0x00, 0x00, 0x00, 0x00, 0x00, 0x00, 0x00,
  0x00, 0x00, 0x00, 0x00, 0x00, 0x00, 0x00, 0x00, 0x00, 0x00, 0x00, 0x00,
  0x00, 0x00, 0x00, 0x00, 0x00, 0x00, 0x49, 0x49, 0x52, 0xf6, 0x09, 0x09,
  0xf6, 0xf6, 0xf6, 0xf6, 0xf6, 0xf6, 0xf6, 0xf6, 0xf6, 0xf6, 0xf6, 0x09,
  0xe3, 0xe3, 0xec, 0x09, 0xe3, 0xe3, 0xec, 0xe3, 0x04, 0x40, 0x93, 0xff,
  0xff, 0xf6, 0xf6, 0xf6, 0xf6, 0xf6, 0xf6, 0xf6, 0xf6, 0xf6, 0xf6, 0xf6,
  0xf6, 0xf6, 0xf6, 0xf6, 0xf6, 0xf6, 0xff, 0xf6, 0x49, 0x49, 0x49, 0x49,
  0x49, 0x49, 0x49, 0x49, 0x49, 0x49, 0x49, 0x49, 0x49, 0x49, 0x49, 0x49,
  0x49, 0x49, 0x49, 0x49, 0x49, 0x49, 0x49, 0x49, 0x49, 0x49, 0x49, 0x49,
  0x49, 0x49, 0x49, 0x49, 0x49, 0x49, 0x49, 0x49, 0x49, 0x49, 0x49, 0x49,
  0x49, 0x49, 0x49, 0x49, 0x49, 0x49, 0x49, 0x49, 0x49, 0x49, 0x49, 0x49,
  0x49, 0x49, 0x49, 0x49, 0x49, 0x49, 0x49, 0x49, 0x49, 0x49, 0x49, 0x49,
  0x49, 0x49, 0x49, 0x49, 0x49, 0x49, 0x40, 0x5b, 0xff, 0xff, 0xff, 0xff,
  0x00, 0x00, 0xff, 0xff, 0xff, 0xff, 0xff, 0xff, 0xff, 0xff, 0xff, 0xff,
  0xff, 0xff, 0xff, 0xff, 0xff, 0xff, 0xff, 0xff, 0xff, 0xff, 0xff, 0xff,
  0xff, 0xff, 0xff, 0xff, 0xff, 0xff, 0xff, 0xff, 0xff, 0xf6, 0xf7, 0x52,
  0x00, 0x00, 0x00, 0x00, 0x00, 0x00, 0x00, 0x00, 0x00, 0x00, 0x00, 0x00,
  0x00, 0x00, 0x00, 0x00, 0x00, 0x00, 0x00, 0x00, 0x00, 0x00, 0x00, 0x00,
  0x00, 0x48, 0x00, 0x0a, 0x49, 0x09, 0x09, 0x09, 0x09, 0xf6, 0xf6, 0xf6,
  0xff, 0xf6, 0xf6, 0xf6, 0xf6, 0xf6, 0xf6, 0xff, 0x08, 0xec, 0xe3, 0xec,
  0xd2, 0xd2, 0x49, 0x91, 0x40, 0x9b, 0xf6, 0xff, 0xf6, 0xf6, 0xf6, 0xf6,
  0xf6, 0xf6, 0xf6, 0xf6, 0xff, 0xff, 0xf6, 0xf6, 0xf6, 0xf6, 0xf6, 0x09,
  0x09, 0xf6, 0xf6, 0xff, 0xa4, 0x40, 0x49, 0x49, 0x49, 0x49, 0x49, 0x00,
  0x00, 0x00, 0x49, 0x49, 0x49, 0x49, 0x49, 0x49, 0x49, 0x49, 0x00, 0x00,
  0x49, 0x49, 0x00, 0x00, 0x00, 0x49, 0x49, 0x49, 0x49, 0x49, 0x49, 0x49,
  0x49, 0x49, 0x49, 0x49, 0x49, 0x49, 0x49, 0x49, 0x49, 0x49, 0x49, 0x49,
  0x49, 0x49, 0x49, 0x49, 0x49, 0x49, 0x49, 0x49, 0x49, 0x49, 0x49, 0x49,
  0x49, 0x49, 0x49, 0x49, 0x49, 0x49, 0x49, 0x49, 0x49, 0x49, 0x49, 0x49,
  0x49, 0x40, 0x00, 0xf7, 0xff, 0xff, 0xff, 0xff, 0x00, 0x00, 0xff, 0xff,
  0xff, 0xff, 0xff, 0xff, 0xff, 0xff, 0xff, 0xff, 0xff, 0xff, 0xff, 0xff,
  0xff, 0xff, 0xff, 0xff, 0xff, 0xff, 0xff, 0xff, 0xff, 0xff, 0xff, 0xff,
  0xff, 0xff, 0xff, 0xff, 0xff, 0xff, 0xff, 0x08, 0xf7, 0x52, 0x00, 0x00,
  0x00, 0x00, 0x00, 0x00, 0x00, 0x00, 0x00, 0x00, 0x00, 0x00, 0x00, 0x00,
  0x00, 0x00, 0x00, 0x00, 0x00, 0x00, 0x00, 0x00, 0x00, 0x00, 0x00, 0x0a,
  0x49, 0x09, 0x09, 0x09, 0x09, 0xf6, 0xf6, 0xf6, 0xff, 0xf6, 0xf6, 0xf6,
  0xf6, 0xf6, 0xf6, 0xff, 0xf6, 0x07, 0x9c, 0x9b, 0x92, 0x92, 0x52, 0xdb,
  0xec, 0xf6, 0xff, 0xff, 0xf6, 0xf6, 0xf6, 0xf6, 0xf6, 0xf6, 0xf6, 0xf6,
  0xf6, 0xf6, 0xf6, 0xf6, 0xf6, 0xf6, 0xf6, 0x09, 0x09, 0xf6, 0xf6, 0xff,
  0x07, 0x00, 0x49, 0x49, 0x49, 0x49, 0x49, 0x40, 0x00, 0x00, 0x49, 0x49,
  0x49, 0x49, 0x49, 0x00, 0x00, 0x00, 0x00, 0x00, 0x00, 0x49, 0x00, 0x49,
  0x49, 0x49, 0x49, 0x49, 0x49, 0x49, 0x49, 0x49, 0x49, 0x49, 0x49, 0x49,
  0x49, 0x49, 0x49, 0x49, 0x49, 0x49, 0x49, 0x49, 0x49, 0x49, 0x49, 0x49,
  0x49, 0x49, 0x49, 0x49, 0x49, 0x49, 0x49, 0x49, 0x49, 0x49, 0x49, 0x49,
  0x49, 0x49, 0x49, 0x49, 0x49, 0x49, 0x49, 0x49, 0x49, 0x00, 0xad, 0xff,
  0xff, 0xff, 0xff, 0xff, 0x00, 0x00, 0xff, 0xff, 0xff, 0xff, 0xff, 0xff,
  0xff, 0xff, 0xff, 0xff, 0xff, 0xff, 0xff, 0xff, 0xff, 0xff, 0xff, 0xff,
  0xff, 0xff, 0xff, 0xff, 0xff, 0xff, 0xff, 0xff, 0xff, 0xff, 0xff, 0xff,
  0xff, 0xff, 0xff, 0xff, 0xff, 0xf6, 0xf7, 0xf7, 0x52, 0x00, 0x00, 0x00,
  0x00, 0x00, 0x00, 0x00, 0x00, 0x00, 0x00, 0x00, 0x00, 0x00, 0x00, 0x00,
  0x00, 0x00, 0x00, 0x00, 0x00, 0x00, 0x49, 0x0a, 0x00, 0xec, 0x09, 0x09,
  0x09, 0x09, 0x09, 0xf6, 0xff, 0xf6, 0xf6, 0xf6, 0xf6, 0xff, 0xff, 0x08,
  0xa5, 0x54, 0x5d, 0x5d, 0x55, 0x55, 0x54, 0x64, 0xf6, 0xff, 0xf6, 0xf6,
  0xf6, 0xf6, 0xf6, 0xf6, 0xf6, 0xf6, 0xf6, 0xf6, 0xf6, 0xf6, 0xf6, 0xf6,
  0xf6, 0xf6, 0x09, 0x09, 0x09, 0x09, 0x09, 0x09, 0x09, 0x0a, 0x40, 0x49,
  0x49, 0x49, 0x00, 0x00, 0x00, 0x49, 0x49, 0x49, 0x00, 0x49, 0x49, 0x00,
  0x00, 0x00, 0x00, 0x00, 0x49, 0x49, 0x49, 0x49, 0x49, 0x49, 0x49, 0x49,
  0x49, 0x49, 0x49, 0x49, 0x49, 0x49, 0x49, 0x49, 0x49, 0x49, 0x49, 0x49,
  0x49, 0x49, 0x49, 0x49, 0x49, 0x49, 0x49, 0x49, 0x49, 0x49, 0x49, 0x49,
  0x49, 0x49, 0x49, 0x49, 0x49, 0x49, 0x49, 0x49, 0x49, 0x49, 0x49, 0x49,
  0x49, 0x49, 0x49, 0x00, 0x49, 0xed, 0xff, 0xff, 0xff, 0xff, 0xff, 0xff,
  0x00, 0x00, 0xff, 0xff, 0xff, 0xff, 0xff, 0xff, 0xff, 0xff, 0xff, 0xff,
  0xff, 0xff, 0xff, 0xff, 0xff, 0xff, 0xff, 0xff, 0xff, 0xff, 0xff, 0xff,
  0xff, 0xff, 0xff, 0xff, 0xff, 0xff, 0xff, 0xff, 0xff, 0xff, 0xff, 0xff,
  0xff, 0xff, 0xff, 0xff, 0xf6, 0xf7, 0x49, 0x00, 0x00, 0x00, 0x00, 0x00,
  0x00, 0x00, 0x00, 0x00, 0x00, 0x00, 0x00, 0x00, 0x00, 0x00, 0x00, 0x00,
  0x00, 0x00, 0x41, 0x49, 0x0a, 0xa5, 0x09, 0x09, 0x09, 0x09, 0x09, 0x09,
  0xff, 0xf6, 0xf6, 0xf6, 0xf6, 0xff, 0x07, 0x9c, 0x54, 0x5d, 0x5d, 0x5d,
  0x5d, 0x5d, 0x54, 0x13, 0x14, 0x08, 0xff, 0xff, 0xf6, 0xf6, 0xf6, 0xf6,
  0xf6, 0xf6, 0xff, 0xff, 0xf6, 0xf6, 0xf6, 0xf6, 0xf6, 0xf6, 0x09, 0x09,
  0x09, 0x09, 0x09, 0x09, 0x09, 0x52, 0x00, 0x49, 0x49, 0x49, 0x49, 0x00,
  0x00, 0x00, 0x00, 0x00, 0x00, 0x00, 0x00, 0x00, 0x00, 0x00, 0x00, 0x00,
  0x49, 0x00, 0x49, 0x49, 0x49, 0x49, 0x49, 0x49, 0x49, 0x00, 0x49, 0x49,
  0x49, 0x49, 0x49, 0x49, 0x49, 0x49, 0x49, 0x49, 0x49, 0x49, 0x49, 0x49,
  0x49, 0x49, 0x49, 0x49, 0x49, 0x49, 0x49, 0x49, 0x49, 0x49, 0x49, 0x49,
  0x49, 0x49, 0x49, 0x49, 0x49, 0x49, 0x49, 0x49, 0x49, 0x49, 0x00, 0x00,
  0xb6, 0xff, 0xff, 0xff, 0xff, 0xff, 0xff, 0xff, 0x00, 0x00, 0xff, 0xff,
  0xff, 0xff, 0xff, 0xff, 0xff, 0xff, 0xff, 0xff, 0xff, 0xff, 0xff, 0xff,
  0xff, 0xff, 0xff, 0xff, 0xff, 0xff, 0xff, 0xff, 0xff, 0xff, 0xff, 0xff,
  0xff, 0xff, 0xff, 0xff, 0xff, 0xff, 0xff, 0xff, 0xff, 0xff, 0xff, 0xff,
  0xff, 0xff, 0x08, 0x9b, 0x00, 0x00, 0x00, 0x00, 0x00, 0x00, 0x00, 0x00,
  0x00, 0x00, 0x00, 0x00, 0x00, 0x00, 0x00, 0x00, 0x00, 0x00, 0x00, 0x49,
  0x00, 0xa5, 0x09, 0x09, 0x09, 0x09, 0x09, 0xf6, 0xff, 0xf6, 0xf6, 0xff,
  0xff, 0xf5, 0x5c, 0x55, 0x5d, 0x5d, 0x5c, 0x5c, 0x5c, 0x5c, 0x54, 0x54,
  0x0a, 0x54, 0x08, 0xff, 0xf6, 0xff, 0xf6, 0xf6, 0xff, 0xf6, 0xf6, 0xff,
  0xf6, 0xf6, 0xf6, 0xf6, 0xf6, 0x09, 0x09, 0x09, 0x09, 0x09, 0x09, 0x09,
  0xff, 0xf7, 0x00, 0x00, 0x00, 0x49, 0x49, 0x00, 0x49, 0x00, 0x00, 0x00,
  0x49, 0x49, 0x00, 0x00, 0x00, 0x00, 0x49, 0x49, 0x00, 0x00, 0x00, 0x00,
  0x00, 0x49, 0x49, 0x49, 0x49, 0x49, 0x49, 0x49, 0x49, 0x49, 0x49, 0x49,
  0x49, 0x49, 0x49, 0x49, 0x49, 0x49, 0x49, 0x49, 0x49, 0x49, 0x49, 0x49,
  0x49, 0x49, 0x49, 0x49, 0x49, 0x49, 0x49, 0x49, 0x49, 0x49, 0x49, 0x49,
  0x49, 0x49, 0x49, 0x49, 0x00, 0x00, 0x00, 0x07, 0xff, 0xff, 0xff, 0xff,
  0xff, 0xff, 0xff, 0xff, 0x00, 0x00, 0xff, 0xff, 0xff, 0xff, 0xff, 0xff,
  0xff, 0xff, 0xff, 0xff, 0xff, 0xff, 0xff, 0xff, 0xff, 0xff, 0xff, 0xff,
  0xff, 0xff, 0xff, 0xff, 0xff, 0xff, 0xff, 0xff, 0xff, 0xff, 0xff, 0xff,
  0xff, 0xff, 0xff, 0xff, 0xff, 0xff, 0xff, 0xff, 0xff, 0xff, 0xff, 0xff,
  0x08, 0x40, 0x00, 0x00, 0x00, 0x00, 0x00, 0x00, 0x00, 0x00, 0x00, 0x00,
  0x00, 0x00, 0x00, 0x00, 0x00, 0x49, 0x49, 0x49, 0x00, 0x54, 0x09, 0x09,
  0x09, 0x09, 0x09, 0xf6, 0xf6, 0xf6, 0xf6, 0xff, 0xf7, 0x53, 0x5d, 0x5c,
  0x5d, 0x5d, 0x5d, 0x5c, 0x5c, 0x5c, 0x5d, 0x5c, 0x5c, 0x55, 0x54, 0xf6,
  0xff, 0xf6, 0xf6, 0xff, 0xf6, 0xff, 0xf6, 0xf6, 0xf6, 0xf6, 0xf6, 0xf6,
  0xf6, 0x09, 0x09, 0x09, 0x09, 0x09, 0x09, 0x09, 0x09, 0x07, 0x00, 0x49,
  0x49, 0x00, 0x00, 0x00, 0x00, 0x00, 0x49, 0x00, 0x00, 0x00, 0x00, 0x00,
  0x00, 0x00, 0x00, 0x00, 0x41, 0x00, 0x49, 0x49, 0x49, 0x49, 0x00, 0x49,
  0x49, 0x49, 0x49, 0x49, 0x49, 0x49, 0x49, 0x49, 0x49, 0x49, 0x49, 0x49,
  0x49, 0x49, 0x49, 0x49, 0x49, 0x49, 0x49, 0x49, 0x49, 0x49, 0x49, 0x49,
  0x49, 0x49, 0x49, 0x49, 0x49, 0x49, 0x49, 0x49, 0x49, 0x49, 0x49, 0x00,
  0x00, 0x00, 0x08, 0xff, 0xff, 0xff, 0xff, 0xff, 0xff, 0xff, 0xff, 0xff,
  0x00, 0x00, 0xff, 0xff, 0xff, 0xff, 0xff, 0xff, 0xff, 0xff, 0xff, 0xff,
  0xff, 0xff, 0xff, 0xff, 0xff, 0xff, 0xff, 0xff, 0xff, 0xff, 0xff, 0xff,
  0xff, 0xff, 0xff, 0xff, 0xff, 0xff, 0xff, 0xff, 0xff, 0xff, 0xff, 0xff,
  0xff, 0xff, 0xff, 0xff, 0xff, 0xff, 0xff, 0xff, 0xff, 0xff, 0xb6, 0x00,
  0x00, 0x00, 0x00, 0x00, 0x00, 0x00, 0x00, 0x00, 0x00, 0x00, 0x00, 0x00,
  0x00, 0x00, 0x00, 0x00, 0x00, 0x49, 0x09, 0x09, 0x09, 0x09, 0x09, 0xf6,
  0xf6, 0xf6, 0xff, 0x07, 0x4a, 0x5d, 0x5d, 0x5d, 0x5c, 0x5c, 0x54, 0x5c,
  0x54, 0x54, 0x54, 0x54, 0x5d, 0x54, 0x1c, 0x13, 0xff, 0xff, 0xf6, 0xff,
  0xff, 0xf6, 0xff, 0xf6, 0xf6, 0xf6, 0xf6, 0xf6, 0x09, 0x09, 0x09, 0x09,
  0x09, 0x09, 0x09, 0x09, 0x09, 0xff, 0x4a, 0x00, 0x00, 0x00, 0x49, 0x49,
  0x00, 0x00, 0x00, 0x00, 0x00, 0x00, 0x00, 0x00, 0x00, 0x00, 0x00, 0x00,
  0x41, 0x00, 0x92, 0x49, 0x49, 0x00, 0x49, 0x49, 0x49, 0x49, 0x49, 0x49,
  0x49, 0x49, 0x49, 0x49, 0x49, 0x49, 0x49, 0x49, 0x49, 0x49, 0x49, 0x49,
  0x49, 0x49, 0x49, 0x49, 0x49, 0x49, 0x49, 0x49, 0x49, 0x49, 0x49, 0x49,
  0x49, 0x49, 0x49, 0x49, 0x49, 0x49, 0x00, 0x49, 0xff, 0xff, 0xff, 0xff,
  0xff, 0xff, 0xff, 0xff, 0xff, 0xff, 0xff, 0xff, 0x00, 0x00, 0xff, 0xff,
  0xff, 0xff, 0xff, 0xff, 0xff, 0xff, 0xff, 0xff, 0xff, 0xff, 0xff, 0xff,
  0xff, 0xff, 0xff, 0xff, 0xff, 0xff, 0xff, 0xff, 0xff, 0xff, 0xff, 0xff,
  0xff, 0xff, 0xff, 0xff, 0xff, 0xff, 0xff, 0xff, 0xff, 0xff, 0xff, 0xff,
  0xff, 0xff, 0xff, 0xff, 0xff, 0xff, 0xff, 0xff, 0x49, 0x00, 0x00, 0x00,
  0x00, 0x00, 0x00, 0x00, 0x00, 0x00, 0x00, 0x00, 0x00, 0x00, 0x00, 0x00,
  0x00, 0x49, 0x09, 0x09, 0x09, 0x09, 0x09, 0x09, 0xff, 0xff, 0x07, 0x52,
  0xa5, 0x5d, 0x5d, 0x5c, 0x5c, 0x5d, 0x5e, 0x5c, 0x5d, 0x5d, 0x5c, 0x5d,
  0x55, 0x5d, 0x5c, 0x55, 0x00, 0xf6, 0xff, 0xf6, 0xf6, 0xf6, 0xf6, 0xf6,
  0xf6, 0xf6, 0xf6, 0xf6, 0x09, 0x09, 0x09, 0x09, 0x09, 0x09, 0x09, 0x09,
  0x09, 0x09, 0x09, 0x00, 0x00, 0x49, 0x49, 0x00, 0x49, 0x49, 0x00, 0x00,
  0x00, 0x00, 0x00, 0x00, 0x00, 0x49, 0x00, 0x00, 0x41, 0x00, 0x00, 0x49,
  0x00, 0x00, 0x00, 0x49, 0x49, 0x49, 0x49, 0x49, 0x49, 0x49, 0x49, 0x49,
  0x49, 0x49, 0x49, 0x49, 0x49, 0x49, 0x49, 0x49, 0x49, 0x49, 0x49, 0x49,
  0x49, 0x49, 0x49, 0x49, 0x49, 0x49, 0x49, 0x49, 0x49, 0x49, 0x49, 0x49,
  0x49, 0x00, 0xa4, 0xff, 0xff, 0xff, 0xff, 0xff, 0xff, 0xff, 0xff, 0xff,
  0xff, 0xff, 0xff, 0xff, 0x00, 0x00, 0xff, 0xff, 0xff, 0xff, 0xff, 0xff,
  0xff, 0xff, 0xff, 0xff, 0xff, 0xff, 0xff, 0xff, 0xff, 0xff, 0xff, 0xff,
  0xff, 0xff, 0xff, 0xff, 0xff, 0xff, 0xff, 0xff, 0xff, 0xff, 0xff, 0xff,
  0xff, 0xff, 0xff, 0xff, 0xff, 0xff, 0xff, 0xff, 0xff, 0xff, 0xff, 0xff,
  0xff, 0xff, 0xff, 0xff, 0xff, 0x07, 0x40, 0x00, 0x00, 0x00, 0x00, 0x00,
  0x00, 0x00, 0x00, 0x00, 0x00, 0x00, 0x00, 0x00, 0x00, 0x00, 0x09, 0x09,
  0x09, 0x09, 0x09, 0xf6, 0xff, 0xf6, 0x9c, 0x5d, 0x5c, 0x5d, 0x5c, 0x5d,
  0x65, 0x5c, 0x5c, 0x5c, 0x5d, 0x5d, 0x5c, 0x54, 0x5d, 0x5d, 0x5c, 0x5c,
  0x54, 0x0b, 0xf6, 0xff, 0xf6, 0xf6, 0xf6, 0xf6, 0xf6, 0xf6, 0x09, 0x09,
  0x09, 0x09, 0x09, 0x09, 0x09, 0x09, 0x09, 0x09, 0x09, 0x09, 0x09, 0x04,
  0x04, 0x00, 0x00, 0x00, 0x00, 0x00, 0x00, 0x00, 0x00, 0x00, 0x00, 0x00,
  0x00, 0x00, 0x49, 0x49, 0x49, 0x49, 0x49, 0x00, 0x49, 0x00, 0x00, 0x00,
  0x00, 0x49, 0x49, 0x49, 0x49, 0x49, 0x49, 0x49, 0x49, 0x49, 0x49, 0x49,
  0x49, 0x49, 0x49, 0x49, 0x49, 0x49, 0x49, 0x49, 0x49, 0x49, 0x49, 0x49,
  0x49, 0x49, 0x49, 0x49, 0x49, 0x49, 0x49, 0x49, 0x00, 0x08, 0xff, 0xff,
  0xff, 0xff, 0xff, 0xff, 0xff, 0xff, 0xff, 0xff, 0xff, 0xff, 0xff, 0xff,
  0x00, 0x00, 0xff, 0xff, 0xff, 0xff, 0xff, 0xff, 0xff, 0xff, 0xff, 0xff,
  0xff, 0xff, 0xff, 0xff, 0xff, 0xff, 0xff, 0xff, 0xff, 0xff, 0xff, 0xff,
  0xff, 0xff, 0xff, 0xff, 0xff, 0xff, 0xff, 0xff, 0xff, 0xff, 0xff, 0xff,
  0xff, 0xff, 0xff, 0xff, 0xff, 0xff, 0xff, 0xff, 0xff, 0xff, 0xff, 0xff,
  0xff, 0xff, 0x08, 0x00, 0x00, 0x00, 0x00, 0x00, 0x00, 0x00, 0x00, 0x00,
  0x00, 0x00, 0x00, 0x00, 0x00, 0x00, 0x09, 0x09, 0x09, 0x09, 0x09, 0xff,
  0xf6, 0xad, 0x5c, 0x5d, 0x5d, 0x5d, 0x5c, 0x5c, 0x5c, 0x5c, 0x5c, 0x5c,
  0x5c, 0x5c, 0x5d, 0x5d, 0x5c, 0x5c, 0x5d, 0x5d, 0x54, 0x54, 0x5c, 0x08,
  0xf6, 0xf6, 0xf6, 0xf6, 0xf6, 0xf6, 0xf6, 0x09, 0x09, 0x09, 0x09, 0x09,
  0x09, 0x09, 0x09, 0x09, 0x09, 0x09, 0x09, 0xdb, 0xdb, 0x00, 0x41, 0x00,
  0x00, 0x00, 0x00, 0x00, 0x00, 0x00, 0x00, 0x00, 0x00, 0x00, 0x00, 0x00,
  0x00, 0x00, 0x00, 0x49, 0x00, 0x00, 0x49, 0x49, 0x49, 0x49, 0x49, 0x49,
  0x49, 0x49, 0x49, 0x49, 0x49, 0x49, 0x49, 0x49, 0x49, 0x49, 0x49, 0x49,
  0x49, 0x49, 0x49, 0x49, 0x49, 0x49, 0x49, 0x49, 0x49, 0x49, 0x49, 0x49,
  0x49, 0x49, 0x00, 0x5b, 0xf6, 0xff, 0xff, 0xff, 0xff, 0xff, 0xff, 0xff,
  0xff, 0xff, 0xff, 0xff, 0xff, 0xff, 0xff, 0xff, 0x00, 0x00, 0xff, 0xff,
  0xff, 0xff, 0xff, 0xff, 0xff, 0xff, 0xff, 0xff, 0xff, 0xff, 0xff, 0xff,
  0xff, 0xff, 0xff, 0xff, 0xff, 0xff, 0xff, 0xff, 0xff, 0xff, 0xff, 0xff,
  0xff, 0xff, 0xff, 0xff, 0xff, 0xff, 0xff, 0xff, 0xff, 0xff, 0xff, 0xff,
  0xff, 0xff, 0xff, 0xff, 0xff, 0xff, 0xff, 0xff, 0xff, 0xff, 0xff, 0xf6,
  0xa4, 0x52, 0x00, 0x00, 0x00, 0x00, 0x00, 0x00, 0x00, 0x00, 0x00, 0x00,
  0x00, 0x00, 0x09, 0x09, 0xf5, 0x09, 0x09, 0xff, 0x07, 0x5c, 0x5d, 0x5d,
  0x5c, 0x5c, 0x5c, 0x5c, 0x5c, 0x5c, 0x5d, 0x5d, 0x5d, 0x5d, 0x5d, 0x5c,
  0x5c, 0x5c, 0x5d, 0x5d, 0x54, 0x54, 0x5c, 0x4b, 0xee, 0xf6, 0xf6, 0x09,
  0x09, 0x09, 0xf6, 0x09, 0x09, 0x09, 0x09, 0x09, 0x09, 0x09, 0x09, 0x09,
  0x09, 0x09, 0x09, 0xec, 0xec, 0x00, 0x00, 0x00, 0x00, 0x00, 0x00, 0x00,
  0x00, 0x00, 0x00, 0x00, 0x00, 0x00, 0x00, 0x00, 0x00, 0x00, 0x00, 0x00,
  0x00, 0x00, 0x00, 0x00, 0x00, 0x00, 0x49, 0x49, 0x49, 0x49, 0x49, 0x49,
  0x49, 0x49, 0x49, 0x49, 0x49, 0x49, 0x49, 0x49, 0x49, 0x49, 0x49, 0x49,
  0x49, 0x49, 0x49, 0x49, 0x49, 0x49, 0x49, 0x49, 0x49, 0x40, 0xa4, 0xf6,
  0xff, 0xff, 0xff, 0xff, 0xff, 0xff, 0xff, 0xff, 0xff, 0xff, 0xff, 0xff,
  0xff, 0xff, 0xff, 0xff, 0x00, 0x00, 0xff, 0xff, 0xff, 0xff, 0xff, 0xff,
  0xff, 0xff, 0xff, 0xff, 0xff, 0xff, 0xff, 0xff, 0xff, 0xff, 0xff, 0xff,
  0xff, 0xff, 0xff, 0xff, 0xff, 0xff, 0xff, 0xff, 0xff, 0xff, 0xff, 0xff,
  0xff, 0xff, 0xff, 0xff, 0xff, 0xff, 0xff, 0xff, 0xff, 0xff, 0xff, 0xff,
  0xff, 0xff, 0xff, 0xff, 0xff, 0xff, 0xff, 0xff, 0xff, 0xf6, 0xf7, 0xf7,
  0x5b, 0x00, 0x00, 0x00, 0x00, 0x00, 0x00, 0x00, 0x00, 0x00, 0x09, 0x07,
  0x09, 0xff, 0xff, 0xf6, 0xa5, 0x5c, 0x5d, 0x5c, 0x5c, 0x5c, 0x5c, 0x5c,
  0x5c, 0x5c, 0x5c, 0x5c, 0x54, 0x54, 0x5c, 0x5c, 0x5d, 0x5c, 0x5c, 0x5c,
  0x5c, 0x53, 0x14, 0x55, 0x54, 0xf7, 0x08, 0x09, 0x09, 0x09, 0x09, 0x09,
  0x09, 0x09, 0x09, 0x09, 0x09, 0x09, 0x09, 0x09, 0x09, 0x09, 0x09, 0xf5,
  0xf5, 0x49, 0x00, 0x00, 0x00, 0x00, 0x00, 0x00, 0x00, 0x00, 0x00, 0x00,
  0x00, 0x00, 0x00, 0x00, 0x00, 0x00, 0x00, 0x00, 0x00, 0x00, 0x00, 0x00,
  0x00, 0x00, 0x49, 0x49, 0x49, 0x49, 0x49, 0x49, 0x49, 0x49, 0x49, 0x49,
  0x49, 0x49, 0x49, 0x49, 0x49, 0x49, 0x49, 0x49, 0x49, 0x49, 0x49, 0x49,
  0x49, 0x49, 0x49, 0x00, 0x52, 0xf7, 0xff, 0xff, 0xff, 0xff, 0xff, 0xff,
  0xff, 0xff, 0xff, 0xff, 0xff, 0xff, 0xff, 0xff, 0xff, 0xff, 0xff, 0xff,
  0x00, 0x00, 0xff, 0xff, 0xff, 0xff, 0xff, 0xff, 0xff, 0xff, 0xff, 0xff,
  0xff, 0xff, 0xff, 0xff, 0xff, 0xff, 0xff, 0xff, 0xff, 0xff, 0xff, 0xff,
  0xff, 0xff, 0xff, 0xff, 0xff, 0xff, 0xff, 0xff, 0xff, 0xff, 0xff, 0xff,
  0xff, 0xff, 0xff, 0xff, 0xff, 0xff, 0xff, 0xff, 0xff, 0xff, 0xff, 0xff,
  0xff, 0xff, 0xff, 0xff, 0xff, 0xff, 0xff, 0xff, 0xf6, 0xa4, 0x52, 0x00,
  0x00, 0x00, 0x00, 0x00, 0x00, 0x00, 0x09, 0xf7, 0x09, 0xff, 0xff, 0xad,
  0x54, 0x5c, 0x5d, 0x5c, 0x5c, 0x5c, 0x5c, 0x5c, 0x5c, 0x5c, 0x5c, 0x5c,
  0x5c, 0x5c, 0x54, 0x5c, 0x5d, 0x5d, 0x5c, 0x54, 0x5c, 0x54, 0x4b, 0x54,
  0x54, 0x53, 0xad, 0x08, 0x09, 0x09, 0x09, 0x09, 0x09, 0x09, 0x09, 0x09,
  0x09, 0x09, 0x09, 0x09, 0x09, 0x09, 0x09, 0x09, 0x09, 0x9b, 0x00, 0x00,
  0x00, 0x00, 0x00, 0x00, 0x00, 0x00, 0x00, 0x00, 0x00, 0x00, 0x00, 0x00,
  0x00, 0x00, 0x00, 0x00, 0x00, 0x00, 0x00, 0x00, 0x00, 0x00, 0x49, 0x49,
  0x49, 0x49, 0x49, 0x49, 0x49, 0x49, 0x49, 0x49, 0x49, 0x49, 0x49, 0x49,
  0x49, 0x49, 0x49, 0x49, 0x49, 0x49, 0x49, 0x49, 0x49, 0x49, 0x00, 0x52,
  0x07, 0xff, 0xff, 0xff, 0xff, 0xff, 0xff, 0xff, 0xff, 0xff, 0xff, 0xff,
  0xff, 0xff, 0xff, 0xff, 0xff, 0xff, 0xff, 0xff, 0x00, 0x00, 0xff, 0xff,
  0xff, 0xff, 0xff, 0xff, 0xff, 0xff, 0xff, 0xff, 0xff, 0xff, 0xff, 0xff,
  0xff, 0xff, 0xff, 0xff, 0xff, 0xff, 0xff, 0xff, 0xff, 0xff, 0xff, 0xff,
  0xff, 0xff, 0xff, 0xff, 0xff, 0xff, 0xff, 0xff, 0xff, 0xff, 0xff, 0xff,
  0xff, 0xff, 0xff, 0xff, 0xff, 0xff, 0xff, 0xff, 0xff, 0xff, 0xff, 0xff,
  0xff, 0xff, 0xff, 0xff, 0xff, 0xff, 0xff, 0xa3, 0x00, 0x00, 0x00, 0x00,
  0x00, 0x00, 0x09, 0xf5, 0xff, 0x08, 0x08, 0x53, 0x54, 0x5d, 0x5c, 0x5c,
  0x5c, 0x5c, 0x5c, 0x54, 0x5c, 0x5c, 0x5c, 0x5c, 0x5c, 0x5c, 0x5c, 0x5d,
  0x5d, 0x5c, 0x5c, 0x5c, 0x54, 0x5c, 0x4c, 0x0b, 0x54, 0x54, 0x13, 0xa4,
  0x09, 0x09, 0x09, 0x09, 0x09, 0x09, 0x09, 0x09, 0x09, 0x09, 0x09, 0x09,
  0x09, 0x09, 0x09, 0x09, 0x09, 0xa3, 0x00, 0x00, 0x00, 0x00, 0x00, 0x00,
  0x00, 0x00, 0x00, 0x00, 0x00, 0x00, 0x00, 0x00, 0x00, 0x00, 0x00, 0x00,
  0x00, 0x00, 0x00, 0x00, 0x00, 0x00, 0x00, 0x49, 0x49, 0x49, 0x49, 0x49,
  0x49, 0x49, 0x49, 0x49, 0x49, 0x49, 0x49, 0x49, 0x49, 0x49, 0x49, 0x49,
  0x49, 0x49, 0x49, 0x49, 0x49, 0x00, 0x53, 0x08, 0xff, 0xff, 0xff, 0xff,
  0xff, 0xff, 0xff, 0xff, 0xff, 0xff, 0xff, 0xff, 0xff, 0xff, 0xff, 0xff,
  0xff, 0xff, 0xff, 0xff, 0x00, 0x00, 0xff, 0xff, 0xff, 0xff, 0xff, 0xff,
  0xff, 0xff, 0xff, 0xff, 0xff, 0xff, 0xff, 0xff, 0xff, 0xff, 0xff, 0xff,
  0xff, 0xff, 0xff, 0xff, 0xff, 0xff, 0xff, 0xff, 0xff, 0xff, 0xff, 0xff,
  0xff, 0xff, 0xff, 0xff, 0xff, 0xff, 0xff, 0xff, 0xff, 0xff, 0xff, 0xff,
  0xff, 0xff, 0xff, 0xff, 0xff, 0xff, 0xff, 0xff, 0xff, 0xff, 0xff, 0xff,
  0xff, 0xff, 0xff, 0xff, 0xa4, 0x00, 0x00, 0x00, 0x00, 0x00, 0x07, 0x09,
  0xff, 0xa4, 0xa4, 0x53, 0x5d, 0x5c, 0x5c, 0x5c, 0x5c, 0x5c, 0x5c, 0x54,
  0x5c, 0x5c, 0x5c, 0x5c, 0x5c, 0x5c, 0x5c, 0x5c, 0x5c, 0x54, 0x54, 0x54,
  0x54, 0x54, 0x54, 0x0b, 0x0b, 0x54, 0x54, 0x53, 0x5c, 0x5c, 0x07, 0x09,
  0x09, 0x09, 0x09, 0x09, 0x09, 0x09, 0x09, 0x09, 0x09, 0x09, 0x09, 0x09,
  0x09, 0xa3, 0x00, 0x00, 0x00, 0x00, 0x00, 0x00, 0x00, 0x00, 0x00, 0x00,
  0x00, 0x00, 0x00, 0x00, 0x00, 0x00, 0x00, 0x00, 0x00, 0x00, 0x00, 0x00,
  0x00, 0x00, 0x49, 0x49, 0x49, 0x49, 0x49, 0x49, 0x49, 0x49, 0x49, 0x49,
  0x49, 0x49, 0x49, 0x49, 0x49, 0x49, 0x49, 0x49, 0x49, 0x49, 0x49, 0x40,
  0x00, 0x52, 0x08, 0xff, 0xff, 0xff, 0xff, 0xff, 0xff, 0xff, 0xff, 0xff,
  0xff, 0xff, 0xff, 0xff, 0xff, 0xff, 0xff, 0xff, 0xff, 0xff, 0xff, 0xff,
  0x00, 0x00, 0xff, 0xff, 0xff, 0xff, 0xff, 0xff, 0xff, 0xff, 0xff, 0xff,
  0xff, 0xff, 0xff, 0xff, 0xff, 0xff, 0xff, 0xff, 0xff, 0xff, 0xff, 0xff,
  0xff, 0xff, 0xff, 0xff, 0xff, 0xff, 0xff, 0xff, 0xff, 0xff, 0xff, 0xff,
  0xff, 0xff, 0xff, 0xff, 0xff, 0xff, 0xff, 0xff, 0xff, 0xff, 0xff, 0xff,
  0xff, 0xff, 0xff, 0xff, 0xff, 0xff, 0xff, 0xff, 0xff, 0xff, 0xff, 0xff,
  0xff, 0xf7, 0x49, 0x00, 0x00, 0x00, 0xf5, 0xff, 0x08, 0x0b, 0x0b, 0x54,
  0x5d, 0x5c, 0x5c, 0x5c, 0x5c, 0x5c, 0x5c, 0x5c, 0x5c, 0x5c, 0x5d, 0x5c,
  0x5c, 0x5c, 0x5c, 0x54, 0x54, 0x5c, 0x54, 0x54, 0x54, 0x54, 0x54, 0x54,
  0x0b, 0x0b, 0x54, 0x54, 0x13, 0x13, 0x5c, 0xf5, 0x09, 0x09, 0x09, 0x09,
  0x09, 0x09, 0x09, 0x09, 0x09, 0x09, 0x09, 0x09, 0x09, 0xa4, 0x00, 0x00,
  0x00, 0x00, 0x00, 0x00, 0x00, 0x00, 0x00, 0x00, 0x00, 0x00, 0x00, 0x00,
  0x00, 0x00, 0x00, 0x00, 0x00, 0x00, 0x00, 0x00, 0x00, 0x49, 0x49, 0x49,
  0x49, 0x49, 0x49, 0x49, 0x49, 0x49, 0x49, 0x49, 0x49, 0x49, 0x49, 0x49,
  0x49, 0x49, 0x49, 0x49, 0x49, 0x40, 0x40, 0x49, 0xa4, 0xf6, 0xff, 0xff,
  0xff, 0xff, 0xff, 0xff, 0xff, 0xff, 0xff, 0xff, 0xff, 0xff, 0xff, 0xff,
  0xff, 0xff, 0xff, 0xff, 0xff, 0xff, 0xff, 0xff, 0x00, 0x00, 0xff, 0xff,
  0xff, 0xff, 0xff, 0xff, 0xff, 0xff, 0xff, 0xff, 0xff, 0xff, 0xff, 0xff,
  0xff, 0xff, 0xff, 0xff, 0xff, 0xff, 0xff, 0xff, 0xff, 0xff, 0xff, 0xff,
  0xff, 0xff, 0xff, 0xff, 0xff, 0xff, 0xff, 0xff, 0xff, 0xff, 0xff, 0xff,
  0xff, 0xff, 0xff, 0xff, 0xff, 0xff, 0xff, 0xff, 0xff, 0xff, 0xff, 0xff,
  0xff, 0xff, 0xff, 0xff, 0xff, 0xff, 0xff, 0xff, 0xff, 0xff, 0x07, 0x52,
  0x00, 0x00, 0x09, 0xff, 0x5c, 0x4c, 0x4c, 0x5d, 0x5d, 0x5c, 0x5c, 0x5c,
  0x5c, 0x5c, 0x5c, 0x5c, 0x5c, 0x5c, 0x5c, 0x5c, 0x5c, 0x5c, 0x54, 0x5c,
  0x54, 0x54, 0x54, 0x54, 0x54, 0x54, 0x54, 0x54, 0x54, 0x0b, 0x53, 0x54,
  0x54, 0x54, 0x0b, 0x5c, 0x07, 0x09, 0x09, 0x09, 0x09, 0x09, 0x09, 0x09,
  0x09, 0x09, 0x09, 0x09, 0x09, 0xec, 0x00, 0x00, 0x00, 0x00, 0x00, 0x00,
  0x00, 0x00, 0x00, 0x00, 0x00, 0x00, 0x00, 0x00, 0x00, 0x00, 0x00, 0x00,
  0x49, 0x00, 0x49, 0x49, 0x49, 0x49, 0x49, 0x49, 0x49, 0x49, 0x49, 0x49,
  0x49, 0x49, 0x49, 0x00, 0x49, 0x49, 0x00, 0x00, 0x00, 0x00, 0x00, 0x49,
  0x52, 0xa4, 0xa4, 0x08, 0xff, 0xff, 0xff, 0xff, 0xff, 0xff, 0xff, 0xff,
  0xff, 0xff, 0xff, 0xff, 0xff, 0xff, 0xff, 0xff, 0xff, 0xff, 0xff, 0xff,
  0xff, 0xff, 0xff, 0xff, 0x00, 0x00, 0xff, 0xff, 0xff, 0xff, 0xff, 0xff,
  0xff, 0xff, 0xff, 0xff, 0xff, 0xff, 0xff, 0xff, 0xff, 0xff, 0xff, 0xff,
  0xff, 0xff, 0xff, 0xff, 0xff, 0xff, 0xff, 0xff, 0xff, 0xff, 0xff, 0xff,
  0xff, 0xff, 0xff, 0xff, 0xff, 0xff, 0xff, 0xff, 0xff, 0xff, 0xff, 0xff,
  0xff, 0xff, 0xff, 0xff, 0xff, 0xff, 0xff, 0xff, 0xff, 0xff, 0xff, 0xff,
  0xff, 0xff, 0xff, 0xff, 0xff, 0xff, 0xff, 0x07, 0x00, 0x00, 0xff, 0x08,
  0x0b, 0x5d, 0x5d, 0x5c, 0x5c, 0x5c, 0x5c, 0x5c, 0x5c, 0x5c, 0x5c, 0x5c,
  0x54, 0x54, 0x54, 0x54, 0x54, 0x54, 0x54, 0x54, 0x54, 0x54, 0x54, 0x54,
  0x54, 0x54, 0x53, 0x53, 0x54, 0x54, 0x0b, 0x53, 0x54, 0x54, 0x54, 0x4b,
  0x5c, 0x07, 0x09, 0x09, 0x09, 0x07, 0x09, 0x09, 0x09, 0x09, 0x09, 0x09,
  0x09, 0xed, 0x52, 0x00, 0x00, 0x00, 0x00, 0x00, 0x00, 0x00, 0x00, 0x00,
  0x00, 0x00, 0x00, 0x00, 0x00, 0x00, 0x00, 0x00, 0x49, 0x00, 0x49, 0x49,
  0x49, 0x00, 0x49, 0x49, 0x49, 0x49, 0x49, 0x49, 0x49, 0x49, 0x00, 0x00,
  0x49, 0x00, 0x00, 0x00, 0x49, 0x52, 0xa4, 0xf7, 0x07, 0xff, 0xff, 0xff,
  0xff, 0xff, 0xff, 0xff, 0xff, 0xff, 0xff, 0xff, 0xff, 0xff, 0xff, 0xff,
  0xff, 0xff, 0xff, 0xff, 0xff, 0xff, 0xff, 0xff, 0xff, 0xff, 0xff, 0xff,
  0x00, 0x00, 0xff, 0xff, 0xff, 0xff, 0xff, 0xff, 0xff, 0xff, 0xff, 0xff,
  0xff, 0xff, 0xff, 0xff, 0xff, 0xff, 0xff, 0xff, 0xff, 0xff, 0xff, 0xff,
  0xff, 0xff, 0xff, 0xff, 0xff, 0xff, 0xff, 0xff, 0xff, 0xff, 0xff, 0xff,
  0xff, 0xff, 0xff, 0xff, 0xff, 0xff, 0xff, 0xff, 0xff, 0xff, 0xff, 0xff,
  0xff, 0xff, 0xff, 0xff, 0xff, 0xff, 0xff, 0xff, 0xff, 0xff, 0xff, 0xff,
  0xff, 0xff, 0xff, 0xff, 0xa4, 0x00, 0xff, 0x5a, 0x4c, 0x5d, 0x5d, 0x5c,
  0x5c, 0x5c, 0x5c, 0x5c, 0x5c, 0x5c, 0x5c, 0x5c, 0x54, 0x54, 0x53, 0x53,
  0x53, 0x53, 0x53, 0x54, 0x53, 0x53, 0x54, 0x54, 0x53, 0x54, 0x53, 0x53,
  0x53, 0x54, 0x53, 0x0b, 0x54, 0x54, 0x54, 0x54, 0x53, 0x5c, 0x07, 0x09,
  0x07, 0x09, 0x09, 0x09, 0xf5, 0xf5, 0xf5, 0x09, 0x09, 0xf5, 0x9b, 0x00,
  0x00, 0x00, 0x00, 0x00, 0x00, 0x00, 0x00, 0x00, 0x00, 0x00, 0x00, 0x00,
  0x00, 0x00, 0x00, 0x00, 0x00, 0x00, 0x49, 0x49, 0x00, 0x49, 0x49, 0x49,
  0x49, 0x49, 0x49, 0x49, 0x49, 0x49, 0x00, 0x00, 0x00, 0x52, 0x9b, 0xa4,
  0x07, 0xf6, 0xff, 0xff, 0xff, 0xff, 0xff, 0xff, 0xff, 0xff, 0xff, 0xff,
  0xff, 0xff, 0xff, 0xff, 0xff, 0xff, 0xff, 0xff, 0xff, 0xff, 0xff, 0xff,
  0xff, 0xff, 0xff, 0xff, 0xff, 0xff, 0xff, 0xff, 0x00, 0x00, 0xff, 0xff,
  0xff, 0xff, 0xff, 0xff, 0xff, 0xff, 0xff, 0xff, 0xff, 0xff, 0xff, 0xff,
  0xff, 0xff, 0xff, 0xff, 0xff, 0xff, 0xff, 0xff, 0xff, 0xff, 0xff, 0xff,
  0xff, 0xff, 0xff, 0xff, 0xff, 0xff, 0xff, 0xff, 0xff, 0xff, 0xff, 0xff,
  0xff, 0xff, 0xff, 0xff, 0xff, 0xff, 0xff, 0xff, 0xff, 0xff, 0xff, 0xff,
  0xff, 0xff, 0xff, 0xff, 0xff, 0xff, 0xff, 0xff, 0xff, 0xff, 0xff, 0xff,
  0x08, 0x9c, 0xff, 0x00, 0x5e, 0x5d, 0x5d, 0x5c, 0x5c, 0x5c, 0x54, 0x5c,
  0x5c, 0x5c, 0x5c, 0x5c, 0x5b, 0x5b, 0x5b, 0x5b, 0x5b, 0x5b, 0x53, 0x54,
  0x53, 0x53, 0x53, 0x53, 0x53, 0x54, 0x54, 0x53, 0x53, 0x53, 0x53, 0x53,
  0x12, 0x12, 0x0b, 0x54, 0x54, 0x53, 0x5c, 0xf7, 0x07, 0x09, 0x09, 0x07,
  0xf5, 0xf5, 0xf5, 0xf5, 0xf5, 0x09, 0xe4, 0x49, 0x00, 0x00, 0x00, 0x00,
  0x00, 0x00, 0x00, 0x00, 0x00, 0x00, 0x00, 0x00, 0x00, 0x00, 0x00, 0x00,
  0x00, 0x00, 0x40, 0x00, 0x49, 0x49, 0x49, 0x00, 0x49, 0x49, 0x49, 0x40,
  0x00, 0x00, 0x49, 0x52, 0xa4, 0x08, 0xf6, 0xff, 0xff, 0xff, 0xff, 0xff,
  0xff, 0xff, 0xff, 0xff, 0xff, 0xff, 0xff, 0xff, 0xff, 0xff, 0xff, 0xff,
  0xff, 0xff, 0xff, 0xff, 0xff, 0xff, 0xff, 0xff, 0xff, 0xff, 0xff, 0xff,
  0xff, 0xff, 0xff, 0xff, 0x00, 0x00, 0xff, 0xff, 0xff, 0xff, 0xff, 0xff,
  0xff, 0xff, 0xff, 0xff, 0xff, 0xff, 0xff, 0xff, 0xff, 0xff, 0xff, 0xff,
  0xff, 0xff, 0xff, 0xff, 0xff, 0xff, 0xff, 0xff, 0xff, 0xff, 0xff, 0xff,
  0xff, 0xff, 0xff, 0xff, 0xff, 0xff, 0xff, 0xff, 0xff, 0xff, 0xff, 0xff,
  0xff, 0xff, 0xff, 0xff, 0xff, 0xff, 0xff, 0xff, 0xff, 0xff, 0xff, 0xff,
  0xff, 0xff, 0xff, 0xff, 0xff, 0xff, 0xff, 0xff, 0xff, 0xff, 0xb5, 0x43,
  0x5d, 0x5c, 0x5c, 0x5c, 0x5c, 0x5c, 0x54, 0x5c, 0x5c, 0x5b, 0x5b, 0x5b,
  0x5b, 0x5b, 0x5b, 0x5b, 0x5b, 0x5b, 0x53, 0x54, 0x54, 0x5c, 0x5c, 0x5b,
  0x53, 0x53, 0x53, 0x53, 0x53, 0x53, 0x53, 0x53, 0x53, 0x53, 0x0a, 0x4b,
  0x54, 0x54, 0x13, 0x5b, 0xed, 0x09, 0xf5, 0x07, 0x07, 0xed, 0xf5, 0xf5,
  0xf5, 0x09, 0xed, 0x49, 0x00, 0x00, 0x00, 0x00, 0x00, 0x00, 0x00, 0x00,
  0x00, 0x00, 0x00, 0x00, 0x00, 0x00, 0x00, 0x00, 0x00, 0x00, 0x00, 0x00,
  0x49, 0x49, 0x49, 0x00, 0x00, 0x40, 0x40, 0x00, 0x49, 0x52, 0xf7, 0x08,
  0xf6, 0xff, 0xff, 0xff, 0xff, 0xff, 0xff, 0xff, 0xff, 0xff, 0xff, 0xff,
  0xff, 0xff, 0xff, 0xff, 0xff, 0xff, 0xff, 0xff, 0xff, 0xff, 0xff, 0xff,
  0xff, 0xff, 0xff, 0xff, 0xff, 0xff, 0xff, 0xff, 0xff, 0xff, 0xff, 0xff,
  0x00, 0x00, 0xff, 0xff, 0xff, 0xff, 0xff, 0xff, 0xff, 0xff, 0xff, 0xff,
  0xff, 0xff, 0xff, 0xff, 0xff, 0xff, 0xff, 0xff, 0xff, 0xff, 0xff, 0xff,
  0xff, 0xff, 0xff, 0xff, 0xff, 0xff, 0xff, 0xff, 0xff, 0xff, 0xff, 0xff,
  0xff, 0xff, 0xff, 0xff, 0xff, 0xff, 0xff, 0xff, 0xff, 0xff, 0xff, 0xff,
  0xff, 0xff, 0xff, 0xff, 0xff, 0xff, 0xff, 0xff, 0xff, 0xff, 0xff, 0xff,
  0xff, 0xff, 0xff, 0xff, 0xff, 0xff, 0x53, 0x5d, 0x5c, 0x5c, 0x5c, 0x5c,
  0x5c, 0x5c, 0x54, 0x5b, 0x5b, 0x5b, 0x5b, 0x5b, 0x5c, 0x5c, 0x5c, 0x5c,
  0x5c, 0x5c, 0x5c, 0x5b, 0x5c, 0x5c, 0x5c, 0x5c, 0x5c, 0x5c, 0x93, 0x53,
  0x53, 0x53, 0x53, 0x53, 0x53, 0x53, 0x53, 0x0b, 0x54, 0x54, 0x54, 0x53,
  0x5b, 0xf5, 0x08, 0xf5, 0xf5, 0xed, 0xf5, 0xed, 0xed, 0x09, 0x09, 0x9a,
  0x00, 0x00, 0x00, 0x00, 0x00, 0x00, 0x00, 0x00, 0x00, 0x00, 0x00, 0x00,
  0x00, 0x00, 0x00, 0x00, 0x00, 0x00, 0x49, 0x49, 0x00, 0x00, 0x00, 0x00,
  0x49, 0x5b, 0x5b, 0xa4, 0x07, 0xff, 0xff, 0xff, 0xff, 0xff, 0xff, 0xff,
  0xff, 0xff, 0xff, 0xff, 0xff, 0xff, 0xff, 0xff, 0xff, 0xff, 0xff, 0xff,
  0xff, 0xff, 0xff, 0xff, 0xff, 0xff, 0xff, 0xff, 0xff, 0xff, 0xff, 0xff,
  0xff, 0xff, 0xff, 0xff, 0xff, 0xff, 0xff, 0xff, 0x00, 0x00, 0xff, 0xff,
  0xff, 0xff, 0xff, 0xff, 0xff, 0xff, 0xff, 0xff, 0xff, 0xff, 0xff, 0xff,
  0xff, 0xff, 0xff, 0xff, 0xff, 0xff, 0xff, 0xff, 0xff, 0xff, 0xff, 0xff,
  0xff, 0xff, 0xff, 0xff, 0xff, 0xff, 0xff, 0xff, 0xff, 0xff, 0xff, 0xff,
  0xff, 0xff, 0xff, 0xff, 0xff, 0xff, 0xff, 0xff, 0xff, 0xff, 0xff, 0xff,
  0xff, 0xff, 0xff, 0xff, 0xff, 0xff, 0xff, 0xff, 0xff, 0xff, 0xff, 0xff,
  0xff, 0xf7, 0x54, 0x5d, 0x5d, 0x5c, 0x5c, 0x5c, 0x54, 0x53, 0x53, 0x5b,
  0x5b, 0x5c, 0x5c, 0x5c, 0x5c, 0x5c, 0x5c, 0x5c, 0x5c, 0x5c, 0x5c, 0x5d,
  0x5c, 0x5c, 0x5c, 0x5c, 0x5c, 0x5c, 0x5c, 0x5c, 0x5b, 0x53, 0x53, 0x54,
  0x53, 0x53, 0x53, 0x53, 0x0a, 0x54, 0x54, 0x13, 0x53, 0x5c, 0x07, 0xf5,
  0xed, 0xed, 0xed, 0xed, 0xed, 0xf5, 0xed, 0x9a, 0x00, 0x00, 0x00, 0x00,
  0x00, 0x00, 0x00, 0x00, 0x00, 0x00, 0x00, 0x00, 0x00, 0x00, 0x00, 0x00,
  0x00, 0x49, 0x00, 0x00, 0x00, 0x00, 0x52, 0xa5, 0x07, 0xff, 0xff, 0xff,
  0xff, 0xff, 0xff, 0xff, 0xff, 0xff, 0xff, 0xff, 0xff, 0xff, 0xff, 0xff,
  0xff, 0xff, 0xff, 0xff, 0xff, 0xff, 0xff, 0xff, 0xff, 0xff, 0xff, 0xff,
  0xff, 0xff, 0xff, 0xff, 0xff, 0xff, 0xff, 0xff, 0xff, 0xff, 0xff, 0xff,
  0xff, 0xff, 0xff, 0xff, 0x00, 0x00, 0xff, 0xff, 0xff, 0xff, 0xff, 0xff,
  0xff, 0xff, 0xff, 0xff, 0xff, 0xff, 0xff, 0xff, 0xff, 0xff, 0xff, 0xff,
  0xff, 0xff, 0xff, 0xff, 0xff, 0xff, 0xff, 0xff, 0xff, 0xff, 0xff, 0xff,
  0xff, 0xff, 0xff, 0xff, 0xff, 0xff, 0xff, 0xff, 0xff, 0xff, 0xff, 0xff,
  0xff, 0xff, 0xff, 0xff, 0xff, 0xff, 0xff, 0xff, 0xff, 0xff, 0xff, 0xff,
  0xff, 0xff, 0xff, 0xff, 0xff, 0xff, 0xff, 0xff, 0xff, 0x6d, 0x5c, 0x5c,
  0x5d, 0x5c, 0x5c, 0x5c, 0x53, 0x5b, 0x5b, 0x5c, 0x5c, 0x5c, 0xa5, 0x9d,
  0x9d, 0x9d, 0x9d, 0x5d, 0x5d, 0x5d, 0x5d, 0xa5, 0xa5, 0x5c, 0x5c, 0x5c,
  0x5c, 0x5c, 0x53, 0x54, 0x5b, 0x5b, 0x53, 0x53, 0x54, 0x54, 0x54, 0x53,
  0x53, 0x0b, 0x54, 0x54, 0x13, 0x53, 0x9c, 0x07, 0xed, 0xed, 0xed, 0xed,
  0xed, 0xed, 0xed, 0x9b, 0x00, 0x00, 0x00, 0x00, 0x00, 0x00, 0x00, 0x00,
  0x00, 0x00, 0x00, 0x00, 0x00, 0x00, 0x00, 0x00, 0x49, 0x00, 0x00, 0x49,
  0xa4, 0xf5, 0xf6, 0xf6, 0xff, 0xff, 0xff, 0xff, 0xff, 0xff, 0xff, 0xff,
  0xff, 0xff, 0xff, 0xff, 0xff, 0xff, 0xff, 0xff, 0xff, 0xff, 0xff, 0xff,
  0xff, 0xff, 0xff, 0xff, 0xff, 0xff, 0xff, 0xff, 0xff, 0xff, 0xff, 0xff,
  0xff, 0xff, 0xff, 0xff, 0xff, 0xff, 0xff, 0xff, 0xff, 0xff, 0xff, 0xff,
  0x00, 0x00, 0xff, 0xff, 0xff, 0xff, 0xff, 0xff, 0xff, 0xff, 0xff, 0xff,
  0xff, 0xff, 0xff, 0xff, 0xff, 0xff, 0xff, 0xff, 0xff, 0xff, 0xff, 0xff,
  0xff, 0xff, 0xff, 0xff, 0xff, 0xff, 0xff, 0xff, 0xff, 0xff, 0xff, 0xff,
  0xff, 0xff, 0xff, 0xff, 0xff, 0xff, 0xff, 0xff, 0xff, 0xff, 0xff, 0xff,
  0xff, 0xff, 0xff, 0xff, 0xff, 0xff, 0xff, 0xff, 0xff, 0xff, 0xff, 0xff,
  0xff, 0xff, 0xff, 0xff, 0x09, 0x5c, 0x5c, 0x5c, 0x5c, 0x5c, 0x5c, 0x53,
  0x53, 0x5b, 0x5c, 0x5c, 0x65, 0xa5, 0xa6, 0xa6, 0xa5, 0xa5, 0x9d, 0x9d,
  0xa5, 0xa5, 0xa5, 0xa5, 0xa5, 0xa5, 0x5d, 0x5c, 0x5c, 0x5c, 0x5c, 0x5c,
  0x5b, 0x5b, 0x5b, 0x5b, 0x5b, 0x5b, 0x5b, 0x53, 0x53, 0x54, 0x0b, 0x54,
  0x53, 0x13, 0x4b, 0xf7, 0xf5, 0xed, 0xed, 0xed, 0xed, 0xed, 0xed, 0xa4,
  0x49, 0x00, 0x00, 0x00, 0x00, 0x00, 0x00, 0x00, 0x00, 0x00, 0x00, 0x00,
  0x00, 0x00, 0x00, 0x00, 0x00, 0x9b, 0x08, 0xf6, 0xff, 0xff, 0xff, 0xff,
  0xff, 0xff, 0xff, 0xff, 0xff, 0xff, 0xff, 0xff, 0xff, 0xff, 0xff, 0xff,
  0xff, 0xff, 0xff, 0xff, 0xff, 0xff, 0xff, 0xff, 0xff, 0xff, 0xff, 0xff,
  0xff, 0xff, 0xff, 0xff, 0xff, 0xff, 0xff, 0xff, 0xff, 0xff, 0xff, 0xff,
  0xff, 0xff, 0xff, 0xff, 0xff, 0xff, 0xff, 0xff, 0x00, 0x00, 0xff, 0xff,
  0xff, 0xff, 0xff, 0xff, 0xff, 0xff, 0xff, 0xff, 0xff, 0xff, 0xff, 0xff,
  0xff, 0xff, 0xff, 0xff, 0xff, 0xff, 0xff, 0xff, 0xff, 0xff, 0xff, 0xff,
  0xff, 0xff, 0xff, 0xff, 0xff, 0xff, 0xff, 0xff, 0xff, 0xff, 0xff, 0xff,
  0xff, 0xff, 0xff, 0xff, 0xff, 0xff, 0xff, 0xff, 0xff, 0xff, 0xff, 0xff,
  0xff, 0xff, 0xff, 0xff, 0xff, 0xff, 0xff, 0xff, 0xff, 0xff, 0xff, 0xff,
  0x07, 0x54, 0x5c, 0x5c, 0x5c, 0x53, 0x53, 0x53, 0x5c, 0x5c, 0x5c, 0x5c,
  0xa5, 0xa5, 0xa6, 0xa6, 0xa6, 0xa6, 0x9e, 0xa6, 0xa6, 0xa6, 0xa6, 0xa6,
  0xa6, 0xa5, 0xa5, 0x9d, 0x5d, 0x5d, 0x5c, 0x5c, 0x5c, 0x54, 0x53, 0x53,
  0x53, 0x53, 0x53, 0x53, 0x53, 0x53, 0x53, 0x0a, 0x54, 0x13, 0x53, 0x52,
  0xf7, 0xed, 0xed, 0xed, 0xed, 0xed, 0xed, 0xa4, 0x0a, 0x00, 0x00, 0x00,
  0x00, 0x00, 0x00, 0x00, 0x00, 0x00, 0x00, 0x00, 0x00, 0x00, 0x00, 0x52,
  0x07, 0xff, 0xff, 0xff, 0xff, 0xff, 0xff, 0xff, 0xff, 0xff, 0xff, 0xff,
  0xff, 0xff, 0xff, 0xff, 0xff, 0xff, 0xff, 0xff, 0xff, 0xff, 0xff, 0xff,
  0xff, 0xff, 0xff, 0xff, 0xff, 0xff, 0xff, 0xff, 0xff, 0xff, 0xff, 0xff,
  0xff, 0xff, 0xff, 0xff, 0xff, 0xff, 0xff, 0xff, 0xff, 0xff, 0xff, 0xff,
  0xff, 0xff, 0xff, 0xff, 0x00, 0x00, 0xff, 0xff, 0xff, 0xff, 0xff, 0xff,
  0xff, 0xff, 0xff, 0xff, 0xff, 0xff, 0xff, 0xff, 0xff, 0xff, 0xff, 0xff,
  0xff, 0xff, 0xff, 0xff, 0xff, 0xff, 0xff, 0xff, 0xff, 0xff, 0xff, 0xff,
  0xff, 0xff, 0xff, 0xff, 0xff, 0xff, 0xff, 0xff, 0xff, 0xff, 0xff, 0xff,
  0xff, 0xff, 0xff, 0xff, 0xff, 0xff, 0xff, 0xff, 0xff, 0xff, 0xff, 0xff,
  0xff, 0xff, 0xff, 0xff, 0xff, 0xff, 0xff, 0xff, 0xf7, 0x4c, 0x5c, 0x4c,
  0x53, 0x53, 0x53, 0x5c, 0x5c, 0x5c, 0x5c, 0xa6, 0xa6, 0xa6, 0xa6, 0xa6,
  0xa6, 0xa6, 0xa6, 0xa6, 0xa6, 0xa6, 0xa6, 0xa6, 0xa6, 0xa6, 0x9d, 0xa6,
  0xa6, 0x9d, 0x5c, 0x5c, 0x5c, 0x5c, 0x53, 0x53, 0x53, 0x53, 0x5b, 0x53,
  0x53, 0x53, 0x54, 0x53, 0x0a, 0x54, 0x14, 0x13, 0x1b, 0xed, 0xed, 0xec,
  0xec, 0xed, 0xed, 0xa4, 0x49, 0x00, 0x00, 0x00, 0x00, 0x00, 0x00, 0x00,
  0x00, 0x00, 0x00, 0x00, 0x00, 0x00, 0x07, 0xf6, 0xff, 0xff, 0xff, 0xff,
  0xff, 0xff, 0xff, 0xff, 0xff, 0xff, 0xff, 0xff, 0xff, 0xff, 0xff, 0xff,
  0xff, 0xff, 0xff, 0xff, 0xff, 0xff, 0xff, 0xff, 0xff, 0xff, 0xff, 0xff,
  0xff, 0xff, 0xff, 0xff, 0xff, 0xff, 0xff, 0xff, 0xff, 0xff, 0xff, 0xff,
  0xff, 0xff, 0xff, 0xff, 0xff, 0xff, 0xff, 0xff, 0xff, 0xff, 0xff, 0xff,
  0x00, 0x00, 0xff, 0xff, 0xff, 0xff, 0xff, 0xff, 0xff, 0xff, 0xff, 0xff,
  0xff, 0xff, 0xff, 0xff, 0xff, 0xff, 0xff, 0xff, 0xff, 0xff, 0xff, 0xff,
  0xff, 0xff, 0xff, 0xff, 0xff, 0xff, 0xff, 0xff, 0xff, 0xff, 0xff, 0xff,
  0xff, 0xff, 0xff, 0xff, 0xff, 0xff, 0xff, 0xff, 0xff, 0xff, 0xff, 0xff,
  0xff, 0xff, 0xff, 0xff, 0xff, 0xff, 0xff, 0xff, 0xff, 0xff, 0xff, 0xff,
  0xff, 0xff, 0xff, 0xf6, 0x5c, 0x54, 0x54, 0x54, 0x5c, 0x5c, 0x5c, 0x5c,
  0x5c, 0x65, 0xa6, 0xa6, 0xa6, 0xa6, 0xa6, 0xa6, 0xa6, 0xa6, 0xa6, 0xa6,
  0xa6, 0xa6, 0xa6, 0xa6, 0xa6, 0xa6, 0x9e, 0xa6, 0xa6, 0xa5, 0x5d, 0x5d,
  0x5c, 0x5c, 0x5c, 0x54, 0x53, 0x53, 0x53, 0x53, 0x53, 0x53, 0x53, 0x53,
  0x52, 0x0c, 0x54, 0x53, 0x0b, 0x9c, 0xed, 0xed, 0xed, 0xf7, 0xed, 0xa4,
  0x49, 0x00, 0x00, 0x00, 0x00, 0x00, 0x00, 0x00, 0x00, 0x00, 0x00, 0x00,
  0x64, 0x09, 0xff, 0xff, 0xff, 0xff, 0xff, 0xff, 0xff, 0xff, 0xff, 0xff,
  0xff, 0xff, 0xff, 0xff, 0xff, 0xff, 0xff, 0xff, 0xff, 0xff, 0xff, 0xff,
  0xff, 0xff, 0xff, 0xff, 0xff, 0xff, 0xff, 0xff, 0xff, 0xff, 0xff, 0xff,
  0xff, 0xff, 0xff, 0xff, 0xff, 0xff, 0xff, 0xff, 0xff, 0xff, 0xff, 0xff,
  0xff, 0xff, 0xff, 0xff, 0xff, 0xff, 0xff, 0xff, 0x00, 0x00, 0xff, 0xff,
  0xff, 0xff, 0xff, 0xff, 0xff, 0xff, 0xff, 0xff, 0xff, 0xff, 0xff, 0xff,
  0xff, 0xff, 0xff, 0xff, 0xff, 0xff, 0xff, 0xff, 0xff, 0xff, 0xff, 0xff,
  0xff, 0xff, 0xff, 0xff, 0xff, 0xff, 0xff, 0xff, 0xff, 0xff, 0xff, 0xff,
  0xff, 0xff, 0xff, 0xff, 0xff, 0xff, 0xff, 0xff, 0xff, 0xff, 0xff, 0xff,
  0xff, 0xff, 0xff, 0xff, 0xff, 0xff, 0xff, 0xff, 0xff, 0xff, 0xff, 0xf7,
  0x54, 0x54, 0x54, 0x5c, 0x5c, 0x5c, 0x5c, 0x5c, 0x64, 0xa5, 0xa6, 0xa6,
  0xae, 0xa7, 0xa6, 0xa6, 0xa6, 0xa6, 0xa6, 0xa6, 0xa6, 0xa6, 0xa7, 0xae,
  0xa6, 0xa6, 0xa6, 0xa6, 0x9d, 0x9d, 0x9d, 0x65, 0x5d, 0x5c, 0x5c, 0x54,
  0x54, 0x54, 0x53, 0x53, 0x53, 0x53, 0x54, 0x53, 0x53, 0x0a, 0x53, 0x54,
  0x0c, 0x0b, 0xf7, 0xed, 0xed, 0xf7, 0xf7, 0xa4, 0x0a, 0x00, 0x00, 0x00,
  0x00, 0x00, 0x00, 0x00, 0x00, 0x51, 0x07, 0x07, 0xff, 0xff, 0xff, 0xff,
  0xff, 0xff, 0xff, 0xff, 0xff, 0xff, 0xff, 0xff, 0xff, 0xff, 0xff, 0xff,
  0xff, 0xff, 0xff, 0xff, 0xff, 0xff, 0xff, 0xff, 0xff, 0xff, 0xff, 0xff,
  0xff, 0xff, 0xff, 0xff, 0xff, 0xff, 0xff, 0xff, 0xff, 0xff, 0xff, 0xff,
  0xff, 0xff, 0xff, 0xff, 0xff, 0xff, 0xff, 0xff, 0xff, 0xff, 0xff, 0xff,
  0xff, 0xff, 0xff, 0xff, 0x00, 0x00, 0xff, 0xff, 0xff, 0xff, 0xff, 0xff,
  0xff, 0xff, 0xff, 0xff, 0xff, 0xff, 0xff, 0xff, 0xff, 0xff, 0xff, 0xff,
  0xff, 0xff, 0xff, 0xff, 0xff, 0xff, 0xff, 0xff, 0xff, 0xff, 0xff, 0xff,
  0xff, 0xff, 0xff, 0xff, 0xff, 0xff, 0xff, 0xff, 0xff, 0xff, 0xff, 0xff,
  0xff, 0xff, 0xff, 0xff, 0xff, 0xff, 0xff, 0xff, 0xff, 0xff, 0xff, 0xff,
  0xff, 0xff, 0xff, 0xff, 0xff, 0xff, 0xf6, 0xad, 0x5c, 0x54, 0x5c, 0x5d,
  0x5c, 0x5c, 0x5c, 0x5c, 0x9c, 0xa6, 0xae, 0xae, 0xaf, 0xaf, 0xaf, 0xaf,
  0xa7, 0xa6, 0xa6, 0xa6, 0xa6, 0xa6, 0xa7, 0xa6, 0xa7, 0xa6, 0xa6, 0xa6,
  0xa6, 0x5d, 0x5d, 0x5e, 0x5d, 0x5d, 0x5c, 0x5c, 0x53, 0x53, 0x53, 0x53,
  0x54, 0x5c, 0x53, 0x53, 0x53, 0x53, 0x0b, 0x14, 0x4c, 0x0b, 0xa4, 0xed,
  0xed, 0xf7, 0xf7, 0xa4, 0x49, 0x00, 0x00, 0x00, 0x00, 0x00, 0x00, 0x00,
  0x9b, 0x08, 0xff, 0xff, 0xff, 0xff, 0xff, 0xff, 0xff, 0xff, 0xff, 0xff,
  0xff, 0xff, 0xff, 0xff, 0xff, 0xff, 0xff, 0xff, 0xff, 0xff, 0xff, 0xff,
  0xff, 0xff, 0xff, 0xff, 0xff, 0xff, 0xff, 0xff, 0xff, 0xff, 0xff, 0xff,
  0xff, 0xff, 0xff, 0xff, 0xff, 0xff, 0xff, 0xff, 0xff, 0xff, 0xff, 0xff,
  0xff, 0xff, 0xff, 0xff, 0xff, 0xff, 0xff, 0xff, 0xff, 0xff, 0xff, 0xff,
  0x00, 0x00, 0xff, 0xff, 0xff, 0xff, 0xff, 0xff, 0xff, 0xff, 0xff, 0xff,
  0xff, 0xff, 0xff, 0xff, 0xff, 0xff, 0xff, 0xff, 0xff, 0xff, 0xff, 0xff,
  0xff, 0xff, 0xff, 0xff, 0xff, 0xff, 0xff, 0xff, 0xff, 0xff, 0xff, 0xff,
  0xff, 0xff, 0xff, 0xff, 0xff, 0xff, 0xff, 0xff, 0xff, 0xff, 0xff, 0xff,
  0xff, 0xff, 0xff, 0xff, 0xff, 0xff, 0xff, 0xff, 0xff, 0xff, 0xff, 0xff,
  0xff, 0xff, 0x08, 0x5c, 0x5c, 0x5c, 0xa5, 0x5c, 0x5d, 0x5d, 0x5d, 0x65,
  0xa5, 0xa6, 0xa6, 0xae, 0xaf, 0xaf, 0xaf, 0xaf, 0xa7, 0xa7, 0xa6, 0xa6,
  0xa7, 0xa7, 0xa6, 0xa6, 0xa6, 0xa6, 0xa6, 0xa6, 0xa6, 0x66, 0xa6, 0x65,
  0xa6, 0x5d, 0x5d, 0x5c, 0x5c, 0x5c, 0x53, 0x53, 0x53, 0x5c, 0x5c, 0x53,
  0x53, 0x53, 0x0b, 0x53, 0x54, 0x13, 0x53, 0xf5, 0xf5, 0xf7, 0xf7, 0xa4,
  0x49, 0x00, 0x00, 0x00, 0x00, 0x00, 0x49, 0xf7, 0xff, 0xff, 0xff, 0xff,
  0xff, 0xff, 0xff, 0xff, 0xff, 0xff, 0xff, 0xff, 0xff, 0xff, 0xff, 0xff,
  0xff, 0xff, 0xff, 0xff, 0xff, 0xff, 0xff, 0xff, 0xff, 0xff, 0xff, 0xff,
  0xff, 0xff, 0xff, 0xff, 0xff, 0xff, 0xff, 0xff, 0xff, 0xff, 0xff, 0xff,
  0xff, 0xff, 0xff, 0xff, 0xff, 0xff, 0xff, 0xff, 0xff, 0xff, 0xff, 0xff,
  0xff, 0xff, 0xff, 0xff, 0xff, 0xff, 0xff, 0xff, 0x00, 0x00, 0xff, 0xff,
  0xff, 0xff, 0xff, 0xff, 0xff, 0xff, 0xff, 0xff, 0xff, 0xff, 0xff, 0xff,
  0xff, 0xff, 0xff, 0xff, 0xff, 0xff, 0xff, 0xff, 0xff, 0xff, 0xff, 0xff,
  0xff, 0xff, 0xff, 0xff, 0xff, 0xff, 0xff, 0xff, 0xff, 0xff, 0xff, 0xff,
  0xff, 0xff, 0xff, 0xff, 0xff, 0xff, 0xff, 0xff, 0xff, 0xff, 0xff, 0xff,
  0xff, 0xff, 0xff, 0xff, 0xff, 0xff, 0xff, 0xff, 0xff, 0xff, 0xb5, 0x5c,
  0x5c, 0x65, 0x5c, 0x5c, 0x5d, 0x65, 0x65, 0x5d, 0xa6, 0xa6, 0xaf, 0xae,
  0xae, 0xaf, 0xaf, 0xa6, 0xa7, 0xa7, 0xaf, 0xa7, 0xa6, 0xa6, 0xa6, 0xa6,
  0xa6, 0xa7, 0xa6, 0xa6, 0xa6, 0xa6, 0x5d, 0xa6, 0xa6, 0x5d, 0x5d, 0x5c,
  0x5c, 0x5c, 0x54, 0x53, 0x53, 0x54, 0x5c, 0x54, 0x53, 0x53, 0x13, 0x0b,
  0x54, 0x0b, 0x0a, 0xf7, 0xf7, 0xf7, 0xa4, 0x5b, 0x00, 0x00, 0x00, 0x00,
  0x00, 0x52, 0x08, 0xff, 0xff, 0xff, 0xff, 0xff, 0xff, 0xff, 0xff, 0xff,
  0xff, 0xff, 0xff, 0xff, 0xff, 0xff, 0xff, 0xff, 0xff, 0xff, 0xff, 0xff,
  0xff, 0xff, 0xff, 0xff, 0xff, 0xff, 0xff, 0xff, 0xff, 0xff, 0xff, 0xff,
  0xff, 0xff, 0xff, 0xff, 0xff, 0xff, 0xff, 0xff, 0xff, 0xff, 0xff, 0xff,
  0xff, 0xff, 0xff, 0xff, 0xff, 0xff, 0xff, 0xff, 0xff, 0xff, 0xff, 0xff,
  0xff, 0xff, 0xff, 0xff, 0x00, 0x00, 0xff, 0xff, 0xff, 0xff, 0xff, 0xff,
  0xff, 0xff, 0xff, 0xff, 0xff, 0xff, 0xff, 0xff, 0xff, 0xff, 0xff, 0xff,
  0xff, 0xff, 0xff, 0xff, 0xff, 0xff, 0xff, 0xff, 0xff, 0xff, 0xff, 0xff,
  0xff, 0xff, 0xff, 0xff, 0xff, 0xff, 0xff, 0xff, 0xff, 0xff, 0xff, 0xff,
  0xff, 0xff, 0xff, 0xff, 0xff, 0xff, 0xff, 0xff, 0xff, 0xff, 0xff, 0xff,
  0xff, 0xff, 0xff, 0xff, 0xff, 0xff, 0xad, 0x5c, 0x65, 0x5d, 0x5d, 0x5d,
  0x5d, 0x65, 0x65, 0x65, 0xa6, 0xa6, 0xae, 0xae, 0xaf, 0xa6, 0xaf, 0xaf,
  0xaf, 0xaf, 0xaf, 0xaf, 0xa6, 0xa6, 0xa6, 0xa6, 0xa6, 0xa6, 0xa6, 0xa6,
  0xa6, 0xa6, 0x5d, 0xa6, 0xa5, 0x65, 0x5d, 0x5c, 0x5c, 0x5c, 0x5c, 0x54,
  0x53, 0x54, 0x5c, 0x5c, 0x53, 0x53, 0x53, 0x0b, 0x53, 0x54, 0x0a, 0x53,
  0x53, 0xac, 0xa4, 0x52, 0x00, 0x00, 0x00, 0x00, 0x53, 0xf6, 0xff, 0xff,
  0xff, 0xff, 0xff, 0xff, 0xff, 0xff, 0xff, 0xff, 0xff, 0xff, 0xff, 0xff,
  0xff, 0xff, 0xff, 0xff, 0xff, 0xff, 0xff, 0xff, 0xff, 0xff, 0xff, 0xff,
  0xff, 0xff, 0xff, 0xff, 0xff, 0xff, 0xff, 0xff, 0xff, 0xff, 0xff, 0xff,
  0xff, 0xff, 0xff, 0xff, 0xff, 0xff, 0xff, 0xff, 0xff, 0xff, 0xff, 0xff,
  0xff, 0xff, 0xff, 0xff, 0xff, 0xff, 0xff, 0xff, 0xff, 0xff, 0xff, 0xff,
  0x00, 0x00, 0xff, 0xff, 0xff, 0xff, 0xff, 0xff, 0xff, 0xff, 0xff, 0xff,
  0xff, 0xff, 0xff, 0xff, 0xff, 0xff, 0xff, 0xff, 0xff, 0xff, 0xff, 0xff,
  0xff, 0xff, 0xff, 0xff, 0xff, 0xff, 0xff, 0xff, 0xff, 0xff, 0xff, 0xff,
  0xff, 0xff, 0xff, 0xff, 0xff, 0xff, 0xff, 0xff, 0xff, 0xff, 0xff, 0xff,
  0xff, 0xff, 0xff, 0xff, 0xff, 0xff, 0xff, 0xff, 0xff, 0xff, 0xff, 0xff,
  0xff, 0x08, 0x64, 0x5d, 0x65, 0x65, 0x5c, 0x5d, 0x5d, 0x65, 0x65, 0xa5,
  0xa6, 0xae, 0xae, 0xae, 0xaf, 0xae, 0xae, 0xa6, 0xa6, 0xa6, 0xa6, 0xa6,
  0xa6, 0xa6, 0xa6, 0xa6, 0xa6, 0xa6, 0xa6, 0x5d, 0x5d, 0x65, 0xa6, 0xa5,
  0xa5, 0x65, 0x65, 0x5d, 0x5c, 0x5c, 0x5c, 0x53, 0x53, 0x54, 0x5c, 0x5c,
  0x54, 0x53, 0x53, 0x53, 0x13, 0x54, 0x0b, 0x12, 0x12, 0xee, 0x53, 0x00,
  0x00, 0x00, 0x00, 0x5b, 0xf6, 0xff, 0xff, 0xff, 0xff, 0xff, 0xff, 0xff,
  0xff, 0xff, 0xff, 0xff, 0xff, 0xff, 0xff, 0xff, 0xff, 0xff, 0xff, 0xff,
  0xff, 0xff, 0xff, 0xff, 0xff, 0xff, 0xff, 0xff, 0xff, 0xff, 0xff, 0xff,
  0xff, 0xff, 0xff, 0xff, 0xff, 0xff, 0xff, 0xff, 0xff, 0xff, 0xff, 0xff,
  0xff, 0xff, 0xff, 0xff, 0xff, 0xff, 0xff, 0xff, 0xff, 0xff, 0xff, 0xff,
  0xff, 0xff, 0xff, 0xff, 0xff, 0xff, 0xff, 0xff, 0x00, 0x00, 0xff, 0xff,
  0xff, 0xff, 0xff, 0xff, 0xff, 0xff, 0xff, 0xff, 0xff, 0xff, 0xff, 0xff,
  0xff, 0xff, 0xff, 0xff, 0xff, 0xff, 0xff, 0xff, 0xff, 0xff, 0xff, 0xff,
  0xff, 0xff, 0xff, 0xff, 0xff, 0xff, 0xff, 0xff, 0xff, 0xff, 0xff, 0xff,
  0xff, 0xff, 0xff, 0xff, 0xff, 0xff, 0xff, 0xff, 0xff, 0xff, 0xff, 0xff,
  0xff, 0xff, 0xff, 0xff, 0xff, 0xff, 0xff, 0xff, 0x08, 0x65, 0x5c, 0x65,
  0x5c, 0x5c, 0x5c, 0x5c, 0x66, 0xa5, 0xa5, 0xa6, 0xa6, 0xa6, 0xa7, 0xaf,
  0xa6, 0xa6, 0xa6, 0xa6, 0xa6, 0xa6, 0xa6, 0xa6, 0xa6, 0xa6, 0xa6, 0xa6,
  0xa6, 0xa5, 0xa5, 0x5d, 0x5d, 0xa5, 0x65, 0x5d, 0xa5, 0x65, 0x65, 0x9d,
  0x5d, 0x5d, 0x5c, 0x5c, 0x53, 0x53, 0x54, 0x5c, 0x5c, 0x54, 0x53, 0x53,
  0x13, 0x54, 0x13, 0x13, 0x13, 0xa4, 0x49, 0x00, 0x00, 0x49, 0xa4, 0xff,
  0xff, 0xff, 0xff, 0xff, 0xff, 0xff, 0xff, 0xff, 0xff, 0xff, 0xff, 0xff,
  0xff, 0xff, 0xff, 0xff, 0xff, 0xff, 0xff, 0xff, 0xff, 0xff, 0xff, 0xff,
  0xff, 0xff, 0xff, 0xff, 0xff, 0xff, 0xff, 0xff, 0xff, 0xff, 0xff, 0xff,
  0xff, 0xff, 0xff, 0xff, 0xff, 0xff, 0xff, 0xff, 0xff, 0xff, 0xff, 0xff,
  0xff, 0xff, 0xff, 0xff, 0xff, 0xff, 0xff, 0xff, 0xff, 0xff, 0xff, 0xff,
  0xff, 0xff, 0xff, 0xff, 0x00, 0x00, 0xff, 0xff, 0xff, 0xff, 0xff, 0xff,
  0xff, 0xff, 0xff, 0xff, 0xff, 0xff, 0xff, 0xff, 0xff, 0xff, 0xff, 0xff,
  0xff, 0xff, 0xff, 0xff, 0xff, 0xff, 0xff, 0xff, 0xff, 0xff, 0xff, 0xff,
  0xff, 0xff, 0xff, 0xff, 0xff, 0xff, 0xff, 0xff, 0xff, 0xff, 0xff, 0xff,
  0xff, 0xff, 0xff, 0xff, 0xff, 0xff, 0xff, 0xff, 0xff, 0xff, 0xff, 0xff,
  0xff, 0xff, 0xff, 0x08, 0xa4, 0x5c, 0x65, 0x5d, 0x5c, 0x5c, 0x5d, 0x65,
  0xa6, 0x66, 0x66, 0xa6, 0xa6, 0xae, 0xae, 0xa6, 0xa6, 0xa6, 0xa6, 0xa6,
  0xa6, 0xa6, 0xa6, 0xa6, 0xa6, 0xa6, 0xa5, 0x5d, 0x66, 0x9d, 0x5d, 0x5d,
  0x5d, 0x5c, 0x65, 0x5d, 0x5d, 0x65, 0x65, 0x65, 0x5d, 0x5d, 0x5d, 0x5c,
  0x54, 0x53, 0x53, 0x53, 0x5c, 0x5c, 0x53, 0x53, 0x53, 0x53, 0x54, 0x0b,
  0x0b, 0x9b, 0x00, 0x00, 0x49, 0xf7, 0xf6, 0xff, 0xff, 0xff, 0xff, 0xff,
  0xff, 0xff, 0xff, 0xff, 0xff, 0xff, 0xff, 0xff, 0xff, 0xff, 0xff, 0xff,
  0xff, 0xff, 0xff, 0xff, 0xff, 0xff, 0xff, 0xff, 0xff, 0xff, 0xff, 0xff,
  0xff, 0xff, 0xff, 0xff, 0xff, 0xff, 0xff, 0xff, 0xff, 0xff, 0xff, 0xff,
  0xff, 0xff, 0xff, 0xff, 0xff, 0xff, 0xff, 0xff, 0xff, 0xff, 0xff, 0xff,
  0xff, 0xff, 0xff, 0xff, 0xff, 0xff, 0xff, 0xff, 0xff, 0xff, 0xff, 0xff,
  0x00, 0x00, 0xff, 0xff, 0xff, 0xff, 0xff, 0xff, 0xff, 0xff, 0xff, 0xff,
  0xff, 0xff, 0xff, 0xff, 0xff, 0xff, 0xff, 0xff, 0xff, 0xff, 0xff, 0xff,
  0xff, 0xff, 0xff, 0xff, 0xff, 0xff, 0xff, 0xff, 0xff, 0xff, 0xff, 0xff,
  0xff, 0xff, 0xff, 0xff, 0xff, 0xff, 0xff, 0xff, 0xff, 0xff, 0xff, 0xff,
  0xff, 0xff, 0xff, 0xff, 0xff, 0xff, 0xff, 0xff, 0xff, 0xff, 0x08, 0x9c,
  0x5c, 0x5c, 0x65, 0x5d, 0x5c, 0x5c, 0x5d, 0x65, 0xa5, 0xa6, 0xa6, 0xa6,
  0xa6, 0xae, 0xa6, 0xa6, 0xa6, 0xa6, 0xa6, 0xa6, 0xa6, 0xa6, 0xa6, 0xa6,
  0xa6, 0xa6, 0xa5, 0x5d, 0x5d, 0xa5, 0x9d, 0x5d, 0x5d, 0x5d, 0x5d, 0x5d,
  0x5d, 0x65, 0xa5, 0x5d, 0x5d, 0x5d, 0x5d, 0x5c, 0x54, 0x53, 0x53, 0x54,
  0x5c, 0x5c, 0x54, 0x53, 0x53, 0x13, 0x53, 0x13, 0x13, 0xa4, 0x92, 0x9b,
  0x07, 0xff, 0xff, 0xff, 0xff, 0xff, 0xff, 0xff, 0xff, 0xff, 0xff, 0xff,
  0xff, 0xff, 0xff, 0xff, 0xff, 0xff, 0xff, 0xff, 0xff, 0xff, 0xff, 0xff,
  0xff, 0xff, 0xff, 0xff, 0xff, 0xff, 0xff, 0xff, 0xff, 0xff, 0xff, 0xff,
  0xff, 0xff, 0xff, 0xff, 0xff, 0xff, 0xff, 0xff, 0xff, 0xff, 0xff, 0xff,
  0xff, 0xff, 0xff, 0xff, 0xff, 0xff, 0xff, 0xff, 0xff, 0xff, 0xff, 0xff,
  0xff, 0xff, 0xff, 0xff, 0xff, 0xff, 0xff, 0xff, 0x00, 0x00, 0xff, 0xff,
  0xff, 0xff, 0xff, 0xff, 0xff, 0xff, 0xff, 0xff, 0xff, 0xff, 0xff, 0xff,
  0xff, 0xff, 0xff, 0xff, 0xff, 0xff, 0xff, 0xff, 0xff, 0xff, 0xff, 0xff,
  0xff, 0xff, 0xff, 0xff, 0xff, 0xff, 0xff, 0xff, 0xff, 0xff, 0xff, 0xff,
  0xff, 0xff, 0xff, 0xff, 0xff, 0xff, 0xff, 0xff, 0xff, 0xff, 0xff, 0xff,
  0xff, 0xff, 0xff, 0xff, 0xff, 0xf6, 0xa5, 0x53, 0x5d, 0x65, 0x5d, 0x5d,
  0x65, 0x5d, 0xa5, 0xa5, 0xa6, 0xa6, 0xa6, 0xa6, 0xa6, 0xa6, 0xa6, 0xa6,
  0xa6, 0xa6, 0xa6, 0xa6, 0xa6, 0xa6, 0xa6, 0xa6, 0xa5, 0xa5, 0xa5, 0x5d,
  0x5d, 0x5d, 0x5d, 0x5d, 0x5d, 0x5d, 0x5d, 0x5c, 0x5c, 0x5d, 0x5d, 0x65,
  0x65, 0x65, 0x65, 0x5d, 0x5d, 0x53, 0x53, 0x53, 0x54, 0x5c, 0x54, 0x54,
  0x53, 0x53, 0x13, 0x53, 0x53, 0x07, 0x08, 0xf6, 0xff, 0xff, 0xff, 0xff,
  0xff, 0xff, 0xff, 0xff, 0xff, 0xff, 0xff, 0xff, 0xff, 0xff, 0xff, 0xff,
  0xff, 0xff, 0xff, 0xff, 0xff, 0xff, 0xff, 0xff, 0xff, 0xff, 0xff, 0xff,
  0xff, 0xff, 0xff, 0xff, 0xff, 0xff, 0xff, 0xff, 0xff, 0xff, 0xff, 0xff,
  0xff, 0xff, 0xff, 0xff, 0xff, 0xff, 0xff, 0xff, 0xff, 0xff, 0xff, 0xff,
  0xff, 0xff, 0xff, 0xff, 0xff, 0xff, 0xff, 0xff, 0xff, 0xff, 0xff, 0xff,
  0xff, 0xff, 0xff, 0xff, 0x00, 0x00, 0xff, 0xff, 0xff, 0xff, 0xff, 0xff,
  0xff, 0xff, 0xff, 0xff, 0xff, 0xff, 0xff, 0xff, 0xff, 0xff, 0xff, 0xff,
  0xff, 0xff, 0xff, 0xff, 0xff, 0xff, 0xff, 0xff, 0xff, 0xff, 0xff, 0xff,
  0xff, 0xff, 0xff, 0xff, 0xff, 0xff, 0xff, 0xff, 0xff, 0xff, 0xff, 0xff,
  0xff, 0xff, 0xff, 0xff, 0xff, 0xff, 0xff, 0xff, 0xff, 0xff, 0xff, 0xff,
  0xff, 0xae, 0x5c, 0x5c, 0x5d, 0x65, 0x5d, 0x5d, 0x65, 0x65, 0xa5, 0xa5,
  0xa6, 0xa6, 0xa6, 0xae, 0xa6, 0xa6, 0xa6, 0xa6, 0xa6, 0xa6, 0xa6, 0xa6,
  0xa6, 0xa6, 0xa5, 0xa5, 0xa5, 0xa5, 0xa5, 0x5d, 0x5d, 0x5d, 0x5d, 0x5d,
  0x5d, 0x5d, 0x54, 0x5c, 0x5c, 0x65, 0x65, 0x65, 0x65, 0x65, 0x65, 0x65,
  0x5d, 0x5c, 0x54, 0x53, 0x54, 0x5c, 0x5c, 0x54, 0x53, 0x53, 0x13, 0x93,
  0x93, 0x07, 0xff, 0xff, 0xff, 0xff, 0xff, 0xff, 0xff, 0xff, 0xff, 0xff,
  0xff, 0xff, 0xff, 0xff, 0xff, 0xff, 0xff, 0xff, 0xff, 0xff, 0xff, 0xff,
  0xff, 0xff, 0xff, 0xff, 0xff, 0xff, 0xff, 0xff, 0xff, 0xff, 0xff, 0xff,
  0xff, 0xff, 0xff, 0xff, 0xff, 0xff, 0xff, 0xff, 0xff, 0xff, 0xff, 0xff,
  0xff, 0xff, 0xff, 0xff, 0xff, 0xff, 0xff, 0xff, 0xff, 0xff, 0xff, 0xff,
  0xff, 0xff, 0xff, 0xff, 0xff, 0xff, 0xff, 0xff, 0xff, 0xff, 0xff, 0xff,
  0x00, 0x00, 0xff, 0xff, 0xff, 0xff, 0xff, 0xff, 0xff, 0xff, 0xff, 0xff,
  0xff, 0xff, 0xff, 0xff, 0xff, 0xff, 0xff, 0xff, 0xff, 0xff, 0xff, 0xff,
  0xff, 0xff, 0xff, 0xff, 0xff, 0xff, 0xff, 0xff, 0xff, 0xff, 0xff, 0xff,
  0xff, 0xff, 0xff, 0xff, 0xff, 0xff, 0xff, 0xff, 0xff, 0xff, 0xff, 0xff,
  0xff, 0xff, 0xff, 0xff, 0xff, 0xff, 0xff, 0xff, 0xf6, 0x65, 0x54, 0x5d,
  0x65, 0x5d, 0x65, 0x5d, 0x65, 0x65, 0xa6, 0xa5, 0xa6, 0xa6, 0xa6, 0xae,
  0xa6, 0xa6, 0xae, 0xae, 0xa6, 0xa6, 0xa6, 0xa6, 0xa6, 0xa6, 0xa5, 0x9d,
  0xa6, 0xa6, 0xa5, 0xa5, 0x9d, 0x5d, 0x5d, 0x5d, 0x5c, 0x5c, 0x5c, 0x5c,
  0x5d, 0x5d, 0x5d, 0x65, 0x65, 0x65, 0x65, 0xa5, 0xa5, 0x5c, 0x5c, 0x53,
  0x53, 0x5c, 0x5c, 0x5c, 0x53, 0x53, 0x13, 0x53, 0x53, 0xed, 0xff, 0xff,
  0xff, 0xff, 0xff, 0xff, 0xff, 0xff, 0xff, 0xff, 0xff, 0xff, 0xff, 0xff,
  0xff, 0xff, 0xff, 0xff, 0xff, 0xff, 0xff, 0xff, 0xff, 0xff, 0xff, 0xff,
  0xff, 0xff, 0xff, 0xff, 0xff, 0xff, 0xff, 0xff, 0xff, 0xff, 0xff, 0xff,
  0xff, 0xff, 0xff, 0xff, 0xff, 0xff, 0xff, 0xff, 0xff, 0xff, 0xff, 0xff,
  0xff, 0xff, 0xff, 0xff, 0xff, 0xff, 0xff, 0xff, 0xff, 0xff, 0xff, 0xff,
  0xff, 0xff, 0xff, 0xff, 0xff, 0xff, 0xff, 0xff, 0x00, 0x00, 0xff, 0xff,
  0xff, 0xff, 0xff, 0xff, 0xff, 0xff, 0xff, 0xff, 0xff, 0xff, 0xff, 0xff,
  0xff, 0xff, 0xff, 0xff, 0xff, 0xff, 0xff, 0xff, 0xff, 0xff, 0xff, 0xff,
  0xff, 0xff, 0xff, 0xff, 0xff, 0xff, 0xff, 0xff, 0xff, 0xff, 0xff, 0xff,
  0xff, 0xff, 0xff, 0xff, 0xff, 0xff, 0xff, 0xff, 0xff, 0xff, 0xff, 0xff,
  0xff, 0xff, 0xff, 0xff, 0x07, 0x5c, 0x5c, 0x65, 0x65, 0x65, 0x5d, 0x5d,
  0xa5, 0xa6, 0xa6, 0xa6, 0xae, 0xa6, 0xa6, 0xa6, 0xa6, 0xa6, 0xa6, 0xa6,
  0xa6, 0xa6, 0xa6, 0xa6, 0xa6, 0xa6, 0xa6, 0x9d, 0x9d, 0x9d, 0x5d, 0xa5,
  0x9d, 0x5d, 0x5d, 0x5c, 0x5d, 0x5c, 0x5c, 0x5c, 0x5c, 0x5d, 0x5d, 0x5d,
  0x65, 0x65, 0x65, 0xa5, 0xa5, 0x5d, 0x5c, 0x5c, 0x54, 0x53, 0x5c, 0x5c,
  0x53, 0x13, 0x53, 0x53, 0x53, 0xf5, 0xff, 0xff, 0xff, 0xff, 0xff, 0xff,
  0xff, 0xff, 0xff, 0xff, 0xff, 0xff, 0xff, 0xff, 0xff, 0xff, 0xff, 0xff,
  0xff, 0xff, 0xff, 0xff, 0xff, 0xff, 0xff, 0xff, 0xff, 0xff, 0xff, 0xff,
  0xff, 0xff, 0xff, 0xff, 0xff, 0xff, 0xff, 0xff, 0xff, 0xff, 0xff, 0xff,
  0xff, 0xff, 0xff, 0xff, 0xff, 0xff, 0xff, 0xff, 0xff, 0xff, 0xff, 0xff,
  0xff, 0xff, 0xff, 0xff, 0xff, 0xff, 0xff, 0xff, 0xff, 0xff, 0xff, 0xff,
  0xff, 0xff, 0xff, 0xff, 0x00, 0x00, 0xff, 0xff, 0xff, 0xff, 0xff, 0xff,
  0xff, 0xff, 0xff, 0xff, 0xff, 0xff, 0xff, 0xff, 0xff, 0xff, 0xff, 0xff,
  0xff, 0xff, 0xff, 0xff, 0xff, 0xff, 0xff, 0xff, 0xff, 0xff, 0xff, 0xff,
  0xff, 0xff, 0xff, 0xff, 0xff, 0xff, 0xff, 0xff, 0xff, 0xff, 0xff, 0xff,
  0xff, 0xff, 0xff, 0xff, 0xff, 0xff, 0xff, 0xff, 0xff, 0xff, 0xf6, 0xf6,
  0xad, 0x5c, 0x5d, 0xa5, 0x65, 0x65, 0x65, 0x65, 0xa5, 0xa6, 0xa6, 0xad,
  0xa6, 0xae, 0xae, 0xa6, 0xaf, 0xaf, 0xa6, 0xa6, 0xa6, 0xa6, 0xa6, 0xa6,
  0xa6, 0xa5, 0x66, 0xa6, 0x5e, 0x5e, 0x5d, 0x5d, 0x5d, 0x5d, 0x5d, 0x54,
  0x54, 0x5c, 0x5c, 0x5c, 0x5c, 0x5d, 0x5d, 0x5d, 0x65, 0x65, 0xa5, 0xa6,
  0xa6, 0xa5, 0x5c, 0x5c, 0x54, 0x53, 0x5c, 0x5c, 0x54, 0x53, 0x53, 0x53,
  0x53, 0xf7, 0xff, 0xff, 0xff, 0xff, 0xff, 0xff, 0xff, 0xff, 0xff, 0xff,
  0xff, 0xff, 0xff, 0xff, 0xff, 0xff, 0xff, 0xff, 0xff, 0xff, 0xff, 0xff,
  0xff, 0xff, 0xff, 0xff, 0xff, 0xff, 0xff, 0xff, 0xff, 0xff, 0xff, 0xff,
  0xff, 0xff, 0xff, 0xff, 0xff, 0xff, 0xff, 0xff, 0xff, 0xff, 0xff, 0xff,
  0xff, 0xff, 0xff, 0xff, 0xff, 0xff, 0xff, 0xff, 0xff, 0xff, 0xff, 0xff,
  0xff, 0xff, 0xff, 0xff, 0xff, 0xff, 0xff, 0xff, 0xff, 0xff, 0xff, 0xff,
  0x00, 0x00, 0xff, 0xff, 0xff, 0xff, 0xff, 0xff, 0xff, 0xff, 0xff, 0xff,
  0xff, 0xff, 0xff, 0xff, 0xff, 0xff, 0xff, 0xff, 0xff, 0xff, 0xff, 0xff,
  0xff, 0xff, 0xff, 0xff, 0xff, 0xff, 0xff, 0xff, 0xff, 0xff, 0xff, 0xff,
  0xff, 0xff, 0xff, 0xff, 0xff, 0xff, 0xff, 0xff, 0xff, 0xff, 0xff, 0xff,
  0xff, 0xff, 0xff, 0xff, 0xff, 0xff, 0x08, 0x08, 0xa4, 0x5c, 0xa5, 0x65,
  0x65, 0x65, 0x65, 0x65, 0xa6, 0xae, 0xa6, 0xa6, 0xa5, 0xa6, 0xa6, 0xa6,
  0xa6, 0xae, 0xa6, 0xae, 0xa6, 0xa6, 0xa7, 0xa7, 0xa7, 0xaf, 0xaf, 0xa7,
  0xa7, 0xa7, 0xa7, 0xa6, 0xa6, 0xa6, 0xa6, 0x5d, 0x5d, 0x5d, 0x54, 0x5c,
  0x5c, 0x5d, 0x5d, 0x5d, 0x5d, 0x5d, 0x66, 0xa5, 0xa6, 0xa5, 0x5d, 0x5c,
  0x5c, 0x53, 0x5b, 0x5c, 0x54, 0x53, 0x13, 0x53, 0x53, 0xa6, 0xff, 0xff,
  0xff, 0xff, 0xff, 0xff, 0xff, 0xff, 0xff, 0xff, 0xff, 0xff, 0xff, 0xff,
  0xff, 0xff, 0xff, 0xff, 0xff, 0xff, 0xff, 0xff, 0xff, 0xff, 0xff, 0xff,
  0xff, 0xff, 0xff, 0xff, 0xff, 0xff, 0xff, 0xff, 0xff, 0xff, 0xff, 0xff,
  0xff, 0xff, 0xff, 0xff, 0xff, 0xff, 0xff, 0xff, 0xff, 0xff, 0xff, 0xff,
  0xff, 0xff, 0xff, 0xff, 0xff, 0xff, 0xff, 0xff, 0xff, 0xff, 0xff, 0xff,
  0xff, 0xff, 0xff, 0xff, 0xff, 0xff, 0xff, 0xff, 0x00, 0x00, 0xff, 0xff,
  0xff, 0xff, 0xff, 0xff, 0xff, 0xff, 0xff, 0xff, 0xff, 0xff, 0xff, 0xff,
  0xff, 0xff, 0xff, 0xff, 0xff, 0xff, 0xff, 0xff, 0xff, 0xff, 0xff, 0xff,
  0xff, 0xff, 0xff, 0xff, 0xff, 0xff, 0xff, 0xff, 0xff, 0xff, 0xff, 0xff,
  0xff, 0xff, 0xff, 0xff, 0xff, 0xff, 0xff, 0xff, 0xff, 0xff, 0xff, 0xff,
  0xff, 0xff, 0xf7, 0xf7, 0x5c, 0x5d, 0x65, 0x5d, 0xa5, 0x65, 0x65, 0xa6,
  0xa6, 0xae, 0xa6, 0xa5, 0xa5, 0xa5, 0xa5, 0xa6, 0xa6, 0xae, 0xae, 0xa6,
  0xa6, 0xa6, 0xa6, 0xa6, 0xa6, 0xa6, 0xa6, 0xa6, 0xa6, 0xa6, 0x9e, 0x9e,
  0x9e, 0x9e, 0x9d, 0x5d, 0x5d, 0x5d, 0x5d, 0x5c, 0x5c, 0x5c, 0x5d, 0x5d,
  0x5d, 0x5d, 0xa5, 0xae, 0xa6, 0xa5, 0x65, 0x5d, 0x5c, 0x54, 0x53, 0x5c,
  0x54, 0x53, 0x53, 0x13, 0x13, 0x9c, 0xff, 0xff, 0xff, 0xff, 0xff, 0xff,
  0xff, 0xff, 0xff, 0xff, 0xff, 0xff, 0xff, 0xff, 0xff, 0xff, 0xff, 0xff,
  0xff, 0xff, 0xff, 0xff, 0xff, 0xff, 0xff, 0xff, 0xff, 0xff, 0xff, 0xff,
  0xff, 0xff, 0xff, 0xff, 0xff, 0xff, 0xff, 0xff, 0xff, 0xff, 0xff, 0xff,
  0xff, 0xff, 0xff, 0xff, 0xff, 0xff, 0xff, 0xff, 0xff, 0xff, 0xff, 0xff,
  0xff, 0xff, 0xff, 0xff, 0xff, 0xff, 0xff, 0xff, 0xff, 0xff, 0xff, 0xff,
  0xff, 0xff, 0xff, 0xff, 0x00, 0x00, 0xff, 0xff, 0xff, 0xff, 0xff, 0xff,
  0xff, 0xff, 0xff, 0xff, 0xff, 0xff, 0xff, 0xff, 0xff, 0xff, 0xff, 0xff,
  0xff, 0xff, 0xff, 0xff, 0xff, 0xff, 0xff, 0xff, 0xff, 0xff, 0xff, 0xff,
  0xff, 0xff, 0xff, 0xff, 0xff, 0xff, 0xff, 0xff, 0xff, 0xff, 0xff, 0xff,
  0xff, 0xff, 0xff, 0xff, 0xff, 0xff, 0xff, 0xff, 0xff, 0xff, 0xad, 0xad,
  0x5c, 0x5d, 0x65, 0x65, 0x65, 0x65, 0x65, 0xa6, 0xa6, 0xa6, 0x65, 0xa5,
  0xa5, 0xa6, 0xa6, 0xa6, 0xa6, 0xa6, 0xa6, 0xa6, 0xa6, 0x5d, 0x5d, 0xa6,
  0xa6, 0x9e, 0x9d, 0x5d, 0x9d, 0x9d, 0x9d, 0x9d, 0x9d, 0x5d, 0x5d, 0x54,
  0x55, 0x55, 0x54, 0x5d, 0x5c, 0x5d, 0x5d, 0x5d, 0x5d, 0x5d, 0x5d, 0xae,
  0xae, 0xa6, 0xa5, 0x5d, 0x5c, 0x54, 0x54, 0x5c, 0x5c, 0x53, 0x13, 0x0a,
  0x0a, 0x9c, 0xff, 0xff, 0xff, 0xff, 0xff, 0xff, 0xff, 0xff, 0xff, 0xff,
  0xff, 0xff, 0xff, 0xff, 0xff, 0xff, 0xff, 0xff, 0xff, 0xff, 0xff, 0xff,
  0xff, 0xff, 0xff, 0xff, 0xff, 0xff, 0xff, 0xff, 0xff, 0xff, 0xff, 0xff,
  0xff, 0xff, 0xff, 0xff, 0xff, 0xff, 0xff, 0xff, 0xff, 0xff, 0xff, 0xff,
  0xff, 0xff, 0xff, 0xff, 0xff, 0xff, 0xff, 0xff, 0xff, 0xff, 0xff, 0xff,
  0xff, 0xff, 0xff, 0xff, 0xff, 0xff, 0xff, 0xff, 0xff, 0xff, 0xff, 0xff,
  0x00, 0x00, 0xff, 0xff, 0xff, 0xff, 0xff, 0xff, 0xff, 0xff, 0xff, 0xff,
  0xff, 0xff, 0xff, 0xff, 0xff, 0xff, 0xff, 0xff, 0xff, 0xff, 0xff, 0xff,
  0xff, 0xff, 0xff, 0xff, 0xff, 0xff, 0xff, 0xff, 0xff, 0xff, 0xff, 0xff,
  0xff, 0xff, 0xff, 0xff, 0xff, 0xff, 0xff, 0xff, 0xff, 0xff, 0xff, 0xff,
  0xff, 0xff, 0xff, 0xff, 0xff, 0x08, 0xa5, 0xa5, 0x5c, 0x65, 0x65, 0x65,
  0x65, 0x65, 0xa5, 0xa6, 0xa6, 0x65, 0xa6, 0xa5, 0x65, 0x5d, 0x5d, 0x66,
  0xa5, 0x9e, 0x5c, 0x53, 0x53, 0x53, 0x9c, 0xa4, 0x9c, 0x9c, 0xa5, 0x9d,
  0x5c, 0x5c, 0x5d, 0x5c, 0x53, 0x54, 0x54, 0x54, 0x54, 0x54, 0x54, 0x55,
  0x5d, 0x5c, 0x5d, 0x5d, 0x5d, 0x5d, 0x5d, 0xae, 0xae, 0xa6, 0xa5, 0x5d,
  0x5c, 0x5c, 0x53, 0x54, 0x5c, 0x53, 0x53, 0x0a, 0x0a, 0x9b, 0xff, 0xff,
  0xff, 0xff, 0xff, 0xff, 0xff, 0xff, 0xff, 0xff, 0xff, 0xff, 0xff, 0xff,
  0xff, 0xff, 0xff, 0xff, 0xff, 0xff, 0xff, 0xff, 0xff, 0xff, 0xff, 0xff,
  0xff, 0xff, 0xff, 0xff, 0xff, 0xff, 0xff, 0xff, 0xff, 0xff, 0xff, 0xff,
  0xff, 0xff, 0xff, 0xff, 0xff, 0xff, 0xff, 0xff, 0xff, 0xff, 0xff, 0xff,
  0xff, 0xff, 0xff, 0xff, 0xff, 0xff, 0xff, 0xff, 0xff, 0xff, 0xff, 0xff,
  0xff, 0xff, 0xff, 0xff, 0xff, 0xff, 0xff, 0xff, 0x00, 0x00, 0xff, 0xff,
  0xff, 0xff, 0xff, 0xff, 0xff, 0xff, 0xff, 0xff, 0xff, 0xff, 0xff, 0xff,
  0xff, 0xff, 0xff, 0xff, 0xff, 0xff, 0xff, 0xff, 0xff, 0xff, 0xff, 0xff,
  0xff, 0xff, 0xff, 0xff, 0xff, 0xff, 0xff, 0xff, 0xff, 0xff, 0xff, 0xff,
  0xff, 0xff, 0xff, 0xff, 0xff, 0xff, 0xff, 0xff, 0xff, 0xff, 0xff, 0xff,
  0xff, 0x07, 0x5d, 0x5d, 0x5d, 0xa5, 0x65, 0x65, 0x65, 0xa5, 0xa5, 0xa6,
  0xa6, 0x65, 0xa5, 0x65, 0x65, 0x5c, 0x5c, 0x54, 0x0b, 0x0a, 0x00, 0x0a,
  0x5b, 0x5c, 0x5c, 0xa4, 0xa5, 0xa4, 0xad, 0xa4, 0x9c, 0x9c, 0xb6, 0xad,
  0x5b, 0xf7, 0x5b, 0x5c, 0x9c, 0x4a, 0x4b, 0x0b, 0x54, 0x5c, 0x5d, 0x5d,
  0x5d, 0x5d, 0x5d, 0xa5, 0xae, 0xa6, 0xa5, 0x65, 0x5d, 0x5c, 0x53, 0x53,
  0x5c, 0x54, 0x53, 0x13, 0x13, 0x9c, 0xff, 0xff, 0xff, 0xff, 0xff, 0xff,
  0xff, 0xff, 0xff, 0xff, 0xff, 0xff, 0xff, 0xff, 0xff, 0xff, 0xff, 0xff,
  0xff, 0xff, 0xff, 0xff, 0xff, 0xff, 0xff, 0xff, 0xff, 0xff, 0xff, 0xff,
  0xff, 0xff, 0xff, 0xff, 0xff, 0xff, 0xff, 0xff, 0xff, 0xff, 0xff, 0xff,
  0xff, 0xff, 0xff, 0xff, 0xff, 0xff, 0xff, 0xff, 0xff, 0xff, 0xff, 0xff,
  0xff, 0xff, 0xff, 0xff, 0xff, 0xff, 0xff, 0xff, 0xff, 0xff, 0xff, 0xff,
  0xff, 0xff, 0xff, 0xff, 0x00, 0x00, 0xff, 0xff, 0xff, 0xff, 0xff, 0xff,
  0xff, 0xff, 0xff, 0xff, 0xff, 0xff, 0xff, 0xff, 0xff, 0xff, 0xff, 0xff,
  0xff, 0xff, 0xff, 0xff, 0xff, 0xff, 0xff, 0xff, 0xff, 0xff, 0xff, 0xff,
  0xff, 0xff, 0xff, 0xff, 0xff, 0xff, 0xff, 0xff, 0xff, 0xff, 0xff, 0xff,
  0xff, 0xff, 0xff, 0xff, 0xff, 0xff, 0xff, 0x07, 0x07, 0xad, 0x5c, 0x5c,
  0x5d, 0xa5, 0x65, 0x65, 0x65, 0x65, 0xa6, 0xa6, 0x65, 0x5d, 0xa5, 0x65,
  0xa5, 0xa5, 0xa5, 0x5d, 0x5c, 0x5c, 0x14, 0x53, 0x53, 0x14, 0x53, 0x54,
  0x54, 0x53, 0x54, 0x53, 0x13, 0x13, 0x5c, 0x4c, 0x53, 0xad, 0x5b, 0xa4,
  0xa4, 0x53, 0x5b, 0x0a, 0x0b, 0x53, 0x54, 0x5c, 0x5d, 0x5d, 0x5d, 0x9d,
  0xa6, 0xa6, 0xa6, 0x65, 0x5d, 0x5c, 0x53, 0x53, 0x5c, 0x5c, 0x53, 0x13,
  0x13, 0x5c, 0xff, 0xff, 0xff, 0xff, 0xff, 0xff, 0xff, 0xff, 0xff, 0xff,
  0xff, 0xff, 0xff, 0xff, 0xff, 0xff, 0xff, 0xff, 0xff, 0xff, 0xff, 0xff,
  0xff, 0xff, 0xff, 0xff, 0xff, 0xff, 0xff, 0xff, 0xff, 0xff, 0xff, 0xff,
  0xff, 0xff, 0xff, 0xff, 0xff, 0xff, 0xff, 0xff, 0xff, 0xff, 0xff, 0xff,
  0xff, 0xff, 0xff, 0xff, 0xff, 0xff, 0xff, 0xff, 0xff, 0xff, 0xff, 0xff,
  0xff, 0xff, 0xff, 0xff, 0xff, 0xff, 0xff, 0xff, 0xff, 0xff, 0xff, 0xff,
  0x00, 0x00, 0xff, 0xff, 0xff, 0xff, 0xff, 0xff, 0xff, 0xff, 0xff, 0xff,
  0xff, 0xff, 0xff, 0xff, 0xff, 0xff, 0xff, 0xff, 0xff, 0xff, 0xff, 0xff,
  0xff, 0xff, 0xff, 0xff, 0xff, 0xff, 0xff, 0xff, 0xff, 0xff, 0xff, 0xff,
  0xff, 0xff, 0xff, 0xff, 0xff, 0xff, 0xff, 0xff, 0xff, 0xff, 0xff, 0xff,
  0xff, 0xff, 0x07, 0x4b, 0x54, 0x54, 0x5d, 0x5d, 0x65, 0x65, 0x65, 0x65,
  0xa6, 0x66, 0xa6, 0x66, 0x5c, 0x5d, 0xa5, 0xa5, 0x65, 0xa5, 0xa5, 0xa5,
  0xa5, 0x65, 0xa5, 0xa5, 0xa5, 0x9d, 0x9d, 0x9d, 0x55, 0x55, 0x55, 0x5d,
  0x15, 0x15, 0x55, 0x55, 0x4c, 0x53, 0x13, 0x53, 0x5b, 0x5b, 0x53, 0x52,
  0x00, 0x00, 0x0a, 0x54, 0x54, 0x54, 0x5c, 0x64, 0xa5, 0xa6, 0xa6, 0xa5,
  0x65, 0x5d, 0x53, 0x53, 0x5c, 0x5c, 0x53, 0x13, 0x13, 0x5c, 0xff, 0xff,
  0xff, 0xff, 0xff, 0xff, 0xff, 0xff, 0xff, 0xff, 0xff, 0xff, 0xff, 0xff,
  0xff, 0xff, 0xff, 0xff, 0xff, 0xff, 0xff, 0xff, 0xff, 0xff, 0xff, 0xff,
  0xff, 0xff, 0xff, 0xff, 0xff, 0xff, 0xff, 0xff, 0xff, 0xff, 0xff, 0xff,
  0xff, 0xff, 0xff, 0xff, 0xff, 0xff, 0xff, 0xff, 0xff, 0xff, 0xff, 0xff,
  0xff, 0xff, 0xff, 0xff, 0xff, 0xff, 0xff, 0xff, 0xff, 0xff, 0xff, 0xff,
  0xff, 0xff, 0xff, 0xff, 0xff, 0xff, 0xff, 0xff, 0x00, 0x00, 0xff, 0xff,
  0xff, 0xff, 0xff, 0xff, 0xff, 0xff, 0xff, 0xff, 0xff, 0xff, 0xff, 0xff,
  0xff, 0xff, 0xff, 0xff, 0xff, 0xff, 0xff, 0xff, 0xff, 0xff, 0xff, 0xff,
  0xff, 0xff, 0xff, 0xff, 0xff, 0xff, 0xff, 0xff, 0xff, 0xff, 0xff, 0xff,
  0xff, 0xff, 0xff, 0xff, 0xff, 0xff, 0xff, 0xff, 0xff, 0xf6, 0x9e, 0x5d,
  0x5d, 0x5c, 0x5c, 0x5c, 0x65, 0xa5, 0x65, 0x65, 0x65, 0xa6, 0xa5, 0xa5,
  0x5d, 0x54, 0x5d, 0xa5, 0xa5, 0xa5, 0xa5, 0xa5, 0xa5, 0xa5, 0x5d, 0xa5,
  0xa6, 0xae, 0xae, 0xae, 0xae, 0xa7, 0xa7, 0xa6, 0xa6, 0xa6, 0xa6, 0xa5,
  0x9d, 0x9d, 0x5d, 0x54, 0x54, 0x53, 0x53, 0x5c, 0x5c, 0x5c, 0x54, 0x53,
  0x5c, 0x5c, 0x5c, 0x5d, 0x66, 0xa6, 0xa6, 0xa6, 0x5d, 0x5d, 0x54, 0x53,
  0x5c, 0x5c, 0x53, 0x53, 0x53, 0x5c, 0xf6, 0xff, 0xff, 0xff, 0xff, 0xff,
  0xff, 0xff, 0xff, 0xff, 0xff, 0xff, 0xff, 0xff, 0xff, 0xff, 0xff, 0xff,
  0xff, 0xff, 0xff, 0xff, 0xff, 0xff, 0xff, 0xff, 0xff, 0xff, 0xff, 0xff,
  0xff, 0xff, 0xff, 0xff, 0xff, 0xff, 0xff, 0xff, 0xff, 0xff, 0xff, 0xff,
  0xff, 0xff, 0xff, 0xff, 0xff, 0xff, 0xff, 0xff, 0xff, 0xff, 0xff, 0xff,
  0xff, 0xff, 0xff, 0xff, 0xff, 0xff, 0xff, 0xff, 0xff, 0xff, 0xff, 0xff,
  0xff, 0xff, 0xff, 0xff, 0x00, 0x00, 0xff, 0xff, 0xff, 0xff, 0xff, 0xff,
  0xff, 0xff, 0xff, 0xff, 0xff, 0xff, 0xff, 0xff, 0xff, 0xff, 0xff, 0xff,
  0xff, 0xff, 0xff, 0xff, 0xff, 0xff, 0xff, 0xff, 0xff, 0xff, 0xff, 0xff,
  0xff, 0xff, 0xff, 0xff, 0xff, 0xff, 0xff, 0xff, 0xff, 0xff, 0xff, 0xff,
  0xff, 0xff, 0xff, 0xff, 0xf6, 0xa4, 0xa6, 0xa6, 0x5d, 0x5c, 0x5d, 0x5d,
  0x65, 0x65, 0xa5, 0x65, 0x65, 0x65, 0x66, 0xa5, 0x5d, 0x4c, 0x65, 0xa5,
  0xa5, 0xa5, 0xa5, 0xa5, 0xa6, 0xa6, 0xa5, 0xa6, 0xa6, 0xa6, 0xae, 0xae,
  0xae, 0xa7, 0xa7, 0xa6, 0xa5, 0xa5, 0xa5, 0xa5, 0xa5, 0xa6, 0x5d, 0x9d,
  0x5d, 0x65, 0x5c, 0x5c, 0x5c, 0x5c, 0x5c, 0x5c, 0x5c, 0x5c, 0xa5, 0x65,
  0xa5, 0xa6, 0x66, 0xa6, 0x65, 0x5d, 0x54, 0x53, 0x5c, 0x5c, 0x53, 0x53,
  0x53, 0x53, 0x07, 0xff, 0xff, 0xff, 0xff, 0xff, 0xff, 0xff, 0xff, 0xff,
  0xff, 0xff, 0xff, 0xff, 0xff, 0xff, 0xff, 0xff, 0xff, 0xff, 0xff, 0xff,
  0xff, 0xff, 0xff, 0xff, 0xff, 0xff, 0xff, 0xff, 0xff, 0xff, 0xff, 0xff,
  0xff, 0xff, 0xff, 0xff, 0xff, 0xff, 0xff, 0xff, 0xff, 0xff, 0xff, 0xff,
  0xff, 0xff, 0xff, 0xff, 0xff, 0xff, 0xff, 0xff, 0xff, 0xff, 0xff, 0xff,
  0xff, 0xff, 0xff, 0xff, 0xff, 0xff, 0xff, 0xff, 0xff, 0xff, 0xff, 0xff,
  0x00, 0x00, 0xff, 0xff, 0xff, 0xff, 0xff, 0xff, 0xff, 0xff, 0xff, 0xff,
  0xff, 0xff, 0xff, 0xff, 0xff, 0xff, 0xff, 0xff, 0xff, 0xff, 0xff, 0xff,
  0xff, 0xff, 0xff, 0xff, 0xff, 0xff, 0xff, 0xff, 0xff, 0xff, 0xff, 0xff,
  0xff, 0xff, 0xff, 0xff, 0xff, 0xff, 0xff, 0xff, 0xff, 0xff, 0xff, 0xff,
  0xa4, 0xa5, 0xae, 0xa7, 0x66, 0x5c, 0x5d, 0x5d, 0x65, 0xa5, 0xa6, 0xa6,
  0xa6, 0x66, 0xa6, 0x65, 0x65, 0x54, 0x65, 0xa5, 0xa5, 0xa5, 0xa5, 0xa5,
  0xa6, 0xa6, 0xa6, 0xae, 0xa5, 0xae, 0xae, 0xae, 0xae, 0xa5, 0xa6, 0xa5,
  0xa5, 0xa5, 0xa5, 0xa5, 0xa5, 0xa5, 0x5c, 0x5c, 0x5d, 0x5c, 0x5c, 0x5c,
  0x5c, 0x5c, 0x5c, 0x5c, 0x5c, 0x5c, 0x5d, 0x5d, 0xa5, 0xa6, 0x66, 0x65,
  0x65, 0x5d, 0x5c, 0x53, 0x5c, 0x54, 0x53, 0x53, 0x53, 0x0a, 0x53, 0x07,
  0xff, 0xff, 0xff, 0xff, 0xff, 0xff, 0xff, 0xff, 0xff, 0xff, 0xff, 0xff,
  0xff, 0xff, 0xff, 0xff, 0xff, 0xff, 0xff, 0xff, 0xff, 0xff, 0xff, 0xff,
  0xff, 0xff, 0xff, 0xff, 0xff, 0xff, 0xff, 0xff, 0xff, 0xff, 0xff, 0xff,
  0xff, 0xff, 0xff, 0xff, 0xff, 0xff, 0xff, 0xff, 0xff, 0xff, 0xff, 0xff,
  0xff, 0xff, 0xff, 0xff, 0xff, 0xff, 0xff, 0xff, 0xff, 0xff, 0xff, 0xff,
  0xff, 0xff, 0xff, 0xff, 0xff, 0xff, 0xff, 0xff, 0x00, 0x00, 0xff, 0xff,
  0xff, 0xff, 0xff, 0xff, 0xff, 0xff, 0xff, 0xff, 0xff, 0xff, 0xff, 0xff,
  0xff, 0xff, 0xff, 0xff, 0xff, 0xff, 0xff, 0xff, 0xff, 0xff, 0xff, 0xff,
  0xff, 0xff, 0xff, 0xff, 0xff, 0xff, 0xff, 0xff, 0xff, 0xff, 0xff, 0xff,
  0xff, 0xff, 0xff, 0xff, 0xff, 0xff, 0xff, 0xf7, 0xa6, 0xaf, 0xa6, 0xae,
  0x65, 0x5c, 0x65, 0x65, 0x65, 0x66, 0xa5, 0xa6, 0x65, 0x65, 0xa6, 0xa6,
  0x5d, 0x5d, 0x5b, 0x65, 0xa6, 0xae, 0xae, 0xa5, 0xa6, 0xa6, 0xae, 0xa6,
  0xa6, 0xae, 0xae, 0xae, 0xa6, 0xa6, 0xa6, 0xa5, 0xa5, 0xa5, 0xa5, 0xa5,
  0xa5, 0x5d, 0xa5, 0x5c, 0x5c, 0x5c, 0x5c, 0x5c, 0x5c, 0x54, 0x5c, 0x5c,
  0x5c, 0x5c, 0x5c, 0x5c, 0xa5, 0xa6, 0xa6, 0x65, 0x65, 0x5c, 0x5c, 0x54,
  0x5c, 0x54, 0x53, 0x53, 0x53, 0x13, 0x0a, 0x13, 0xa4, 0x08, 0xff, 0xff,
  0xff, 0xff, 0xff, 0xff, 0xff, 0xff, 0xff, 0xff, 0xff, 0xff, 0xff, 0xff,
  0xff, 0xff, 0xff, 0xff, 0xff, 0xff, 0xff, 0xff, 0xff, 0xff, 0xff, 0xff,
  0xff, 0xff, 0xff, 0xff, 0xff, 0xff, 0xff, 0xff, 0xff, 0xff, 0xff, 0xff,
  0xff, 0xff, 0xff, 0xff, 0xff, 0xff, 0xff, 0xff, 0xff, 0xff, 0xff, 0xff,
  0xff, 0xff, 0xff, 0xff, 0xff, 0xff, 0xff, 0xff, 0xff, 0xff, 0xff, 0xff,
  0xff, 0xff, 0xff, 0xff, 0x00, 0x00, 0xff, 0xff, 0xff, 0xff, 0xff, 0xff,
  0xff, 0xff, 0xff, 0xff, 0xff, 0xff, 0xff, 0xff, 0xff, 0xff, 0xff, 0xff,
  0xff, 0xff, 0xff, 0xff, 0xff, 0xff, 0xff, 0xff, 0xff, 0xff, 0xff, 0xff,
  0xff, 0xff, 0xff, 0xff, 0xff, 0xff, 0xff, 0xff, 0xff, 0xff, 0xff, 0xff,
  0xff, 0xff, 0xf6, 0xa6, 0xaf, 0xa6, 0xa6, 0xa5, 0x65, 0x5c, 0xa4, 0xa4,
  0xa6, 0xa5, 0xa6, 0xa6, 0xa6, 0x66, 0x65, 0xa6, 0x65, 0x5d, 0x5c, 0x55,
  0x5d, 0xa5, 0xa5, 0xa6, 0xa6, 0xa6, 0xaf, 0xae, 0xae, 0xa6, 0xa6, 0xae,
  0xa6, 0xa6, 0xa5, 0xa5, 0x5d, 0x5d, 0xa5, 0xa5, 0x5d, 0x5d, 0x5c, 0x5c,
  0x5c, 0x5c, 0x5c, 0x5c, 0x5c, 0x54, 0x5c, 0x5c, 0x5d, 0x5d, 0x5d, 0x5d,
  0xa5, 0x5d, 0x5d, 0x65, 0x5d, 0x5c, 0x54, 0x54, 0x5b, 0x54, 0x53, 0x53,
  0x53, 0x13, 0x53, 0x5c, 0x53, 0xa5, 0xff, 0xff, 0xff, 0xff, 0xff, 0xff,
  0xff, 0xff, 0xff, 0xff, 0xff, 0xff, 0xff, 0xff, 0xff, 0xff, 0xff, 0xff,
  0xff, 0xff, 0xff, 0xff, 0xff, 0xff, 0xff, 0xff, 0xff, 0xff, 0xff, 0xff,
  0xff, 0xff, 0xff, 0xff, 0xff, 0xff, 0xff, 0xff, 0xff, 0xff, 0xff, 0xff,
  0xff, 0xff, 0xff, 0xff, 0xff, 0xff, 0xff, 0xff, 0xff, 0xff, 0xff, 0xff,
  0xff, 0xff, 0xff, 0xff, 0xff, 0xff, 0xff, 0xff, 0xff, 0xff, 0xff, 0xff,
  0x00, 0x00, 0xff, 0xff, 0xff, 0xff, 0xff, 0xff, 0xff, 0xff, 0xff, 0xff,
  0xff, 0xff, 0xff, 0xff, 0xff, 0xff, 0xff, 0xff, 0xff, 0xff, 0xff, 0xff,
  0xff, 0xff, 0xff, 0xff, 0xff, 0xff, 0xff, 0xff, 0xff, 0xff, 0xff, 0xff,
  0xff, 0xff, 0xff, 0xff, 0xff, 0xff, 0xff, 0xff, 0xff, 0xff, 0x07, 0x65,
  0xa6, 0x65, 0xa5, 0x65, 0x5c, 0x5c, 0xa5, 0xa5, 0xa5, 0xa5, 0xa6, 0xa6,
  0xa6, 0xa6, 0xa6, 0xa6, 0x66, 0x5d, 0x5d, 0x54, 0x5d, 0xa5, 0xa5, 0xa6,
  0xa6, 0xae, 0xae, 0xae, 0xaf, 0xae, 0xa6, 0xa6, 0xa5, 0xa5, 0xa5, 0x5d,
  0x5d, 0x5d, 0x5c, 0x5c, 0x5c, 0x5c, 0x5d, 0x5c, 0x5c, 0x5c, 0x5c, 0x5c,
  0x5c, 0x5c, 0x5c, 0x5d, 0x5d, 0x5d, 0x5d, 0x5c, 0x5c, 0x5d, 0x5d, 0x5d,
  0x5d, 0x5c, 0x54, 0x54, 0x5c, 0x54, 0x53, 0x53, 0x53, 0x13, 0x4c, 0x54,
  0x53, 0x5c, 0x08, 0xff, 0xff, 0xff, 0xff, 0xff, 0xff, 0xff, 0xff, 0xff,
  0xff, 0xff, 0xff, 0xff, 0xff, 0xff, 0xff, 0xff, 0xff, 0xff, 0xff, 0xff,
  0xff, 0xff, 0xff, 0xff, 0xff, 0xff, 0xff, 0xff, 0xff, 0xff, 0xff, 0xff,
  0xff, 0xff, 0xff, 0xff, 0xff, 0xff, 0xff, 0xff, 0xff, 0xff, 0xff, 0xff,
  0xff, 0xff, 0xff, 0xff, 0xff, 0xff, 0xff, 0xff, 0xff, 0xff, 0xff, 0xff,
  0xff, 0xff, 0xff, 0xff, 0xff, 0xff, 0xff, 0xff, 0x00, 0x00, 0xff, 0xff,
  0xff, 0xff, 0xff, 0xff, 0xff, 0xff, 0xff, 0xff, 0xff, 0xff, 0xff, 0xff,
  0xff, 0xff, 0xff, 0xff, 0xff, 0xff, 0xff, 0xff, 0xff, 0xff, 0xff, 0xff,
  0xff, 0xff, 0xff, 0xff, 0xff, 0xff, 0xff, 0xff, 0xff, 0xff, 0xff, 0xff,
  0xff, 0xff, 0xff, 0xff, 0xff, 0xff, 0xae, 0x65, 0x65, 0xa6, 0xad, 0x5c,
  0x5c, 0x5c, 0xa5, 0xa5, 0xa5, 0xa6, 0xa6, 0xa6, 0xa6, 0xa6, 0xa6, 0xa6,
  0xa6, 0xa6, 0x5d, 0x5c, 0x5d, 0xa5, 0xa5, 0xa6, 0xa6, 0xa6, 0xae, 0xae,
  0xa6, 0xa6, 0xa6, 0xa5, 0xa5, 0x9d, 0x5d, 0x54, 0x5c, 0x5c, 0x5c, 0x5c,
  0x5c, 0x5c, 0x5c, 0x5c, 0x5c, 0x5c, 0x5c, 0x5c, 0x5c, 0x5c, 0x5c, 0x5d,
  0x5d, 0x5d, 0x5c, 0x5d, 0x5d, 0x65, 0x5d, 0x5d, 0x5c, 0x5c, 0x54, 0x54,
  0x5c, 0x53, 0x53, 0x53, 0x53, 0x13, 0x14, 0x5c, 0x54, 0x54, 0xf7, 0xff,
  0xff, 0xff, 0xff, 0xff, 0xff, 0xff, 0xff, 0xff, 0xff, 0xff, 0xff, 0xff,
  0xff, 0xff, 0xff, 0xff, 0xff, 0xff, 0xff, 0xff, 0xff, 0xff, 0xff, 0xff,
  0xff, 0xff, 0xff, 0xff, 0xff, 0xff, 0xff, 0xff, 0xff, 0xff, 0xff, 0xff,
  0xff, 0xff, 0xff, 0xff, 0xff, 0xff, 0xff, 0xff, 0xff, 0xff, 0xff, 0xff,
  0xff, 0xff, 0xff, 0xff, 0xff, 0xff, 0xff, 0xff, 0xff, 0xff, 0xff, 0xff,
  0xff, 0xff, 0xff, 0xff, 0x00, 0x00, 0xff, 0xff, 0xff, 0xff, 0xff, 0xff,
  0xff, 0xff, 0xff, 0xff, 0xff, 0xff, 0xff, 0xff, 0xff, 0xff, 0xff, 0xff,
  0xff, 0xff, 0xff, 0xff, 0xff, 0xff, 0xff, 0xff, 0xff, 0xff, 0xff, 0xff,
  0xff, 0xff, 0xff, 0xff, 0xff, 0xff, 0xff, 0xff, 0xff, 0xff, 0xff, 0xff,
  0xff, 0xff, 0xf7, 0xa6, 0xa5, 0xa6, 0xa6, 0x5c, 0x5c, 0x5c, 0xa6, 0xa6,
  0xa6, 0xa6, 0xa6, 0xa6, 0xa6, 0xa6, 0xa6, 0xa6, 0xa6, 0xa6, 0xa6, 0x5d,
  0x5d, 0x65, 0x65, 0xae, 0xae, 0xa6, 0xa6, 0xa6, 0xa6, 0xa6, 0xa5, 0xa5,
  0x5d, 0x5d, 0x5c, 0x53, 0x53, 0x53, 0x4b, 0x54, 0x54, 0x54, 0x5c, 0x5c,
  0x54, 0x5c, 0x5c, 0x5c, 0x5c, 0x5d, 0x5d, 0x5d, 0x5c, 0x5c, 0x5d, 0x5d,
  0x5d, 0x5d, 0x5d, 0x5d, 0x5c, 0x5c, 0x54, 0x54, 0x5c, 0x53, 0x53, 0x53,
  0x53, 0x13, 0x5c, 0x5c, 0x54, 0x53, 0x5c, 0x08, 0xff, 0xff, 0xff, 0xff,
  0xff, 0xff, 0xff, 0xff, 0xff, 0xff, 0xff, 0xff, 0xff, 0xff, 0xff, 0xff,
  0xff, 0xff, 0xff, 0xff, 0xff, 0xff, 0xff, 0xff, 0xff, 0xff, 0xff, 0xff,
  0xff, 0xff, 0xff, 0xff, 0xff, 0xff, 0xff, 0xff, 0xff, 0xff, 0xff, 0xff,
  0xff, 0xff, 0xff, 0xff, 0xff, 0xff, 0xff, 0xff, 0xff, 0xff, 0xff, 0xff,
  0xff, 0xff, 0xff, 0xff, 0xff, 0xff, 0xff, 0xff, 0xff, 0xff, 0xff, 0xff,
  0x00, 0x00, 0xff, 0xff, 0xff, 0xff, 0xff, 0xff, 0xff, 0xff, 0xff, 0xff,
  0xff, 0xff, 0xff, 0xff, 0xff, 0xff, 0xff, 0xff, 0xff, 0xff, 0xff, 0xff,
  0xff, 0xff, 0xff, 0xff, 0xff, 0xff, 0xff, 0xff, 0xff, 0xff, 0xff, 0xff,
  0xff, 0xff, 0xff, 0xff, 0xff, 0xff, 0xff, 0xff, 0xff, 0x08, 0xae, 0xa6,
  0xae, 0xa6, 0x5e, 0x9d, 0x5c, 0x5d, 0xa6, 0xa6, 0xa6, 0xa6, 0xa6, 0xae,
  0xa6, 0xa6, 0xa7, 0xaf, 0xaf, 0xa6, 0xa6, 0x5d, 0x5d, 0x5d, 0x5d, 0x65,
  0xae, 0xaf, 0xaf, 0xa6, 0x5d, 0x5d, 0x5c, 0x5c, 0x5d, 0x5d, 0x5d, 0x5c,
  0x5c, 0x5c, 0x13, 0x53, 0x54, 0x54, 0x54, 0x5c, 0x5c, 0x54, 0x54, 0x5c,
  0x5c, 0x5d, 0x5d, 0x5d, 0x5d, 0x5d, 0x5d, 0x5d, 0xa5, 0x5d, 0x5d, 0x5d,
  0x5c, 0x5c, 0x54, 0x54, 0x54, 0x53, 0x53, 0x53, 0x53, 0x13, 0x54, 0x54,
  0x53, 0x54, 0x54, 0xa5, 0xff, 0xff, 0xff, 0xff, 0xff, 0xff, 0xff, 0xff,
  0xff, 0xff, 0xff, 0xff, 0xff, 0xff, 0xff, 0xff, 0xff, 0xff, 0xff, 0xff,
  0xff, 0xff, 0xff, 0xff, 0xff, 0xff, 0xff, 0xff, 0xff, 0xff, 0xff, 0xff,
  0xff, 0xff, 0xff, 0xff, 0xff, 0xff, 0xff, 0xff, 0xff, 0xff, 0xff, 0xff,
  0xff, 0xff, 0xff, 0xff, 0xff, 0xff, 0xff, 0xff, 0xff, 0xff, 0xff, 0xff,
  0xff, 0xff, 0xff, 0xff, 0xff, 0xff, 0xff, 0xff, 0x00, 0x00, 0xff, 0xff,
  0xff, 0xff, 0xff, 0xff, 0xff, 0xff, 0xff, 0xff, 0xff, 0xff, 0xff, 0xff,
  0xff, 0xff, 0xff, 0xff, 0xff, 0xff, 0xff, 0xff, 0xff, 0xff, 0xff, 0xff,
  0xff, 0xff, 0xff, 0xff, 0xff, 0xff, 0xff, 0xff, 0xff, 0xff, 0xff, 0xff,
  0xff, 0xff, 0xff, 0xff, 0xff, 0xae, 0xae, 0xaf, 0xa5, 0x5d, 0x5d, 0x5c,
  0x5c, 0x5d, 0xa6, 0xa6, 0xa6, 0xa6, 0xa6, 0xa6, 0xaf, 0xaf, 0xaf, 0xaf,
  0xaf, 0xaf, 0xa6, 0xa6, 0x66, 0x5d, 0x5d, 0x5d, 0xa6, 0xaf, 0xae, 0x65,
  0x54, 0x0b, 0x5c, 0x9d, 0x9d, 0xa5, 0xa5, 0x5d, 0x5c, 0x5c, 0x5c, 0x13,
  0x0b, 0x53, 0x53, 0x13, 0x53, 0x54, 0x54, 0x5c, 0x5d, 0x5d, 0x5d, 0x5d,
  0x5d, 0x5d, 0x65, 0xa5, 0xa5, 0x5d, 0x5d, 0x5d, 0x5c, 0x5c, 0x54, 0x54,
  0x54, 0x54, 0x53, 0x53, 0x53, 0x13, 0x54, 0x54, 0x53, 0x5c, 0x54, 0x9c,
  0x08, 0xff, 0xff, 0xff, 0xff, 0xff, 0xff, 0xff, 0xff, 0xff, 0xff, 0xff,
  0xff, 0xff, 0xff, 0xff, 0xff, 0xff, 0xff, 0xff, 0xff, 0xff, 0xff, 0xff,
  0xff, 0xff, 0xff, 0xff, 0xff, 0xff, 0xff, 0xff, 0xff, 0xff, 0xff, 0xff,
  0xff, 0xff, 0xff, 0xff, 0xff, 0xff, 0xff, 0xff, 0xff, 0xff, 0xff, 0xff,
  0xff, 0xff, 0xff, 0xff, 0xff, 0xff, 0xff, 0xff, 0xff, 0xff, 0xff, 0xff,
  0xff, 0xff, 0xff, 0xff, 0x00, 0x00, 0xff, 0xff, 0xff, 0xff, 0xff, 0xff,
  0xff, 0xff, 0xff, 0xff, 0xff, 0xff, 0xff, 0xff, 0xff, 0xff, 0xff, 0xff,
  0xff, 0xff, 0xff, 0xff, 0xff, 0xff, 0xff, 0xff, 0xff, 0xff, 0xff, 0xff,
  0xff, 0xff, 0xff, 0xff, 0xff, 0xff, 0xff, 0xff, 0xff, 0xff, 0xff, 0xff,
  0x08, 0xa5, 0xa7, 0x5d, 0x5d, 0x5d, 0x5d, 0x5c, 0x5c, 0x65, 0xa6, 0xa6,
  0xa6, 0xae, 0xa6, 0xa6, 0xaf, 0xaf, 0xaf, 0xaf, 0xaf, 0xaf, 0xaf, 0xa6,
  0xa6, 0x5e, 0x5e, 0x5d, 0xa6, 0xa6, 0xa5, 0xa5, 0x9d, 0x5d, 0xa6, 0xa6,
  0xa6, 0xa6, 0xa6, 0xa6, 0x5d, 0x5d, 0x5c, 0x5c, 0x53, 0x0b, 0x53, 0x4b,
  0x54, 0x54, 0x5c, 0x5c, 0x5d, 0x5d, 0x5d, 0x5d, 0x65, 0x65, 0xa6, 0xa6,
  0xa6, 0x5d, 0x5d, 0x5d, 0x5c, 0x5c, 0x54, 0x54, 0x54, 0x54, 0x53, 0x13,
  0x13, 0x13, 0x53, 0x53, 0x5c, 0x5c, 0x54, 0x5c, 0x08, 0xff, 0xff, 0xff,
  0xff, 0xff, 0xff, 0xff, 0xff, 0xff, 0xff, 0xff, 0xff, 0xff, 0xff, 0xff,
  0xff, 0xff, 0xff, 0xff, 0xff, 0xff, 0xff, 0xff, 0xff, 0xff, 0xff, 0xff,
  0xff, 0xff, 0xff, 0xff, 0xff, 0xff, 0xff, 0xff, 0xff, 0xff, 0xff, 0xff,
  0xff, 0xff, 0xff, 0xff, 0xff, 0xff, 0xff, 0xff, 0xff, 0xff, 0xff, 0xff,
  0xff, 0xff, 0xff, 0xff, 0xff, 0xff, 0xff, 0xff, 0xff, 0xff, 0xff, 0xff,
  0x00, 0x00, 0xff, 0xff, 0xff, 0xff, 0xff, 0xff, 0xff, 0xff, 0xff, 0xff,
  0xff, 0xff, 0xff, 0xff, 0xff, 0xff, 0xff, 0xff, 0xff, 0xff, 0xff, 0xff,
  0xff, 0xff, 0xff, 0xff, 0xff, 0xff, 0xff, 0xff, 0xff, 0xff, 0xff, 0xff,
  0xff, 0xff, 0xff, 0xff, 0xff, 0xff, 0xff, 0xff, 0x07, 0xa6, 0xa7, 0x5d,
  0x5d, 0x65, 0xa5, 0x5c, 0x5d, 0x65, 0xa6, 0xa6, 0xa6, 0xae, 0xa6, 0xaf,
  0xaf, 0xaf, 0xef, 0xaf, 0xaf, 0xef, 0xaf, 0xaf, 0xae, 0xa6, 0xa6, 0x65,
  0x5d, 0xa6, 0xaf, 0xaf, 0xaf, 0xaf, 0xaf, 0xae, 0xaf, 0xaf, 0xaf, 0xa6,
  0x9d, 0x9d, 0x5d, 0x5c, 0x5d, 0x5d, 0x5c, 0x5c, 0x5c, 0x54, 0x54, 0x5c,
  0x5d, 0x5d, 0x5d, 0x9e, 0xa6, 0xa6, 0xa6, 0xa6, 0xa6, 0x66, 0xa5, 0x5d,
  0x5d, 0x5c, 0x5c, 0x54, 0x53, 0x53, 0x53, 0x13, 0x13, 0x13, 0x53, 0x53,
  0x53, 0x5c, 0x5c, 0x4b, 0xf7, 0xff, 0xff, 0xff, 0xff, 0xff, 0xff, 0xff,
  0xff, 0xff, 0xff, 0xff, 0xff, 0xff, 0xff, 0xff, 0xff, 0xff, 0xff, 0xff,
  0xff, 0xff, 0xff, 0xff, 0xff, 0xff, 0xff, 0xff, 0xff, 0xff, 0xff, 0xff,
  0xff, 0xff, 0xff, 0xff, 0xff, 0xff, 0xff, 0xff, 0xff, 0xff, 0xff, 0xff,
  0xff, 0xff, 0xff, 0xff, 0xff, 0xff, 0xff, 0xff, 0xff, 0xff, 0xff, 0xff,
  0xff, 0xff, 0xff, 0xff, 0xff, 0xff, 0xff, 0xff, 0x00, 0x00, 0xff, 0xff,
  0xff, 0xff, 0xff, 0xff, 0xff, 0xff, 0xff, 0xff, 0xff, 0xff, 0xff, 0xff,
  0xff, 0xff, 0xff, 0xff, 0xff, 0xff, 0xff, 0xff, 0xff, 0xff, 0xff, 0xff,
  0xff, 0xff, 0xff, 0xff, 0xff, 0xff, 0xff, 0xff, 0xff, 0xff, 0xff, 0xff,
  0xff, 0xff, 0xff, 0xf6, 0xf7, 0xa6, 0x5d, 0x54, 0x5d, 0x65, 0xa5, 0x5c,
  0x65, 0xa6, 0xa6, 0xa6, 0xae, 0xae, 0xa6, 0xaf, 0xaf, 0xaf, 0xef, 0xef,
  0xef, 0xef, 0xef, 0xaf, 0xa7, 0xa7, 0xa7, 0x5e, 0x9d, 0xa6, 0xaf, 0xaf,
  0xaf, 0xaf, 0xaf, 0xaf, 0xaf, 0xaf, 0xaf, 0xaf, 0x9d, 0x9d, 0x5d, 0x5d,
  0x5d, 0x5d, 0x5d, 0x5c, 0x5c, 0x54, 0x54, 0x5c, 0x5d, 0x5d, 0x9e, 0xa6,
  0xa6, 0xa6, 0xa6, 0xa6, 0xa6, 0xa6, 0x65, 0x5d, 0x5d, 0x5c, 0x5c, 0x54,
  0x54, 0x54, 0x53, 0x53, 0x53, 0x13, 0x53, 0x53, 0x53, 0x5c, 0x54, 0x43,
  0xad, 0xff, 0xff, 0xff, 0xff, 0xff, 0xff, 0xff, 0xff, 0xff, 0xff, 0xff,
  0xff, 0xff, 0xff, 0xff, 0xff, 0xff, 0xff, 0xff, 0xff, 0xff, 0xff, 0xff,
  0xff, 0xff, 0xff, 0xff, 0xff, 0xff, 0xff, 0xff, 0xff, 0xff, 0xff, 0xff,
  0xff, 0xff, 0xff, 0xff, 0xff, 0xff, 0xff, 0xff, 0xff, 0xff, 0xff, 0xff,
  0xff, 0xff, 0xff, 0xff, 0xff, 0xff, 0xff, 0xff, 0xff, 0xff, 0xff, 0xff,
  0xff, 0xff, 0xff, 0xff, 0x00, 0x00, 0xff, 0xff, 0xff, 0xff, 0xff, 0xff,
  0xff, 0xff, 0xff, 0xff, 0xff, 0xff, 0xff, 0xff, 0xff, 0xff, 0xff, 0xff,
  0xff, 0xff, 0xff, 0xff, 0xff, 0xff, 0xff, 0xff, 0xff, 0xff, 0xff, 0xff,
  0xff, 0xff, 0xff, 0xff, 0xff, 0xff, 0xff, 0xff, 0xff, 0xff, 0xff, 0x08,
  0xa5, 0xa6, 0x55, 0x54, 0x54, 0x5d, 0xa5, 0x5c, 0x5d, 0xa6, 0xa6, 0xa6,
  0xa6, 0xa6, 0xaf, 0xaf, 0xaf, 0xaf, 0xaf, 0xef, 0xaf, 0xef, 0xef, 0xef,
  0xaf, 0xaf, 0xaf, 0xa6, 0xa6, 0xae, 0xaf, 0xaf, 0xaf, 0xaf, 0xa6, 0xa6,
  0xaf, 0xef, 0xaf, 0xaf, 0x5d, 0x5d, 0x5d, 0x5d, 0x65, 0xa6, 0xa6, 0x5d,
  0x5c, 0x5c, 0x54, 0x5c, 0x5d, 0xa5, 0xa6, 0xa6, 0xa6, 0xa6, 0xa6, 0xa6,
  0xa6, 0xa6, 0x5e, 0x5d, 0x5d, 0x5c, 0x5c, 0x54, 0x54, 0x54, 0x53, 0x53,
  0x53, 0x13, 0x54, 0x53, 0x53, 0x5c, 0x54, 0x4b, 0xf7, 0xff, 0xff, 0xff,
  0xff, 0xff, 0xff, 0xff, 0xff, 0xff, 0xff, 0xff, 0xff, 0xff, 0xff, 0xff,
  0xff, 0xff, 0xff, 0xff, 0xff, 0xff, 0xff, 0xff, 0xff, 0xff, 0xff, 0xff,
  0xff, 0xff, 0xff, 0xff, 0xff, 0xff, 0xff, 0xff, 0xff, 0xff, 0xff, 0xff,
  0xff, 0xff, 0xff, 0xff, 0xff, 0xff, 0xff, 0xff, 0xff, 0xff, 0xff, 0xff,
  0xff, 0xff, 0xff, 0xff, 0xff, 0xff, 0xff, 0xff, 0xff, 0xff, 0xff, 0xff,
  0x00, 0x00, 0xff, 0xff, 0xff, 0xff, 0xff, 0xff, 0xff, 0xff, 0xff, 0xff,
  0xff, 0xff, 0xff, 0xff, 0xff, 0xff, 0xff, 0xff, 0xff, 0xff, 0xff, 0xff,
  0xff, 0xff, 0xff, 0xff, 0xff, 0xff, 0xff, 0xff, 0xff, 0xff, 0xff, 0xff,
  0xff, 0xff, 0xff, 0xff, 0xff, 0xff, 0xff, 0x07, 0x5d, 0xa6, 0x55, 0x55,
  0x54, 0x5c, 0x5c, 0x5d, 0x5d, 0x65, 0xa6, 0xa6, 0xae, 0xa7, 0xaf, 0xaf,
  0xaf, 0xaf, 0xaf, 0xef, 0xaf, 0xef, 0xef, 0xef, 0xef, 0xaf, 0xaf, 0xaf,
  0xa6, 0xa6, 0xa6, 0xaf, 0xaf, 0xaf, 0xa6, 0xa6, 0xa7, 0xef, 0xaf, 0xaf,
  0x5d, 0x5d, 0x54, 0x5d, 0x5c, 0x5d, 0xa6, 0x5d, 0x5d, 0x5c, 0x5c, 0x5d,
  0x5e, 0xa6, 0xa6, 0xa6, 0xa6, 0xa6, 0xa6, 0xa6, 0xa6, 0xa6, 0x9e, 0x5d,
  0x5d, 0x5d, 0x5c, 0x54, 0x54, 0x54, 0x53, 0x13, 0x13, 0x13, 0x53, 0x13,
  0x4b, 0x5c, 0x5c, 0x4b, 0xa5, 0xff, 0xff, 0xff, 0xff, 0xff, 0xff, 0xff,
  0xff, 0xff, 0xff, 0xff, 0xff, 0xff, 0xff, 0xff, 0xff, 0xff, 0xff, 0xff,
  0xff, 0xff, 0xff, 0xff, 0xff, 0xff, 0xff, 0xff, 0xff, 0xff, 0xff, 0xff,
  0xff, 0xff, 0xff, 0xff, 0xff, 0xff, 0xff, 0xff, 0xff, 0xff, 0xff, 0xff,
  0xff, 0xff, 0xff, 0xff, 0xff, 0xff, 0xff, 0xff, 0xff, 0xff, 0xff, 0xff,
  0xff, 0xff, 0xff, 0xff, 0xff, 0xff, 0xff, 0xff, 0x00, 0x00, 0xff, 0xff,
  0xff, 0xff, 0xff, 0xff, 0xff, 0xff, 0xff, 0xff, 0xff, 0xff, 0xff, 0xff,
  0xff, 0xff, 0xff, 0xff, 0xff, 0xff, 0xff, 0xff, 0xff, 0xff, 0xff, 0xff,
  0xff, 0xff, 0xff, 0xff, 0xff, 0xff, 0xff, 0xff, 0xff, 0xff, 0xff, 0xff,
  0xff, 0xff, 0xf6, 0xae, 0x5d, 0xa6, 0xa6, 0x54, 0x54, 0x53, 0x5c, 0x65,
  0x65, 0xa6, 0xa6, 0xa6, 0xaf, 0xaf, 0xaf, 0xaf, 0xaf, 0xaf, 0xaf, 0xef,
  0xaf, 0xef, 0xef, 0xef, 0xef, 0xef, 0xef, 0xaf, 0xaf, 0x66, 0x5d, 0xa6,
  0xaf, 0xa6, 0xa6, 0xa6, 0xaf, 0xef, 0xef, 0xaf, 0x5d, 0x5d, 0x54, 0x54,
  0x54, 0x5c, 0x65, 0x5d, 0x5c, 0x5d, 0x65, 0xa6, 0xa6, 0xa6, 0xa6, 0xa6,
  0xa6, 0xa6, 0xa6, 0xa6, 0xa6, 0xa6, 0xa6, 0x5d, 0x5d, 0x5d, 0x5c, 0x5c,
  0x5c, 0x54, 0x13, 0x13, 0x13, 0x13, 0x5c, 0x13, 0x0a, 0x53, 0x5c, 0x54,
  0x9c, 0xf6, 0xff, 0xff, 0xff, 0xff, 0xff, 0xff, 0xff, 0xff, 0xff, 0xff,
  0xff, 0xff, 0xff, 0xff, 0xff, 0xff, 0xff, 0xff, 0xff, 0xff, 0xff, 0xff,
  0xff, 0xff, 0xff, 0xff, 0xff, 0xff, 0xff, 0xff, 0xff, 0xff, 0xff, 0xff,
  0xff, 0xff, 0xff, 0xff, 0xff, 0xff, 0xff, 0xff, 0xff, 0xff, 0xff, 0xff,
  0xff, 0xff, 0xff, 0xff, 0xff, 0xff, 0xff, 0xff, 0xff, 0xff, 0xff, 0xff,
  0xff, 0xff, 0xff, 0xff, 0x00, 0x00, 0xff, 0xff, 0xff, 0xff, 0xff, 0xff,
  0xff, 0xff, 0xff, 0xff, 0xff, 0xff, 0xff, 0xff, 0xff, 0xff, 0xff, 0xff,
  0xff, 0xff, 0xff, 0xff, 0xff, 0xff, 0xff, 0xff, 0xff, 0xff, 0xff, 0xff,
  0xff, 0xff, 0xff, 0xff, 0xff, 0xff, 0xff, 0xff, 0xff, 0xff, 0x08, 0xa5,
  0x5e, 0xa6, 0xa6, 0x54, 0x14, 0x53, 0x5d, 0x65, 0xa6, 0xa6, 0xa7, 0xa7,
  0xaf, 0xaf, 0xaf, 0xaf, 0xaf, 0xaf, 0xaf, 0xef, 0xaf, 0xaf, 0xef, 0xef,
  0xef, 0xef, 0xef, 0xef, 0xaf, 0xaf, 0xa6, 0xa6, 0xa6, 0xa6, 0xa6, 0xaf,
  0xef, 0xef, 0xef, 0xaf, 0x5d, 0x5d, 0x5d, 0x5c, 0x5d, 0x5c, 0x54, 0x5c,
  0x5c, 0xa5, 0xa6, 0xa6, 0xa6, 0xa6, 0xa7, 0xa6, 0xa7, 0xa7, 0xaf, 0xa7,
  0xa6, 0xa6, 0xa5, 0xa5, 0x5d, 0x5d, 0x5c, 0x5c, 0x5c, 0x54, 0x53, 0x53,
  0x53, 0x53, 0x53, 0x53, 0x0a, 0x0b, 0x54, 0x54, 0x53, 0x07, 0xff, 0xff,
  0xff, 0xff, 0xff, 0xff, 0xff, 0xff, 0xff, 0xff, 0xff, 0xff, 0xff, 0xff,
  0xff, 0xff, 0xff, 0xff, 0xff, 0xff, 0xff, 0xff, 0xff, 0xff, 0xff, 0xff,
  0xff, 0xff, 0xff, 0xff, 0xff, 0xff, 0xff, 0xff, 0xff, 0xff, 0xff, 0xff,
  0xff, 0xff, 0xff, 0xff, 0xff, 0xff, 0xff, 0xff, 0xff, 0xff, 0xff, 0xff,
  0xff, 0xff, 0xff, 0xff, 0xff, 0xff, 0xff, 0xff, 0xff, 0xff, 0xff, 0xff,
  0x00, 0x00, 0xff, 0xff, 0xff, 0xff, 0xff, 0xff, 0xff, 0xff, 0xff, 0xff,
  0xff, 0xff, 0xff, 0xff, 0xff, 0xff, 0xff, 0xff, 0xff, 0xff, 0xff, 0xff,
  0xff, 0xff, 0xff, 0xff, 0xff, 0xff, 0xff, 0xff, 0xff, 0xff, 0xff, 0xff,
  0xff, 0xff, 0xff, 0xff, 0xff, 0xff, 0xae, 0xa6, 0x66, 0xa6, 0xa6, 0x9d,
  0x0a, 0x53, 0x5c, 0x65, 0x65, 0xa6, 0xa7, 0xa7, 0xaf, 0xaf, 0xaf, 0xaf,
  0xaf, 0xaf, 0xaf, 0xaf, 0xaf, 0xaf, 0xef, 0xef, 0xaf, 0xaf, 0xaf, 0xaf,
  0xaf, 0xaf, 0xaf, 0xaf, 0xaf, 0xaf, 0xaf, 0xaf, 0xef, 0xef, 0xaf, 0xaf,
  0x9d, 0x9d, 0x5d, 0x5d, 0x5d, 0x5d, 0x55, 0x5d, 0x66, 0xa6, 0x66, 0xa6,
  0xa6, 0xa6, 0xa6, 0xa7, 0xaf, 0xaf, 0xaf, 0xa7, 0xa6, 0xa6, 0xa6, 0x5d,
  0x5d, 0x5d, 0x5c, 0x5c, 0x5c, 0x54, 0x13, 0x13, 0x13, 0x53, 0x53, 0x53,
  0x4b, 0x0b, 0x53, 0x54, 0x53, 0xf7, 0xff, 0xff, 0xff, 0xff, 0xff, 0xff,
  0xff, 0xff, 0xff, 0xff, 0xff, 0xff, 0xff, 0xff, 0xff, 0xff, 0xff, 0xff,
  0xff, 0xff, 0xff, 0xff, 0xff, 0xff, 0xff, 0xff, 0xff, 0xff, 0xff, 0xff,
  0xff, 0xff, 0xff, 0xff, 0xff, 0xff, 0xff, 0xff, 0xff, 0xff, 0xff, 0xff,
  0xff, 0xff, 0xff, 0xff, 0xff, 0xff, 0xff, 0xff, 0xff, 0xff, 0xff, 0xff,
  0xff, 0xff, 0xff, 0xff, 0xff, 0xff, 0xff, 0xff, 0x00, 0x00, 0xff, 0xff,
  0xff, 0xff, 0xff, 0xff, 0xff, 0xff, 0xff, 0xff, 0xff, 0xff, 0xff, 0xff,
  0xff, 0xff, 0xff, 0xff, 0xff, 0xff, 0xff, 0xff, 0xff, 0xff, 0xff, 0xff,
  0xff, 0xff, 0xff, 0xff, 0xff, 0xff, 0xff, 0xff, 0xff, 0xff, 0xff, 0xff,
  0xff, 0xff, 0xae, 0xa6, 0xa5, 0x9e, 0xa6, 0x55, 0x52, 0xa4, 0x53, 0x65,
  0x65, 0xa6, 0xae, 0xae, 0xaf, 0xaf, 0xaf, 0xaf, 0xaf, 0xa7, 0xaf, 0xef,
  0xaf, 0xef, 0xef, 0xef, 0xaf, 0xef, 0xef, 0xaf, 0xaf, 0xaf, 0xaf, 0xaf,
  0xaf, 0xaf, 0xaf, 0xae, 0xaf, 0xef, 0xef, 0x66, 0x5d, 0x5d, 0x5d, 0x54,
  0x5d, 0x5d, 0x5d, 0x5d, 0x66, 0x65, 0xa6, 0xa6, 0xa6, 0xa6, 0xaf, 0xa7,
  0xa7, 0xa7, 0xaf, 0xa7, 0xa6, 0xa6, 0x5d, 0x5d, 0x5d, 0x5d, 0x5c, 0x5c,
  0x5c, 0x53, 0x13, 0x53, 0x53, 0x13, 0x1b, 0x5b, 0x53, 0x0b, 0x53, 0x54,
  0x53, 0x5b, 0x08, 0xff, 0xff, 0xff, 0xff, 0xff, 0xff, 0xff, 0xff, 0xff,
  0xff, 0xff, 0xff, 0xff, 0xff, 0xff, 0xff, 0xff, 0xff, 0xff, 0xff, 0xff,
  0xff, 0xff, 0xff, 0xff, 0xff, 0xff, 0xff, 0xff, 0xff, 0xff, 0xff, 0xff,
  0xff, 0xff, 0xff, 0xff, 0xff, 0xff, 0xff, 0xff, 0xff, 0xff, 0xff, 0xff,
  0xff, 0xff, 0xff, 0xff, 0xff, 0xff, 0xff, 0xff, 0xff, 0xff, 0xff, 0xff,
  0xff, 0xff, 0xff, 0xff, 0x00, 0x00, 0xff, 0xff, 0xff, 0xff, 0xff, 0xff,
  0xff, 0xff, 0xff, 0xff, 0xff, 0xff, 0xff, 0xff, 0xff, 0xff, 0xff, 0xff,
  0xff, 0xff, 0xff, 0xff, 0xff, 0xff, 0xff, 0xff, 0xff, 0xff, 0xff, 0xff,
  0xff, 0xff, 0xff, 0xff, 0xff, 0xff, 0xff, 0xff, 0xff, 0xff, 0xa6, 0x9d,
  0x5d, 0xa7, 0xe5, 0x0a, 0x5b, 0xa4, 0x5d, 0xa6, 0xa6, 0xa6, 0xae, 0xae,
  0xaf, 0xaf, 0xa6, 0xaf, 0xaf, 0xaf, 0xa6, 0xef, 0xef, 0xef, 0xef, 0xef,
  0xaf, 0xaf, 0xaf, 0xef, 0xef, 0xaf, 0xaf, 0xaf, 0xa7, 0xaf, 0xae, 0xa7,
  0xaf, 0xaf, 0xa7, 0x67, 0x5d, 0x5d, 0x5c, 0x54, 0x5d, 0x5d, 0x5d, 0x5d,
  0xa6, 0xa6, 0xa6, 0xa6, 0xaf, 0xaf, 0xb7, 0xaf, 0xa7, 0xa7, 0xa7, 0xa7,
  0xa6, 0x5d, 0xa6, 0x5d, 0x5d, 0x5c, 0x5c, 0x5c, 0x5c, 0x53, 0x13, 0x53,
  0x53, 0x13, 0x54, 0x54, 0x54, 0x0c, 0x54, 0x54, 0x53, 0x4b, 0xee, 0xff,
  0xff, 0xff, 0xff, 0xff, 0xff, 0xff, 0xff, 0xff, 0xff, 0xff, 0xff, 0xff,
  0xff, 0xff, 0xff, 0xff, 0xff, 0xff, 0xff, 0xff, 0xff, 0xff, 0xff, 0xff,
  0xff, 0xff, 0xff, 0xff, 0xff, 0xff, 0xff, 0xff, 0xff, 0xff, 0xff, 0xff,
  0xff, 0xff, 0xff, 0xff, 0xff, 0xff, 0xff, 0xff, 0xff, 0xff, 0xff, 0xff,
  0xff, 0xff, 0xff, 0xff, 0xff, 0xff, 0xff, 0xff, 0xff, 0xff, 0xff, 0xff,
  0x00, 0x00, 0xff, 0xff, 0xff, 0xff, 0xff, 0xff, 0xff, 0xff, 0xff, 0xff,
  0xff, 0xff, 0xff, 0xff, 0xff, 0xff, 0xff, 0xff, 0xff, 0xff, 0xff, 0xff,
  0xff, 0xff, 0xff, 0xff, 0xff, 0xff, 0xff, 0xff, 0xff, 0xff, 0xff, 0xff,
  0xff, 0xff, 0xff, 0xff, 0xff, 0xff, 0xa6, 0x65, 0xa5, 0x53, 0x53, 0x0a,
  0x4b, 0xa4, 0x54, 0xa6, 0x9d, 0xa6, 0xa6, 0xa6, 0xaf, 0xaf, 0xae, 0xa6,
  0x9e, 0xa6, 0xef, 0xe6, 0xaf, 0xa6, 0xaf, 0xaf, 0xaf, 0xaf, 0xaf, 0xaf,
  0xaf, 0xaf, 0xaf, 0xaf, 0xaf, 0xaf, 0xa7, 0xa6, 0xef, 0xef, 0xaf, 0x5d,
  0x5d, 0x5d, 0x54, 0x54, 0x5c, 0x54, 0x5d, 0x65, 0xa6, 0xa6, 0xa6, 0xa6,
  0xa6, 0xa6, 0xa6, 0xa6, 0xa6, 0xa6, 0xa6, 0xa6, 0x5e, 0xa6, 0x5e, 0x5d,
  0x65, 0x5d, 0x5d, 0x5d, 0x54, 0x13, 0x53, 0x13, 0x13, 0x53, 0x13, 0x53,
  0x4b, 0x4b, 0x54, 0x54, 0x53, 0x53, 0x07, 0xff, 0xff, 0xff, 0xff, 0xff,
  0xff, 0xff, 0xff, 0xff, 0xff, 0xff, 0xff, 0xff, 0xff, 0xff, 0xff, 0xff,
  0xff, 0xff, 0xff, 0xff, 0xff, 0xff, 0xff, 0xff, 0xff, 0xff, 0xff, 0xff,
  0xff, 0xff, 0xff, 0xff, 0xff, 0xff, 0xff, 0xff, 0xff, 0xff, 0xff, 0xff,
  0xff, 0xff, 0xff, 0xff, 0xff, 0xff, 0xff, 0xff, 0xff, 0xff, 0xff, 0xff,
  0xff, 0xff, 0xff, 0xff, 0xff, 0xff, 0xff, 0xff, 0x00, 0x00, 0xff, 0xff,
  0xff, 0xff, 0xff, 0xff, 0xff, 0xff, 0xff, 0xff, 0xff, 0xff, 0xff, 0xff,
  0xff, 0xff, 0xff, 0xff, 0xff, 0xff, 0xff, 0xff, 0xff, 0xff, 0xff, 0xff,
  0xff, 0xff, 0xff, 0xff, 0xff, 0xff, 0xff, 0xff, 0xff, 0xff, 0xff, 0xff,
  0xff, 0xff, 0x5d, 0x5c, 0x5c, 0x5c, 0x5c, 0x12, 0x0a, 0x53, 0x64, 0xa6,
  0x66, 0xa5, 0xae, 0xae, 0xae, 0xa6, 0xb7, 0xb7, 0xaf, 0xae, 0x66, 0xae,
  0xa6, 0xa6, 0xa6, 0x9d, 0xa6, 0xae, 0xae, 0xaf, 0xaf, 0xaf, 0xaf, 0xaf,
  0xaf, 0xaf, 0xa6, 0xa7, 0xaf, 0xef, 0xaf, 0x5e, 0x5c, 0x5c, 0x54, 0x5c,
  0x5c, 0x54, 0x5d, 0xa6, 0xa6, 0xa6, 0xa6, 0xa6, 0xae, 0x65, 0xa6, 0xaf,
  0xa6, 0xa6, 0xa6, 0xa6, 0xa6, 0xa6, 0x5d, 0x5d, 0x5d, 0xa5, 0xa5, 0x5d,
  0x5c, 0x53, 0x53, 0x53, 0x53, 0x0a, 0x0a, 0x13, 0x0b, 0x54, 0x54, 0x54,
  0x4b, 0x4c, 0xa5, 0xff, 0xff, 0xff, 0xff, 0xff, 0xff, 0xff, 0xff, 0xff,
  0xff, 0xff, 0xff, 0xff, 0xff, 0xff, 0xff, 0xff, 0xff, 0xff, 0xff, 0xff,
  0xff, 0xff, 0xff, 0xff, 0xff, 0xff, 0xff, 0xff, 0xff, 0xff, 0xff, 0xff,
  0xff, 0xff, 0xff, 0xff, 0xff, 0xff, 0xff, 0xff, 0xff, 0xff, 0xff, 0xff,
  0xff, 0xff, 0xff, 0xff, 0xff, 0xff, 0xff, 0xff, 0xff, 0xff, 0xff, 0xff,
  0xff, 0xff, 0xff, 0xff, 0x00, 0x00, 0xff, 0xff, 0xff, 0xff, 0xff, 0xff,
  0xff, 0xff, 0xff, 0xff, 0xff, 0xff, 0xff, 0xff, 0xff, 0xff, 0xff, 0xff,
  0xff, 0xff, 0xff, 0xff, 0xff, 0xff, 0xff, 0xff, 0xff, 0xff, 0xff, 0xff,
  0xff, 0xff, 0xff, 0xff, 0xff, 0xff, 0xff, 0xff, 0xff, 0x07, 0x54, 0x54,
  0x5d, 0x55, 0x5b, 0x53, 0x00, 0x4a, 0x65, 0xa6, 0xa6, 0x9d, 0xa6, 0xa6,
  0xaf, 0xaf, 0xa6, 0xaf, 0xae, 0xaf, 0xaf, 0xa5, 0x65, 0x65, 0x5e, 0x5c,
  0x5d, 0x5d, 0x5d, 0x5c, 0xa5, 0xa7, 0xaf, 0xaf, 0xa7, 0xa7, 0xa6, 0xae,
  0xaf, 0xef, 0xef, 0x66, 0x54, 0x54, 0x54, 0x5c, 0x5c, 0x5c, 0x65, 0xa5,
  0xa5, 0xa6, 0xa6, 0xa6, 0xa6, 0xa6, 0xa6, 0xa6, 0xa6, 0xa6, 0xa6, 0xa5,
  0x65, 0x65, 0xa6, 0x5d, 0xa5, 0x5d, 0x5d, 0x5d, 0x5c, 0x53, 0x54, 0x53,
  0x53, 0x53, 0x4a, 0x53, 0x0a, 0x14, 0x54, 0x53, 0x53, 0x54, 0x5c, 0xff,
  0xff, 0xff, 0xff, 0xff, 0xff, 0xff, 0xff, 0xff, 0xff, 0xff, 0xff, 0xff,
  0xff, 0xff, 0xff, 0xff, 0xff, 0xff, 0xff, 0xff, 0xff, 0xff, 0xff, 0xff,
  0xff, 0xff, 0xff, 0xff, 0xff, 0xff, 0xff, 0xff, 0xff, 0xff, 0xff, 0xff,
  0xff, 0xff, 0xff, 0xff, 0xff, 0xff, 0xff, 0xff, 0xff, 0xff, 0xff, 0xff,
  0xff, 0xff, 0xff, 0xff, 0xff, 0xff, 0xff, 0xff, 0xff, 0xff, 0xff, 0xff,
  0x00, 0x00, 0xff, 0xff, 0xff, 0xff, 0xff, 0xff, 0xff, 0xff, 0xff, 0xff,
  0xff, 0xff, 0xff, 0xff, 0xff, 0xff, 0xff, 0xff, 0xff, 0xff, 0xff, 0xff,
  0xff, 0xff, 0xff, 0xff, 0xff, 0xff, 0xff, 0xff, 0xff, 0xff, 0xff, 0xff,
  0xff, 0xff, 0xff, 0xff, 0xff, 0xa4, 0x55, 0x5e, 0xa6, 0x9d, 0x53, 0x12,
  0x0a, 0x0a, 0x53, 0xa6, 0xa6, 0xa6, 0xa6, 0xa6, 0xa6, 0xa6, 0xa5, 0x5d,
  0xa6, 0xa6, 0xaf, 0xae, 0xaf, 0xef, 0xb7, 0xa6, 0xaf, 0xad, 0xad, 0x66,
  0x5e, 0xa6, 0xa5, 0xae, 0xa6, 0xa7, 0xa7, 0xa6, 0xaf, 0xef, 0xaf, 0x5e,
  0x5c, 0x5c, 0x5c, 0x5c, 0x5d, 0x5d, 0x65, 0xa5, 0xa5, 0xa5, 0xa5, 0xa5,
  0xa6, 0xa5, 0x65, 0x5d, 0x5d, 0x5d, 0xa5, 0x65, 0x5d, 0x5d, 0x66, 0xa6,
  0xa5, 0x5d, 0x5c, 0x5c, 0x54, 0x54, 0x53, 0x53, 0x53, 0x13, 0x52, 0x0a,
  0x13, 0x4c, 0x54, 0x53, 0x54, 0x54, 0x65, 0xff, 0xff, 0xff, 0xff, 0xff,
  0xff, 0xff, 0xff, 0xff, 0xff, 0xff, 0xff, 0xff, 0xff, 0xff, 0xff, 0xff,
  0xff, 0xff, 0xff, 0xff, 0xff, 0xff, 0xff, 0xff, 0xff, 0xff, 0xff, 0xff,
  0xff, 0xff, 0xff, 0xff, 0xff, 0xff, 0xff, 0xff, 0xff, 0xff, 0xff, 0xff,
  0xff, 0xff, 0xff, 0xff, 0xff, 0xff, 0xff, 0xff, 0xff, 0xff, 0xff, 0xff,
  0xff, 0xff, 0xff, 0xff, 0xff, 0xff, 0xff, 0xff, 0x00, 0x00, 0xff, 0xff,
  0xff, 0xff, 0xff, 0xff, 0xff, 0xff, 0xff, 0xff, 0xff, 0xff, 0xff, 0xff,
  0xff, 0xff, 0xff, 0xff, 0xff, 0xff, 0xff, 0xff, 0xff, 0xff, 0xff, 0xff,
  0xff, 0xff, 0xff, 0xff, 0xff, 0xff, 0xff, 0xff, 0xff, 0xff, 0xff, 0xff,
  0xff, 0xa5, 0xa5, 0xa6, 0x9d, 0x0b, 0x0a, 0x52, 0x0a, 0x4a, 0x53, 0xa6,
  0xa6, 0xa6, 0xae, 0xae, 0xaf, 0xaf, 0xae, 0x5d, 0x5c, 0x65, 0xaf, 0xae,
  0x6e, 0xa7, 0xae, 0xae, 0xaf, 0xa5, 0xa5, 0x66, 0x5d, 0xa5, 0xa6, 0xae,
  0xae, 0xae, 0xa7, 0xa7, 0xaf, 0xaf, 0xaf, 0xa6, 0x5d, 0x5d, 0x54, 0x5c,
  0x5d, 0x5d, 0x5d, 0xa5, 0xa5, 0x65, 0xa5, 0xa5, 0x65, 0x65, 0x65, 0x5d,
  0x5d, 0x5d, 0x5d, 0x5d, 0x5d, 0x65, 0x65, 0x66, 0xa5, 0x5d, 0x5c, 0x5c,
  0x5c, 0x54, 0x54, 0x53, 0x53, 0x0b, 0x0a, 0x0a, 0x53, 0x54, 0x54, 0x53,
  0x54, 0x54, 0x5c, 0xff, 0xff, 0xff, 0xff, 0xff, 0xff, 0xff, 0xff, 0xff,
  0xff, 0xff, 0xff, 0xff, 0xff, 0xff, 0xff, 0xff, 0xff, 0xff, 0xff, 0xff,
  0xff, 0xff, 0xff, 0xff, 0xff, 0xff, 0xff, 0xff, 0xff, 0xff, 0xff, 0xff,
  0xff, 0xff, 0xff, 0xff, 0xff, 0xff, 0xff, 0xff, 0xff, 0xff, 0xff, 0xff,
  0xff, 0xff, 0xff, 0xff, 0xff, 0xff, 0xff, 0xff, 0xff, 0xff, 0xff, 0xff,
  0xff, 0xff, 0xff, 0xff, 0x00, 0x00, 0xff, 0xff, 0xff, 0xff, 0xff, 0xff,
  0xff, 0xff, 0xff, 0xff, 0xff, 0xff, 0xff, 0xff, 0xff, 0xff, 0xff, 0xff,
  0xff, 0xff, 0xff, 0xff, 0xff, 0xff, 0xff, 0xff, 0xff, 0xff, 0xff, 0xff,
  0xff, 0xff, 0xff, 0xff, 0xff, 0xff, 0xff, 0xff, 0xff, 0xee, 0xa5, 0x9d,
  0x53, 0x0a, 0x4a, 0x52, 0x53, 0x53, 0x5c, 0xa6, 0xa6, 0xa6, 0xa6, 0xa6,
  0xae, 0xa6, 0xae, 0xae, 0x9c, 0x0b, 0x53, 0x5d, 0x65, 0x5e, 0x53, 0x64,
  0x64, 0x5c, 0x5c, 0x5d, 0x5c, 0x65, 0x65, 0x65, 0xa6, 0xa6, 0xa6, 0xa7,
  0xaf, 0xaf, 0xaf, 0xa6, 0x5d, 0x5d, 0x5c, 0x5d, 0x5c, 0x5c, 0xa5, 0x65,
  0x65, 0xa5, 0xa5, 0xae, 0xae, 0xa6, 0xa6, 0xa6, 0xa5, 0xa5, 0x5d, 0x5c,
  0x5c, 0x5d, 0xa6, 0xa6, 0x65, 0x5d, 0x5c, 0x5c, 0x54, 0x54, 0x53, 0x54,
  0x54, 0x52, 0x0a, 0x0a, 0x53, 0x53, 0x54, 0x53, 0x53, 0x54, 0x65, 0xff,
  0xff, 0xff, 0xff, 0xff, 0xff, 0xff, 0xff, 0xff, 0xff, 0xff, 0xff, 0xff,
  0xff, 0xff, 0xff, 0xff, 0xff, 0xff, 0xff, 0xff, 0xff, 0xff, 0xff, 0xff,
  0xff, 0xff, 0xff, 0xff, 0xff, 0xff, 0xff, 0xff, 0xff, 0xff, 0xff, 0xff,
  0xff, 0xff, 0xff, 0xff, 0xff, 0xff, 0xff, 0xff, 0xff, 0xff, 0xff, 0xff,
  0xff, 0xff, 0xff, 0xff, 0xff, 0xff, 0xff, 0xff, 0xff, 0xff, 0xff, 0xff,
  0x00, 0x00, 0xff, 0xff, 0xff, 0xff, 0xff, 0xff, 0xff, 0xff, 0xff, 0xff,
  0xff, 0xff, 0xff, 0xff, 0xff, 0xff, 0xff, 0xff, 0xff, 0xff, 0xff, 0xff,
  0xff, 0xff, 0xff, 0xff, 0xff, 0xff, 0xff, 0xff, 0xff, 0xff, 0xff, 0xff,
  0xff, 0xff, 0xff, 0xff, 0xff, 0xf6, 0x9c, 0x53, 0x0a, 0x0a, 0x52, 0x5b,
  0x5b, 0x52, 0x5c, 0xa6, 0xa6, 0xa6, 0xa6, 0xa6, 0xa6, 0xa5, 0xa6, 0xae,
  0xa6, 0x5c, 0x0b, 0x0a, 0x9c, 0x13, 0x52, 0xa4, 0x00, 0x53, 0x53, 0x5c,
  0x5c, 0x14, 0x5c, 0x65, 0xa5, 0x5d, 0xa6, 0xa7, 0xaf, 0xef, 0xaf, 0x66,
  0x5d, 0x5d, 0x5c, 0x5c, 0x54, 0x65, 0xa5, 0x65, 0xa5, 0xa5, 0xae, 0xa6,
  0xa6, 0xa5, 0xa6, 0xa5, 0xa6, 0xa6, 0x65, 0x65, 0x64, 0x5d, 0x5d, 0x5d,
  0x5d, 0x5c, 0x5c, 0x5c, 0x54, 0x54, 0x53, 0x53, 0x53, 0x0a, 0x0a, 0x0a,
  0x0a, 0x53, 0x53, 0x53, 0x53, 0x54, 0x5d, 0xff, 0xff, 0xff, 0xff, 0xff,
  0xff, 0xff, 0xff, 0xff, 0xff, 0xff, 0xff, 0xff, 0xff, 0xff, 0xff, 0xff,
  0xff, 0xff, 0xff, 0xff, 0xff, 0xff, 0xff, 0xff, 0xff, 0xff, 0xff, 0xff,
  0xff, 0xff, 0xff, 0xff, 0xff, 0xff, 0xff, 0xff, 0xff, 0xff, 0xff, 0xff,
  0xff, 0xff, 0xff, 0xff, 0xff, 0xff, 0xff, 0xff, 0xff, 0xff, 0xff, 0xff,
  0xff, 0xff, 0xff, 0xff, 0xff, 0xff, 0xff, 0xff, 0x00, 0x00, 0xff, 0xff,
  0xff, 0xff, 0xff, 0xff, 0xff, 0xff, 0xff, 0xff, 0xff, 0xff, 0xff, 0xff,
  0xff, 0xff, 0xff, 0xff, 0xff, 0xff, 0xff, 0xff, 0xff, 0xff, 0xff, 0xff,
  0xff, 0xff, 0xff, 0xff, 0xff, 0xff, 0xff, 0xff, 0xff, 0xff, 0xff, 0xff,
  0xff, 0xf6, 0x53, 0x4a, 0x52, 0x0a, 0x92, 0x5b, 0xa4, 0x52, 0x5c, 0xa6,
  0xa6, 0x65, 0xa5, 0xa5, 0xa5, 0xa5, 0x65, 0x65, 0xa5, 0xa6, 0x5d, 0x0b,
  0x53, 0x0a, 0x12, 0x07, 0x51, 0x52, 0x52, 0x53, 0x9c, 0x54, 0x54, 0x5d,
  0x5c, 0x5c, 0xa6, 0xae, 0xef, 0xef, 0xaf, 0x66, 0x5c, 0x5c, 0x5c, 0x54,
  0x5d, 0x54, 0x5c, 0x5c, 0xa5, 0xa5, 0xa5, 0xa5, 0xa5, 0x5d, 0x5d, 0xa5,
  0xa5, 0xa5, 0x65, 0x65, 0x5d, 0x54, 0x54, 0x5c, 0x5c, 0x5c, 0x5c, 0x5c,
  0x5c, 0x54, 0x53, 0x4b, 0x4b, 0x0a, 0x00, 0x00, 0x0a, 0x54, 0x53, 0x53,
  0x53, 0x54, 0x5c, 0x08, 0xff, 0xff, 0xff, 0xff, 0xff, 0xff, 0xff, 0xff,
  0xff, 0xff, 0xff, 0xff, 0xff, 0xff, 0xff, 0xff, 0xff, 0xff, 0xff, 0xff,
  0xff, 0xff, 0xff, 0xff, 0xff, 0xff, 0xff, 0xff, 0xff, 0xff, 0xff, 0xff,
  0xff, 0xff, 0xff, 0xff, 0xff, 0xff, 0xff, 0xff, 0xff, 0xff, 0xff, 0xff,
  0xff, 0xff, 0xff, 0xff, 0xff, 0xff, 0xff, 0xff, 0xff, 0xff, 0xff, 0xff,
  0xff, 0xff, 0xff, 0xff, 0x00, 0x00, 0xff, 0xff, 0xff, 0xff, 0xff, 0xff,
  0xff, 0xff, 0xff, 0xff, 0xff, 0xff, 0xff, 0xff, 0xff, 0xff, 0xff, 0xff,
  0xff, 0xff, 0xff, 0xff, 0xff, 0xff, 0xff, 0xff, 0xff, 0xff, 0xff, 0xff,
  0xff, 0xff, 0xff, 0xff, 0xff, 0xff, 0xff, 0xff, 0xff, 0x08, 0x53, 0x4a,
  0x52, 0x0a, 0x9b, 0x64, 0x5b, 0x52, 0x5c, 0xa6, 0xa6, 0xa5, 0xa5, 0xa5,
  0x65, 0x5d, 0x5c, 0x65, 0xa5, 0xa5, 0xa6, 0xa4, 0x5c, 0x13, 0x0a, 0x52,
  0x4a, 0x12, 0x12, 0x0a, 0x13, 0x13, 0x54, 0x54, 0x54, 0xa4, 0xa5, 0xae,
  0xef, 0xef, 0xaf, 0x66, 0x5c, 0x5c, 0x54, 0x53, 0x1b, 0x54, 0x4c, 0x54,
  0x65, 0x9c, 0x9c, 0x9b, 0x5b, 0x5c, 0x5c, 0x5c, 0x5c, 0x5c, 0x53, 0x53,
  0x53, 0x5b, 0x5d, 0xa5, 0x64, 0x5c, 0x5c, 0x13, 0x13, 0x54, 0x53, 0x0a,
  0x0a, 0x0a, 0x00, 0x00, 0x0a, 0x53, 0x53, 0x53, 0x53, 0x53, 0x5b, 0x08,
  0xff, 0xff, 0xff, 0xff, 0xff, 0xff, 0xff, 0xff, 0xff, 0xff, 0xff, 0xff,
  0xff, 0xff, 0xff, 0xff, 0xff, 0xff, 0xff, 0xff, 0xff, 0xff, 0xff, 0xff,
  0xff, 0xff, 0xff, 0xff, 0xff, 0xff, 0xff, 0xff, 0xff, 0xff, 0xff, 0xff,
  0xff, 0xff, 0xff, 0xff, 0xff, 0xff, 0xff, 0xff, 0xff, 0xff, 0xff, 0xff,
  0xff, 0xff, 0xff, 0xff, 0xff, 0xff, 0xff, 0xff, 0xff, 0xff, 0xff, 0xff,
  0x00, 0x00, 0xff, 0xff, 0xff, 0xff, 0xff, 0xff, 0xff, 0xff, 0xff, 0xff,
  0xff, 0xff, 0xff, 0xff, 0xff, 0xff, 0xff, 0xff, 0xff, 0xff, 0xff, 0xff,
  0xff, 0xff, 0xff, 0xff, 0xff, 0xff, 0xff, 0xff, 0xff, 0xff, 0xff, 0xff,
  0xff, 0xff, 0xff, 0xff, 0xff, 0xee, 0x52, 0x52, 0x52, 0x52, 0x9c, 0xa4,
  0x5b, 0x52, 0x5c, 0x66, 0xa6, 0xa6, 0xa5, 0xa5, 0x65, 0x5d, 0x5c, 0x65,
  0x65, 0x64, 0x65, 0xa5, 0x65, 0x6e, 0x9c, 0x14, 0x13, 0x13, 0x13, 0x53,
  0x13, 0x53, 0x53, 0x54, 0x5c, 0x5c, 0x65, 0xae, 0xaf, 0xef, 0xaf, 0x66,
  0x5c, 0x5c, 0x54, 0x53, 0x13, 0x5c, 0x13, 0x5b, 0xa4, 0x51, 0x5a, 0x49,
  0x4a, 0x52, 0x53, 0x53, 0x0a, 0x0a, 0x0b, 0x13, 0x5c, 0x65, 0x5c, 0x5c,
  0x5c, 0x5c, 0x5c, 0x5c, 0x5c, 0x54, 0x53, 0x0a, 0x0a, 0x0a, 0x00, 0x0a,
  0x0a, 0x53, 0x53, 0x53, 0x53, 0x53, 0x5c, 0xf6, 0xff, 0xff, 0xff, 0xff,
  0xff, 0xff, 0xff, 0xff, 0xff, 0xff, 0xff, 0xff, 0xff, 0xff, 0xff, 0xff,
  0xff, 0xff, 0xff, 0xff, 0xff, 0xff, 0xff, 0xff, 0xff, 0xff, 0xff, 0xff,
  0xff, 0xff, 0xff, 0xff, 0xff, 0xff, 0xff, 0xff, 0xff, 0xff, 0xff, 0xff,
  0xff, 0xff, 0xff, 0xff, 0xff, 0xff, 0xff, 0xff, 0xff, 0xff, 0xff, 0xff,
  0xff, 0xff, 0xff, 0xff, 0xff, 0xff, 0xff, 0xff, 0x00, 0x00, 0xff, 0xff,
  0xff, 0xff, 0xff, 0xff, 0xff, 0xff, 0xff, 0xff, 0xff, 0xff, 0xff, 0xff,
  0xff, 0xff, 0xff, 0xff, 0xff, 0xff, 0xff, 0xff, 0xff, 0xff, 0xff, 0xff,
  0xff, 0xff, 0xff, 0xff, 0xff, 0xff, 0xff, 0xff, 0xff, 0xff, 0xff, 0xff,
  0x07, 0x52, 0x52, 0x52, 0x53, 0x52, 0x9c, 0xa4, 0x5c, 0x53, 0x5c, 0x9d,
  0xa6, 0xa5, 0xa5, 0xa5, 0xa5, 0xa5, 0x65, 0x5d, 0x5c, 0x5c, 0x5c, 0x5c,
  0x5c, 0x5c, 0xa5, 0x5c, 0x5c, 0x54, 0x54, 0x5c, 0x5c, 0x5c, 0x5c, 0x5c,
  0x5c, 0x5c, 0x5d, 0xa5, 0xae, 0xaf, 0xaf, 0x66, 0x5c, 0x5c, 0x53, 0x54,
  0x54, 0x53, 0x13, 0x53, 0x4a, 0x4a, 0x5b, 0x4a, 0x0a, 0x0a, 0x53, 0x13,
  0x0b, 0x0b, 0x13, 0x5c, 0x5c, 0x5c, 0x5c, 0x5c, 0x5c, 0x54, 0x54, 0x5c,
  0x54, 0x5c, 0x53, 0x0a, 0x0a, 0x0a, 0x00, 0x0a, 0x0a, 0x0a, 0x53, 0x54,
  0x53, 0x0b, 0x5c, 0x08, 0xff, 0xff, 0xff, 0xff, 0xff, 0xff, 0xff, 0xff,
  0xff, 0xff, 0xff, 0xff, 0xff, 0xff, 0xff, 0xff, 0xff, 0xff, 0xff, 0xff,
  0xff, 0xff, 0xff, 0xff, 0xff, 0xff, 0xff, 0xff, 0xff, 0xff, 0xff, 0xff,
  0xff, 0xff, 0xff, 0xff, 0xff, 0xff, 0xff, 0xff, 0xff, 0xff, 0xff, 0xff,
  0xff, 0xff, 0xff, 0xff, 0xff, 0xff, 0xff, 0xff, 0xff, 0xff, 0xff, 0xff,
  0xff, 0xff, 0xff, 0xff, 0x00, 0x00, 0xff, 0xff, 0xff, 0xff, 0xff, 0xff,
  0xff, 0xff, 0xff, 0xff, 0xff, 0xff, 0xff, 0xff, 0xff, 0xff, 0xff, 0xff,
  0xff, 0xff, 0xff, 0xff, 0xff, 0xff, 0xff, 0xff, 0xff, 0xff, 0xff, 0xff,
  0xff, 0xff, 0xff, 0xff, 0xff, 0xff, 0xff, 0xff, 0xa5, 0x52, 0x52, 0x52,
  0x5b, 0x5b, 0x9c, 0xa4, 0x5c, 0x5c, 0x5c, 0x65, 0xa6, 0xa6, 0xa5, 0xa5,
  0xa5, 0xa5, 0x65, 0x65, 0xa5, 0xa5, 0x5c, 0x5c, 0x5c, 0x5c, 0x53, 0x53,
  0x54, 0x53, 0x53, 0x54, 0x5c, 0x5c, 0x5c, 0x5c, 0x5d, 0x5d, 0x5d, 0x65,
  0xa6, 0xa6, 0xa6, 0x5e, 0x5c, 0x5c, 0x5c, 0x5c, 0x54, 0x5c, 0x13, 0x53,
  0x53, 0x0a, 0x0a, 0x53, 0x53, 0x13, 0x53, 0x53, 0x5c, 0x5c, 0x5c, 0x5c,
  0x5c, 0x5c, 0x5c, 0x5c, 0x5c, 0x53, 0x54, 0x5c, 0x53, 0x53, 0x53, 0x0a,
  0x0a, 0x0a, 0x00, 0x00, 0x0a, 0x0a, 0x0b, 0x0b, 0x0b, 0x0b, 0x53, 0x07,
  0xff, 0xff, 0xff, 0xff, 0xff, 0xff, 0xff, 0xff, 0xff, 0xff, 0xff, 0xff,
  0xff, 0xff, 0xff, 0xff, 0xff, 0xff, 0xff, 0xff, 0xff, 0xff, 0xff, 0xff,
  0xff, 0xff, 0xff, 0xff, 0xff, 0xff, 0xff, 0xff, 0xff, 0xff, 0xff, 0xff,
  0xff, 0xff, 0xff, 0xff, 0xff, 0xff, 0xff, 0xff, 0xff, 0xff, 0xff, 0xff,
  0xff, 0xff, 0xff, 0xff, 0xff, 0xff, 0xff, 0xff, 0xff, 0xff, 0xff, 0xff,
  0x00, 0x00, 0xff, 0xff, 0xff, 0xff, 0xff, 0xff, 0xff, 0xff, 0xff, 0xff,
  0xff, 0xff, 0xff, 0xff, 0xff, 0xff, 0xff, 0xff, 0xff, 0xff, 0xff, 0xff,
  0xff, 0xff, 0xff, 0xff, 0xff, 0xff, 0xff, 0xff, 0xff, 0xff, 0xff, 0xff,
  0xff, 0xff, 0xff, 0xff, 0x63, 0x52, 0x53, 0x53, 0x5b, 0x5b, 0x9c, 0xa4,
  0x9c, 0x5c, 0x5b, 0x65, 0xa6, 0xa6, 0xa6, 0xa6, 0xa6, 0xa6, 0x65, 0x65,
  0xa5, 0xa5, 0xa5, 0x65, 0x5c, 0x5c, 0x5b, 0x5c, 0x5c, 0x5c, 0x5c, 0x5c,
  0x5c, 0x5c, 0x65, 0x5d, 0x65, 0x65, 0x5d, 0x65, 0xa6, 0xa6, 0xa6, 0x9d,
  0x65, 0x65, 0x5d, 0x5c, 0x5c, 0x54, 0x5c, 0x5c, 0x5c, 0x53, 0x53, 0x9c,
  0xa5, 0x65, 0x5c, 0x5c, 0x5d, 0x5d, 0x5d, 0x5c, 0x5c, 0x54, 0x54, 0x53,
  0x53, 0x53, 0x53, 0x54, 0x54, 0x53, 0x53, 0x0a, 0x0a, 0x0a, 0x0a, 0x0a,
  0x0a, 0x0a, 0x0a, 0x0a, 0x0a, 0x4a, 0x52, 0xf7, 0xf6, 0xff, 0xff, 0xff,
  0xff, 0xff, 0xff, 0xff, 0xff, 0xff, 0xff, 0xff, 0xff, 0xff, 0xff, 0xff,
  0xff, 0xff, 0xff, 0xff, 0xff, 0xff, 0xff, 0xff, 0xff, 0xff, 0xff, 0xff,
  0xff, 0xff, 0xff, 0xff, 0xff, 0xff, 0xff, 0xff, 0xff, 0xff, 0xff, 0xff,
  0xff, 0xff, 0xff, 0xff, 0xff, 0xff, 0xff, 0xff, 0xff, 0xff, 0xff, 0xff,
  0xff, 0xff, 0xff, 0xff, 0xff, 0xff, 0xff, 0xff, 0x00, 0x00, 0xff, 0xff,
  0xff, 0xff, 0xff, 0xff, 0xff, 0xff, 0xff, 0xff, 0xff, 0xff, 0xff, 0xff,
  0xff, 0xff, 0xff, 0xff, 0xff, 0xff, 0xff, 0xff, 0xff, 0xff, 0xff, 0xff,
  0xff, 0xff, 0xff, 0xff, 0xff, 0xff, 0xff, 0xff, 0xff, 0xff, 0xff, 0xff,
  0x9b, 0x52, 0x53, 0x5b, 0x5b, 0x53, 0x9b, 0xa5, 0x9c, 0x5c, 0x5c, 0x65,
  0xa6, 0xa6, 0xa6, 0xa6, 0xa6, 0xae, 0xae, 0x5d, 0x5d, 0xa5, 0xa5, 0xa5,
  0x5d, 0x5c, 0x5c, 0x65, 0x5d, 0x5c, 0x5c, 0x5c, 0x5c, 0x5c, 0x65, 0xa5,
  0xa5, 0xa5, 0x65, 0x65, 0xa6, 0xa6, 0xa6, 0xa5, 0xa5, 0xa5, 0xa5, 0x5d,
  0x5c, 0x5c, 0x5c, 0x54, 0x54, 0x53, 0x53, 0x5c, 0x5c, 0x5c, 0x5c, 0x5c,
  0x5c, 0x5c, 0x5c, 0x5c, 0x5c, 0x54, 0x53, 0x53, 0x53, 0x53, 0x54, 0x54,
  0x54, 0x53, 0x53, 0x0a, 0x0a, 0x0a, 0x0a, 0x0a, 0x0a, 0x0a, 0x0a, 0x0a,
  0x0a, 0x52, 0x52, 0xa4, 0xf6, 0xff, 0xff, 0xff, 0xff, 0xff, 0xff, 0xff,
  0xff, 0xff, 0xff, 0xff, 0xff, 0xff, 0xff, 0xff, 0xff, 0xff, 0xff, 0xff,
  0xff, 0xff, 0xff, 0xff, 0xff, 0xff, 0xff, 0xff, 0xff, 0xff, 0xff, 0xff,
  0xff, 0xff, 0xff, 0xff, 0xff, 0xff, 0xff, 0xff, 0xff, 0xff, 0xff, 0xff,
  0xff, 0xff, 0xff, 0xff, 0xff, 0xff, 0xff, 0xff, 0xff, 0xff, 0xff, 0xff,
  0xff, 0xff, 0xff, 0xff, 0x00, 0x00, 0xff, 0xff, 0xff, 0xff, 0xff, 0xff,
  0xff, 0xff, 0xff, 0xff, 0xff, 0xff, 0xff, 0xff, 0xff, 0xff, 0xff, 0xff,
  0xff, 0xff, 0xff, 0xff, 0xff, 0xff, 0xff, 0xff, 0xff, 0xff, 0xff, 0xff,
  0xff, 0xff, 0xff, 0xff, 0xff, 0xff, 0xff, 0xff, 0x9b, 0x52, 0x53, 0x52,
  0x5b, 0x5c, 0x5b, 0x5b, 0xa4, 0x5c, 0x5b, 0x65, 0xa6, 0xa5, 0xa6, 0xa6,
  0xa6, 0xae, 0xae, 0xa6, 0xa5, 0x65, 0x65, 0xae, 0xa6, 0xa5, 0xa5, 0x5c,
  0x5d, 0x5c, 0x5c, 0x5c, 0x5c, 0x65, 0xa5, 0xa5, 0xa5, 0xa5, 0x65, 0x65,
  0xa6, 0xa6, 0xa6, 0xa5, 0xa5, 0xa5, 0xa5, 0xa5, 0x5d, 0x5c, 0x5c, 0x5c,
  0x53, 0x53, 0x53, 0x53, 0x53, 0x53, 0x53, 0x53, 0x53, 0x53, 0x53, 0x53,
  0x53, 0x54, 0x53, 0x53, 0x53, 0x53, 0x53, 0x54, 0x54, 0x53, 0x0a, 0x0a,
  0x0a, 0x0a, 0x0a, 0x0a, 0x0a, 0x0a, 0x0a, 0x0a, 0x0a, 0x52, 0x52, 0xad,
  0xf6, 0xff, 0xff, 0xff, 0xff, 0xff, 0xff, 0xff, 0xff, 0xff, 0xff, 0xff,
  0xff, 0xff, 0xff, 0xff, 0xff, 0xff, 0xff, 0xff, 0xff, 0xff, 0xff, 0xff,
  0xff, 0xff, 0xff, 0xff, 0xff, 0xff, 0xff, 0xff, 0xff, 0xff, 0xff, 0xff,
  0xff, 0xff, 0xff, 0xff, 0xff, 0xff, 0xff, 0xff, 0xff, 0xff, 0xff, 0xff,
  0xff, 0xff, 0xff, 0xff, 0xff, 0xff, 0xff, 0xff, 0xff, 0xff, 0xff, 0xff,
  0x00, 0x00, 0xff, 0xff, 0xff, 0xff, 0xff, 0xff, 0xff, 0xff, 0xff, 0xff,
  0xff, 0xff, 0xff, 0xff, 0xff, 0xff, 0xff, 0xff, 0xff, 0xff, 0xff, 0xff,
  0xff, 0xff, 0xff, 0xff, 0xff, 0xff, 0xff, 0xff, 0xff, 0xff, 0xff, 0xff,
  0xff, 0xff, 0xff, 0xff, 0x9b, 0x4a, 0x52, 0x52, 0x5b, 0x5c, 0x5b, 0xa3,
  0xa5, 0x5c, 0x5b, 0x9d, 0xa5, 0xa5, 0xa5, 0xa5, 0xa6, 0xae, 0xaf, 0xaf,
  0xae, 0xad, 0xad, 0xae, 0xaf, 0xae, 0xad, 0xad, 0xa5, 0x9d, 0x9d, 0x9c,
  0xa5, 0xa5, 0xa5, 0xa5, 0xa5, 0xa6, 0xa6, 0xa5, 0xa6, 0xa6, 0xa6, 0xa5,
  0xad, 0xad, 0xa6, 0xa5, 0xa5, 0x5c, 0x5c, 0x5c, 0x5c, 0x54, 0x53, 0x53,
  0x5c, 0x53, 0x53, 0x53, 0x53, 0x53, 0x53, 0x53, 0x53, 0x53, 0x53, 0x53,
  0x53, 0x53, 0x53, 0x54, 0x54, 0x53, 0x0a, 0x0a, 0x0a, 0x0a, 0x4a, 0x0a,
  0x0a, 0x0a, 0x0a, 0x0a, 0x0a, 0x0a, 0x4a, 0x64, 0x08, 0xff, 0xff, 0xff,
  0xff, 0xff, 0xff, 0xff, 0xff, 0xff, 0xff, 0xff, 0xff, 0xff, 0xff, 0xff,
  0xff, 0xff, 0xff, 0xff, 0xff, 0xff, 0xff, 0xff, 0xff, 0xff, 0xff, 0xff,
  0xff, 0xff, 0xff, 0xff, 0xff, 0xff, 0xff, 0xff, 0xff, 0xff, 0xff, 0xff,
  0xff, 0xff, 0xff, 0xff, 0xff, 0xff, 0xff, 0xff, 0xff, 0xff, 0xff, 0xff,
  0xff, 0xff, 0xff, 0xff, 0xff, 0xff, 0xff, 0xff, 0x00, 0x00, 0xff, 0xff,
  0xff, 0xff, 0xff, 0xff, 0xff, 0xff, 0xff, 0xff, 0xff, 0xff, 0xff, 0xff,
  0xff, 0xff, 0xff, 0xff, 0xff, 0xff, 0xff, 0xff, 0xff, 0xff, 0xff, 0xff,
  0xff, 0xff, 0xff, 0xff, 0xff, 0xff, 0xff, 0xff, 0xff, 0xff, 0xff, 0xff,
  0x9b, 0x0a, 0x52, 0x52, 0x5b, 0x5b, 0x5c, 0x5c, 0xa5, 0x5c, 0x5c, 0x65,
  0xa5, 0xa6, 0xa6, 0xa6, 0xa6, 0xae, 0xae, 0xaf, 0xaf, 0xaf, 0xaf, 0xaf,
  0xaf, 0xaf, 0xaf, 0xaf, 0xaf, 0xaf, 0xaf, 0xae, 0xa6, 0xae, 0xa6, 0xa5,
  0xa6, 0xae, 0xae, 0xa6, 0xa6, 0xae, 0xae, 0xa5, 0xae, 0xae, 0xa6, 0xa5,
  0x5c, 0x65, 0x5c, 0x5c, 0x5c, 0x5c, 0x5c, 0x5c, 0x5c, 0x53, 0x53, 0x5c,
  0x5c, 0x5c, 0x54, 0x54, 0x5c, 0x54, 0x54, 0x54, 0x54, 0x54, 0x53, 0x54,
  0x53, 0x53, 0x0a, 0x0a, 0x0a, 0x52, 0x4a, 0x4a, 0x4a, 0x0a, 0x0a, 0x0a,
  0x0a, 0x0a, 0x4a, 0xa5, 0xf6, 0xff, 0xff, 0xff, 0xff, 0xff, 0xff, 0xff,
  0xff, 0xff, 0xff, 0xff, 0xff, 0xff, 0xff, 0xff, 0xff, 0xff, 0xff, 0xff,
  0xff, 0xff, 0xff, 0xff, 0xff, 0xff, 0xff, 0xff, 0xff, 0xff, 0xff, 0xff,
  0xff, 0xff, 0xff, 0xff, 0xff, 0xff, 0xff, 0xff, 0xff, 0xff, 0xff, 0xff,
  0xff, 0xff, 0xff, 0xff, 0xff, 0xff, 0xff, 0xff, 0xff, 0xff, 0xff, 0xff,
  0xff, 0xff, 0xff, 0xff, 0x00, 0x00, 0xff, 0xff, 0xff, 0xff, 0xff, 0xff,
  0xff, 0xff, 0xff, 0xff, 0xff, 0xff, 0xff, 0xff, 0xff, 0xff, 0xff, 0xff,
  0xff, 0xff, 0xff, 0xff, 0xff, 0xff, 0xff, 0xff, 0xff, 0xff, 0xff, 0xff,
  0xff, 0xff, 0xff, 0xff, 0xff, 0xff, 0xff, 0xff, 0x5b, 0x52, 0x4a, 0x52,
  0x53, 0x5b, 0x5c, 0x5b, 0xa4, 0xa4, 0xa4, 0xa5, 0xa5, 0xa6, 0xa6, 0xa6,
  0xae, 0xa6, 0xaf, 0xae, 0xaf, 0xaf, 0xaf, 0xaf, 0xaf, 0xef, 0xef, 0xaf,
  0xef, 0xef, 0xef, 0xaf, 0xaf, 0xae, 0xaf, 0xaf, 0xaf, 0xa6, 0xae, 0xaf,
  0xaf, 0xaf, 0xaf, 0xa6, 0xae, 0xae, 0xa6, 0xa6, 0x5c, 0x5c, 0x5d, 0x5c,
  0x5c, 0x5d, 0x65, 0x5c, 0x5c, 0x5c, 0x5c, 0x5c, 0x5c, 0x5c, 0x53, 0x53,
  0x5c, 0x5c, 0x5c, 0x5c, 0x54, 0x53, 0x53, 0x53, 0x53, 0x53, 0x0a, 0x0a,
  0x0a, 0x4a, 0x0a, 0x0a, 0x0a, 0x0a, 0x0a, 0x0a, 0x0a, 0x0a, 0x0a, 0xa3,
  0x08, 0xff, 0xff, 0xff, 0xff, 0xff, 0xff, 0xff, 0xff, 0xff, 0xff, 0xff,
  0xff, 0xff, 0xff, 0xff, 0xff, 0xff, 0xff, 0xff, 0xff, 0xff, 0xff, 0xff,
  0xff, 0xff, 0xff, 0xff, 0xff, 0xff, 0xff, 0xff, 0xff, 0xff, 0xff, 0xff,
  0xff, 0xff, 0xff, 0xff, 0xff, 0xff, 0xff, 0xff, 0xff, 0xff, 0xff, 0xff,
  0xff, 0xff, 0xff, 0xff, 0xff, 0xff, 0xff, 0xff, 0xff, 0xff, 0xff, 0xff,
  0x00, 0x00, 0xff, 0xff, 0xff, 0xff, 0xff, 0xff, 0xff, 0xff, 0xff, 0xff,
  0xff, 0xff, 0xff, 0xff, 0xff, 0xff, 0xff, 0xff, 0xff, 0xff, 0xff, 0xff,
  0xff, 0xff, 0xff, 0xff, 0xff, 0xff, 0xff, 0xff, 0xff, 0xff, 0xff, 0xff,
  0xff, 0xff, 0xff, 0xff, 0xa4, 0x4a, 0x12, 0x52, 0x5a, 0x5c, 0x5b, 0x5b,
  0xa4, 0xa4, 0xa5, 0xa5, 0xa5, 0xa6, 0xa6, 0xa6, 0xa6, 0xaf, 0xae, 0xae,
  0xaf, 0xaf, 0xaf, 0xaf, 0xaf, 0xef, 0xef, 0xef, 0xef, 0xaf, 0xaf, 0xef,
  0xef, 0xaf, 0xaf, 0xaf, 0xaf, 0xaf, 0xa7, 0xae, 0xaf, 0xaf, 0xaf, 0xae,
  0xae, 0xae, 0xae, 0xa6, 0xa6, 0x5c, 0x5c, 0x5d, 0x65, 0x5d, 0x65, 0x5c,
  0x5c, 0x5c, 0x5c, 0x5c, 0x5c, 0x5c, 0x53, 0x53, 0x5c, 0x5c, 0x5c, 0x5c,
  0x54, 0x54, 0x53, 0x54, 0x13, 0x13, 0x12, 0x52, 0x52, 0x0a, 0x52, 0x0a,
  0x0a, 0x0a, 0x52, 0x52, 0x0a, 0x0a, 0x0a, 0x63, 0x08, 0xff, 0xff, 0xff,
  0xff, 0xff, 0xff, 0xff, 0xff, 0xff, 0xff, 0xff, 0xff, 0xff, 0xff, 0xff,
  0xff, 0xff, 0xff, 0xff, 0xff, 0xff, 0xff, 0xff, 0xff, 0xff, 0xff, 0xff,
  0xff, 0xff, 0xff, 0xff, 0xff, 0xff, 0xff, 0xff, 0xff, 0xff, 0xff, 0xff,
  0xff, 0xff, 0xff, 0xff, 0xff, 0xff, 0xff, 0xff, 0xff, 0xff, 0xff, 0xff,
  0xff, 0xff, 0xff, 0xff, 0xff, 0xff, 0xff, 0xff, 0x00, 0x00, 0xff, 0xff,
  0xff, 0xff, 0xff, 0xff, 0xff, 0xff, 0xff, 0xff, 0xff, 0xff, 0xff, 0xff,
  0xff, 0xff, 0xff, 0xff, 0xff, 0xff, 0xff, 0xff, 0xff, 0xff, 0xff, 0xff,
  0xff, 0xff, 0xff, 0xff, 0xff, 0xff, 0xff, 0xff, 0xff, 0xff, 0xff, 0xff,
  0x08, 0x52, 0x0a, 0x52, 0x53, 0x5b, 0x5b, 0x5b, 0xa5, 0x5c, 0xa4, 0x6d,
  0xae, 0xa6, 0xa6, 0xa6, 0xa6, 0xa6, 0xa7, 0xaf, 0xaf, 0xaf, 0xaf, 0xaf,
  0xaf, 0xaf, 0xef, 0xef, 0xef, 0xef, 0xef, 0xaf, 0xaf, 0xaf, 0xaf, 0xaf,
  0xaf, 0xaf, 0xaf, 0xaf, 0xef, 0xef, 0xaf, 0xef, 0xb7, 0xb7, 0xaf, 0xae,
  0xaf, 0xae, 0xae, 0x5d, 0xa6, 0xa5, 0xa6, 0xa5, 0xa5, 0x65, 0x5d, 0x5d,
  0x5c, 0x5c, 0x5c, 0x5d, 0x5c, 0x5c, 0x5c, 0x54, 0x5c, 0x54, 0x53, 0x53,
  0x13, 0x12, 0x52, 0x4b, 0x4b, 0x0a, 0x4a, 0x0a, 0x0a, 0x0a, 0x4a, 0x0a,
  0x52, 0x0a, 0x0a, 0xf7, 0xff, 0xff, 0xff, 0xff, 0xff, 0xff, 0xff, 0xff,
  0xff, 0xff, 0xff, 0xff, 0xff, 0xff, 0xff, 0xff, 0xff, 0xff, 0xff, 0xff,
  0xff, 0xff, 0xff, 0xff, 0xff, 0xff, 0xff, 0xff, 0xff, 0xff, 0xff, 0xff,
  0xff, 0xff, 0xff, 0xff, 0xff, 0xff, 0xff, 0xff, 0xff, 0xff, 0xff, 0xff,
  0xff, 0xff, 0xff, 0xff, 0xff, 0xff, 0xff, 0xff, 0xff, 0xff, 0xff, 0xff,
  0xff, 0xff, 0xff, 0xff, 0x00, 0x00, 0xff, 0xff, 0xff, 0xff, 0xff, 0xff,
  0xff, 0xff, 0xff, 0xff, 0xff, 0xff, 0xff, 0xff, 0xff, 0xff, 0xff, 0xff,
  0xff, 0xff, 0xff, 0xff, 0xff, 0xff, 0xff, 0xff, 0xff, 0xff, 0xff, 0xff,
  0xff, 0xff, 0xff, 0xff, 0xff, 0xff, 0xff, 0xff, 0xff, 0x49, 0x0a, 0x52,
  0x5a, 0x9b, 0xa4, 0x5c, 0x5c, 0xa4, 0xa4, 0xa6, 0xa6, 0xa6, 0xa6, 0xa6,
  0xaf, 0xae, 0x66, 0xae, 0xaf, 0xaf, 0xaf, 0xaf, 0xaf, 0xaf, 0xef, 0xef,
  0xef, 0xef, 0xef, 0xef, 0xef, 0xef, 0xef, 0xaf, 0xaf, 0xaf, 0xaf, 0xaf,
  0xef, 0xef, 0xef, 0xef, 0xef, 0xef, 0xaf, 0xaf, 0xaf, 0xaf, 0xae, 0xae,
  0xae, 0xae, 0xa6, 0xa6, 0x65, 0x65, 0x5d, 0x5d, 0x5d, 0x5d, 0x5d, 0x5c,
  0x5c, 0x5c, 0x5c, 0x54, 0x54, 0x5c, 0x53, 0x53, 0x13, 0x12, 0x4b, 0x52,
  0x52, 0x0b, 0x0a, 0x0a, 0x0a, 0x52, 0x52, 0x0a, 0x0a, 0x4a, 0x4a, 0x93,
  0x08, 0xff, 0xff, 0xff, 0xff, 0xff, 0xff, 0xff, 0xff, 0xff, 0xff, 0xff,
  0xff, 0xff, 0xff, 0xff, 0xff, 0xff, 0xff, 0xff, 0xff, 0xff, 0xff, 0xff,
  0xff, 0xff, 0xff, 0xff, 0xff, 0xff, 0xff, 0xff, 0xff, 0xff, 0xff, 0xff,
  0xff, 0xff, 0xff, 0xff, 0xff, 0xff, 0xff, 0xff, 0xff, 0xff, 0xff, 0xff,
  0xff, 0xff, 0xff, 0xff, 0xff, 0xff, 0xff, 0xff, 0xff, 0xff, 0xff, 0xff,
  0x00, 0x00, 0xff, 0xff, 0xff, 0xff, 0xff, 0xff, 0xff, 0xff, 0xff, 0xff,
  0xff, 0xff, 0xff, 0xff, 0xff, 0xff, 0xff, 0xff, 0xff, 0xff, 0xff, 0xff,
  0xff, 0xff, 0xff, 0xff, 0xff, 0xff, 0xff, 0xff, 0xff, 0xff, 0xff, 0xff,
  0xff, 0xff, 0xff, 0xff, 0x08, 0x00, 0x0a, 0x52, 0x53, 0x53, 0x5b, 0x5c,
  0xa5, 0x5c, 0xa4, 0xa5, 0xa6, 0xa6, 0xa6, 0xa6, 0xa6, 0xae, 0xae, 0xaf,
  0xae, 0xaf, 0xaf, 0xaf, 0xaf, 0xaf, 0xef, 0xaf, 0xef, 0xef, 0xef, 0xef,
  0xef, 0xef, 0xaf, 0xaf, 0xaf, 0xaf, 0xaf, 0xaf, 0xef, 0xef, 0xef, 0xef,
  0xef, 0xef, 0xef, 0xaf, 0xaf, 0xaf, 0xaf, 0xa6, 0xaf, 0xa6, 0xa6, 0xa6,
  0xa5, 0x65, 0x5d, 0x5d, 0x5d, 0x5d, 0x5d, 0x5c, 0x5c, 0x5d, 0x5c, 0x5c,
  0x5c, 0x5c, 0x54, 0x13, 0x53, 0x52, 0x52, 0x0a, 0x0a, 0x0a, 0x0a, 0x0a,
  0x4a, 0x4a, 0x0a, 0x0a, 0x00, 0x0a, 0x0a, 0x5b, 0x08, 0xff, 0xff, 0xff,
  0xff, 0xff, 0xff, 0xff, 0xff, 0xff, 0xff, 0xff, 0xff, 0xff, 0xff, 0xff,
  0xff, 0xff, 0xff, 0xff, 0xff, 0xff, 0xff, 0xff, 0xff, 0xff, 0xff, 0xff,
  0xff, 0xff, 0xff, 0xff, 0xff, 0xff, 0xff, 0xff, 0xff, 0xff, 0xff, 0xff,
  0xff, 0xff, 0xff, 0xff, 0xff, 0xff, 0xff, 0xff, 0xff, 0xff, 0xff, 0xff,
  0xff, 0xff, 0xff, 0xff, 0xff, 0xff, 0xff, 0xff, 0x00, 0x00, 0xff, 0xff,
  0xff, 0xff, 0xff, 0xff, 0xff, 0xff, 0xff, 0xff, 0xff, 0xff, 0xff, 0xff,
  0xff, 0xff, 0xff, 0xff, 0xff, 0xff, 0xff, 0xff, 0xff, 0xff, 0xff, 0xff,
  0xff, 0xff, 0xff, 0xff, 0xff, 0xff, 0xff, 0xff, 0xff, 0xff, 0xff, 0xff,
  0xf6, 0x00, 0x0a, 0x53, 0x53, 0x9c, 0x9b, 0xa4, 0xad, 0x5c, 0xa5, 0xa6,
  0xa6, 0xa6, 0xa6, 0xa6, 0xae, 0xaf, 0xaf, 0xae, 0xae, 0xae, 0xaf, 0xaf,
  0xaf, 0xaf, 0xef, 0xaf, 0xaf, 0xef, 0xef, 0xef, 0xef, 0xef, 0xaf, 0xaf,
  0xaf, 0xaf, 0xaf, 0xaf, 0xaf, 0xef, 0xaf, 0xaf, 0xaf, 0xaf, 0xef, 0xaf,
  0xaf, 0xaf, 0xaf, 0xa6, 0xa6, 0xa6, 0xae, 0xa6, 0xa5, 0x65, 0x65, 0x5d,
  0x5d, 0x5d, 0x5d, 0x5c, 0x5c, 0x5c, 0x54, 0x54, 0x5c, 0x5c, 0x54, 0x53,
  0x5a, 0x53, 0x52, 0x0a, 0x0a, 0x0a, 0x0a, 0x0a, 0x4a, 0x4a, 0x0a, 0x0a,
  0x0a, 0x0a, 0x0a, 0x5b, 0x08, 0xff, 0xff, 0xff, 0xff, 0xff, 0xff, 0xff,
  0xff, 0xff, 0xff, 0xff, 0xff, 0xff, 0xff, 0xff, 0xff, 0xff, 0xff, 0xff,
  0xff, 0xff, 0xff, 0xff, 0xff, 0xff, 0xff, 0xff, 0xff, 0xff, 0xff, 0xff,
  0xff, 0xff, 0xff, 0xff, 0xff, 0xff, 0xff, 0xff, 0xff, 0xff, 0xff, 0xff,
  0xff, 0xff, 0xff, 0xff, 0xff, 0xff, 0xff, 0xff, 0xff, 0xff, 0xff, 0xff,
  0xff, 0xff, 0xff, 0xff, 0x00, 0x00, 0xff, 0xff, 0xff, 0xff, 0xff, 0xff,
  0xff, 0xff, 0xff, 0xff, 0xff, 0xff, 0xff, 0xff, 0xff, 0xff, 0xff, 0xff,
  0xff, 0xff, 0xff, 0xff, 0xff, 0xff, 0xff, 0xff, 0xff, 0xff, 0xff, 0xff,
  0xff, 0xff, 0xff, 0xff, 0xff, 0xff, 0xff, 0xff, 0xff, 0x52, 0x0a, 0x13,
  0x5a, 0x53, 0x9c, 0xa3, 0xa5, 0x5c, 0xa5, 0xa6, 0xa6, 0xa6, 0xa6, 0xa6,
  0xa7, 0xa6, 0xaf, 0xae, 0xaf, 0xaf, 0xaf, 0xaf, 0xaf, 0xaf, 0xef, 0xef,
  0xef, 0xef, 0xef, 0xef, 0xef, 0xef, 0xef, 0xef, 0xaf, 0xaf, 0xaf, 0xaf,
  0xaf, 0xef, 0xef, 0xaf, 0xef, 0xef, 0xaf, 0xaf, 0xaf, 0xaf, 0xae, 0xaf,
  0xa6, 0xae, 0xa6, 0xa6, 0x65, 0x65, 0x65, 0x5d, 0x5d, 0x5d, 0x5d, 0x5c,
  0x5c, 0x5c, 0x5c, 0x5c, 0x5c, 0x54, 0x54, 0x53, 0x5a, 0x53, 0x52, 0x52,
  0x52, 0x0a, 0x4a, 0x4a, 0x0a, 0x0a, 0x0a, 0x0a, 0x00, 0x0a, 0x0a, 0x5b,
  0x08, 0xff, 0xff, 0xff, 0xff, 0xff, 0xff, 0xff, 0xff, 0xff, 0xff, 0xff,
  0xff, 0xff, 0xff, 0xff, 0xff, 0xff, 0xff, 0xff, 0xff, 0xff, 0xff, 0xff,
  0xff, 0xff, 0xff, 0xff, 0xff, 0xff, 0xff, 0xff, 0xff, 0xff, 0xff, 0xff,
  0xff, 0xff, 0xff, 0xff, 0xff, 0xff, 0xff, 0xff, 0xff, 0xff, 0xff, 0xff,
  0xff, 0xff, 0xff, 0xff, 0xff, 0xff, 0xff, 0xff, 0xff, 0xff, 0xff, 0xff,
  0x00, 0x00, 0xff, 0xff, 0xff, 0xff, 0xff, 0xff, 0xff, 0xff, 0xff, 0xff,
  0xff, 0xff, 0xff, 0xff, 0xff, 0xff, 0xff, 0xff, 0xff, 0xff, 0xff, 0xff,
  0xff, 0xff, 0xff, 0xff, 0xff, 0xff, 0xff, 0xff, 0xff, 0xff, 0xff, 0xff,
  0xff, 0xff, 0xff, 0xff, 0x08, 0x52, 0x0a, 0x12, 0x5a, 0x13, 0x5c, 0x9c,
  0xa5, 0xa4, 0xa4, 0xa5, 0xa6, 0xa6, 0xa6, 0xa6, 0xa6, 0xa6, 0xae, 0xaf,
  0xae, 0xae, 0xaf, 0xae, 0xaf, 0xaf, 0xef, 0xaf, 0xef, 0xef, 0xef, 0xef,
  0xef, 0xef, 0xef, 0xaf, 0xef, 0xaf, 0xaf, 0xaf, 0xaf, 0xef, 0xef, 0xaf,
  0xaf, 0xaf, 0xaf, 0xaf, 0xaf, 0xa6, 0xa7, 0xa6, 0xa6, 0xa6, 0xa6, 0xa6,
  0xa6, 0x65, 0x65, 0x5d, 0x5d, 0x5d, 0x5d, 0x5c, 0x5c, 0x5c, 0x54, 0x5c,
  0x5c, 0x54, 0x5c, 0x5b, 0x5b, 0x53, 0x52, 0x52, 0x52, 0x52, 0x4a, 0x0a,
  0x4a, 0x0a, 0x0a, 0x0a, 0x0a, 0x0a, 0x52, 0x5b, 0x08, 0xff, 0xff, 0xff,
  0xff, 0xff, 0xff, 0xff, 0xff, 0xff, 0xff, 0xff, 0xff, 0xff, 0xff, 0xff,
  0xff, 0xff, 0xff, 0xff, 0xff, 0xff, 0xff, 0xff, 0xff, 0xff, 0xff, 0xff,
  0xff, 0xff, 0xff, 0xff, 0xff, 0xff, 0xff, 0xff, 0xff, 0xff, 0xff, 0xff,
  0xff, 0xff, 0xff, 0xff, 0xff, 0xff, 0xff, 0xff, 0xff, 0xff, 0xff, 0xff,
  0xff, 0xff, 0xff, 0xff, 0xff, 0xff, 0xff, 0xff, 0x00, 0x00, 0xff, 0xff,
  0xff, 0xff, 0xff, 0xff, 0xff, 0xff, 0xff, 0xff, 0xff, 0xff, 0xff, 0xff,
  0xff, 0xff, 0xff, 0xff, 0xff, 0xff, 0xff, 0xff, 0xff, 0xff, 0xff, 0xff,
  0xff, 0xff, 0xff, 0xff, 0xff, 0xff, 0xff, 0xff, 0xff, 0xff, 0xff, 0xff,
  0x07, 0x4a, 0x0a, 0x0a, 0x5b, 0x52, 0x5b, 0x5b, 0xa5, 0xa4, 0x5c, 0x65,
  0xa6, 0xa6, 0xa6, 0xa6, 0xa6, 0xa6, 0xae, 0xae, 0xaf, 0xaf, 0xaf, 0xaf,
  0xaf, 0xaf, 0xef, 0xaf, 0xaf, 0xef, 0xef, 0xef, 0xef, 0xef, 0xef, 0xef,
  0xaf, 0xaf, 0xaf, 0xaf, 0xaf, 0xaf, 0xaf, 0xaf, 0xaf, 0xaf, 0xaf, 0xaf,
  0xaf, 0xae, 0xa6, 0xa6, 0xae, 0xa6, 0xa6, 0xa6, 0xa6, 0x65, 0x5d, 0x5d,
  0x5d, 0x5d, 0x5c, 0x5c, 0x5c, 0x5c, 0x5c, 0x5c, 0x5c, 0x54, 0x54, 0x5c,
  0x5c, 0x53, 0x53, 0x52, 0x52, 0x4a, 0x0a, 0x52, 0x0a, 0x0a, 0x0a, 0x00,
  0x00, 0x0a, 0x0a, 0x9c, 0xf6, 0xff, 0xff, 0xff, 0xff, 0xff, 0xff, 0xff,
  0xff, 0xff, 0xff, 0xff, 0xff, 0xff, 0xff, 0xff, 0xff, 0xff, 0xff, 0xff,
  0xff, 0xff, 0xff, 0xff, 0xff, 0xff, 0xff, 0xff, 0xff, 0xff, 0xff, 0xff,
  0xff, 0xff, 0xff, 0xff, 0xff, 0xff, 0xff, 0xff, 0xff, 0xff, 0xff, 0xff,
  0xff, 0xff, 0xff, 0xff, 0xff, 0xff, 0xff, 0xff, 0xff, 0xff, 0xff, 0xff,
  0xff, 0xff, 0xff, 0xff, 0x00, 0x00, 0xff, 0xff, 0xff, 0xff, 0xff, 0xff,
  0xff, 0xff, 0xff, 0xff, 0xff, 0xff, 0xff, 0xff, 0xff, 0xff, 0xff, 0xff,
  0xff, 0xff, 0xff, 0xff, 0xff, 0xff, 0xff, 0xff, 0xff, 0xff, 0xff, 0xff,
  0xff, 0xff, 0xff, 0xff, 0xff, 0xff, 0xff, 0xff, 0xed, 0x52, 0x0a, 0x4b,
  0x4a, 0x53, 0x53, 0x63, 0xa5, 0x5c, 0x5c, 0xa6, 0xa6, 0xa6, 0xa6, 0xa6,
  0xa6, 0xaf, 0xa6, 0xa6, 0xaf, 0xaf, 0xaf, 0xaf, 0xaf, 0xaf, 0xaf, 0xaf,
  0xaf, 0xef, 0xef, 0xef, 0xef, 0xef, 0xef, 0xaf, 0xef, 0xaf, 0xaf, 0xaf,
  0xaf, 0xef, 0xef, 0xaf, 0xaf, 0xaf, 0xaf, 0xaf, 0xaf, 0xae, 0xaf, 0xa6,
  0xae, 0xa6, 0xa6, 0xa6, 0x65, 0x5d, 0x5d, 0x5d, 0x5d, 0x5d, 0x5c, 0x5c,
  0x5c, 0x5c, 0x54, 0x54, 0x5c, 0x5c, 0x53, 0x53, 0x5c, 0x53, 0x53, 0x52,
  0x52, 0x0a, 0x0a, 0x0a, 0x0a, 0x0a, 0x00, 0x00, 0x0a, 0x00, 0x0a, 0xa4,
  0xff, 0xff, 0xff, 0xff, 0xff, 0xff, 0xff, 0xff, 0xff, 0xff, 0xff, 0xff,
  0xff, 0xff, 0xff, 0xff, 0xff, 0xff, 0xff, 0xff, 0xff, 0xff, 0xff, 0xff,
  0xff, 0xff, 0xff, 0xff, 0xff, 0xff, 0xff, 0xff, 0xff, 0xff, 0xff, 0xff,
  0xff, 0xff, 0xff, 0xff, 0xff, 0xff, 0xff, 0xff, 0xff, 0xff, 0xff, 0xff,
  0xff, 0xff, 0xff, 0xff, 0xff, 0xff, 0xff, 0xff, 0xff, 0xff, 0xff, 0xff,
  0x00, 0x00, 0xff, 0xff, 0xff, 0xff, 0xff, 0xff, 0xff, 0xff, 0xff, 0xff,
  0xff, 0xff, 0xff, 0xff, 0xff, 0xff, 0xff, 0xff, 0xff, 0xff, 0xff, 0xff,
  0xff, 0xff, 0xff, 0xff, 0xff, 0xff, 0xff, 0xff, 0xff, 0xff, 0xff, 0xff,
  0xff, 0xff, 0xff, 0xff, 0x08, 0x4a, 0x0a, 0x4a, 0x52, 0x52, 0x53, 0xa4,
  0xa5, 0x5c, 0x5c, 0xa5, 0xa6, 0xa6, 0xa6, 0xa6, 0xa6, 0xaf, 0xa6, 0xa6,
  0xaf, 0xaf, 0xaf, 0xaf, 0xaf, 0xaf, 0xaf, 0xef, 0xef, 0xaf, 0xaf, 0xaf,
  0xaf, 0xaf, 0xef, 0xef, 0xaf, 0xaf, 0xaf, 0xaf, 0xaf, 0xef, 0xef, 0xaf,
  0xaf, 0xaf, 0xaf, 0xaf, 0xaf, 0xaf, 0xaf, 0xa6, 0xa6, 0xa6, 0xa6, 0x65,
  0x5d, 0x5d, 0x5d, 0x5d, 0x5d, 0x5d, 0x5d, 0x5c, 0x5c, 0x5c, 0x54, 0x54,
  0x5c, 0x5c, 0x54, 0x53, 0x5c, 0x53, 0x4a, 0x0a, 0x0a, 0x52, 0x0a, 0x0a,
  0x0a, 0x00, 0x00, 0x0a, 0x00, 0x00, 0x0a, 0xa4, 0xff, 0xff, 0xff, 0xff,
  0xff, 0xff, 0xff, 0xff, 0xff, 0xff, 0xff, 0xff, 0xff, 0xff, 0xff, 0xff,
  0xff, 0xff, 0xff, 0xff, 0xff, 0xff, 0xff, 0xff, 0xff, 0xff, 0xff, 0xff,
  0xff, 0xff, 0xff, 0xff, 0xff, 0xff, 0xff, 0xff, 0xff, 0xff, 0xff, 0xff,
  0xff, 0xff, 0xff, 0xff, 0xff, 0xff, 0xff, 0xff, 0xff, 0xff, 0xff, 0xff,
  0xff, 0xff, 0xff, 0xff, 0xff, 0xff, 0xff, 0xff, 0x00, 0x00, 0xff, 0xff,
  0xff, 0xff, 0xff, 0xff, 0xff, 0xff, 0xff, 0xff, 0xff, 0xff, 0xff, 0xff,
  0xff, 0xff, 0xff, 0xff, 0xff, 0xff, 0xff, 0xff, 0xff, 0xff, 0xff, 0xff,
  0xff, 0xff, 0xff, 0xff, 0xff, 0xff, 0xff, 0xff, 0xff, 0xff, 0xff, 0xff,
  0xf6, 0x52, 0x00, 0x0a, 0x52, 0x4a, 0x53, 0x9c, 0xa4, 0x5c, 0x5c, 0xa6,
  0xa6, 0xa6, 0xa6, 0xa6, 0xaf, 0xa6, 0xaf, 0xaf, 0xaf, 0xaf, 0xaf, 0xaf,
  0xaf, 0xaf, 0xef, 0xef, 0xaf, 0xef, 0xef, 0xef, 0xef, 0xaf, 0xaf, 0xef,
  0xef, 0xef, 0xaf, 0xaf, 0xef, 0xef, 0xef, 0xaf, 0xaf, 0xaf, 0xaf, 0xaf,
  0xaf, 0xa7, 0xa7, 0xa6, 0xa6, 0xa6, 0xa6, 0x65, 0x65, 0x5d, 0x5d, 0x5d,
  0x5d, 0x5d, 0x5d, 0x5c, 0x5c, 0x5c, 0x5c, 0x53, 0x53, 0x54, 0x53, 0x53,
  0x5b, 0x53, 0x4a, 0x52, 0x52, 0x4a, 0x0a, 0x0a, 0x0a, 0x00, 0x00, 0x0a,
  0x00, 0x0a, 0x4a, 0xf7, 0xff, 0xff, 0xff, 0xff, 0xff, 0xff, 0xff, 0xff,
  0xff, 0xff, 0xff, 0xff, 0xff, 0xff, 0xff, 0xff, 0xff, 0xff, 0xff, 0xff,
  0xff, 0xff, 0xff, 0xff, 0xff, 0xff, 0xff, 0xff, 0xff, 0xff, 0xff, 0xff,
  0xff, 0xff, 0xff, 0xff, 0xff, 0xff, 0xff, 0xff, 0xff, 0xff, 0xff, 0xff,
  0xff, 0xff, 0xff, 0xff, 0xff, 0xff, 0xff, 0xff, 0xff, 0xff, 0xff, 0xff,
  0xff, 0xff, 0xff, 0xff, 0x00, 0x00, 0xff, 0xff, 0xff, 0xff, 0xff, 0xff,
  0xff, 0xff, 0xff, 0xff, 0xff, 0xff, 0xff, 0xff, 0xff, 0xff, 0xff, 0xff,
  0xff, 0xff, 0xff, 0xff, 0xff, 0xff, 0xff, 0xff, 0xff, 0xff, 0xff, 0xff,
  0xff, 0xff, 0xff, 0xff, 0xff, 0xff, 0xff, 0xff, 0xff, 0xf7, 0x00, 0x0a,
  0x52, 0x53, 0x4a, 0x5b, 0xa4, 0x5b, 0x5c, 0xa5, 0xa6, 0xa6, 0xa6, 0xa6,
  0xae, 0xae, 0xaf, 0xa7, 0xa7, 0xaf, 0xaf, 0xaf, 0xef, 0xef, 0xef, 0xef,
  0xef, 0xef, 0xef, 0xef, 0xef, 0xef, 0xef, 0xef, 0xaf, 0xaf, 0xaf, 0xaf,
  0xef, 0xef, 0xef, 0xaf, 0xaf, 0xaf, 0xaf, 0xaf, 0xaf, 0xae, 0xae, 0xa6,
  0xa6, 0xa6, 0xa6, 0x65, 0x65, 0x5d, 0x5d, 0x5d, 0x5d, 0x5d, 0x5d, 0x5c,
  0x5c, 0x5c, 0x54, 0x53, 0x54, 0x53, 0x53, 0x53, 0x5c, 0x52, 0x52, 0x0a,
  0x0a, 0x0a, 0x0a, 0x12, 0x0a, 0x0a, 0x0a, 0x00, 0x00, 0x00, 0x52, 0x07,
  0xff, 0xff, 0xff, 0xff, 0xff, 0xff, 0xff, 0xff, 0xff, 0xff, 0xff, 0xff,
  0xff, 0xff, 0xff, 0xff, 0xff, 0xff, 0xff, 0xff, 0xff, 0xff, 0xff, 0xff,
  0xff, 0xff, 0xff, 0xff, 0xff, 0xff, 0xff, 0xff, 0xff, 0xff, 0xff, 0xff,
  0xff, 0xff, 0xff, 0xff, 0xff, 0xff, 0xff, 0xff, 0xff, 0xff, 0xff, 0xff,
  0xff, 0xff, 0xff, 0xff, 0xff, 0xff, 0xff, 0xff, 0xff, 0xff, 0xff, 0xff,
  0x00, 0x00, 0xff, 0xff, 0xff, 0xff, 0xff, 0xff, 0xff, 0xff, 0xff, 0xff,
  0xff, 0xff, 0xff, 0xff, 0xff, 0xff, 0xff, 0xff, 0xff, 0xff, 0xff, 0xff,
  0xff, 0xff, 0xff, 0xff, 0xff, 0xff, 0xff, 0xff, 0xff, 0xff, 0xff, 0xff,
  0xff, 0xff, 0xff, 0xff, 0xff, 0x07, 0x00, 0x0a, 0x52, 0x53, 0x0a, 0x12,
  0xa4, 0x5b, 0x53, 0x65, 0xa6, 0xa6, 0xa6, 0xa6, 0xa6, 0xaf, 0xaf, 0xa6,
  0xa6, 0xaf, 0xaf, 0xaf, 0xef, 0xef, 0xef, 0xef, 0xef, 0xef, 0xef, 0xef,
  0xef, 0xef, 0xef, 0xaf, 0xaf, 0xaf, 0xaf, 0xaf, 0xaf, 0xaf, 0xaf, 0xaf,
  0xaf, 0xaf, 0xaf, 0xae, 0xa6, 0xae, 0xa6, 0xa6, 0xa6, 0xa6, 0xa6, 0xa6,
  0x66, 0x5d, 0x5d, 0x5d, 0x5d, 0x5d, 0x5c, 0x5c, 0x5c, 0x5c, 0x54, 0x53,
  0x54, 0x53, 0x53, 0x5b, 0x5a, 0x52, 0x0a, 0x0a, 0x0a, 0x0a, 0x0a, 0x0a,
  0x0a, 0x00, 0x00, 0x0a, 0x00, 0x00, 0x5a, 0x08, 0xff, 0xff, 0xff, 0xff,
  0xff, 0xff, 0xff, 0xff, 0xff, 0xff, 0xff, 0xff, 0xff, 0xff, 0xff, 0xff,
  0xff, 0xff, 0xff, 0xff, 0xff, 0xff, 0xff, 0xff, 0xff, 0xff, 0xff, 0xff,
  0xff, 0xff, 0xff, 0xff, 0xff, 0xff, 0xff, 0xff, 0xff, 0xff, 0xff, 0xff,
  0xff, 0xff, 0xff, 0xff, 0xff, 0xff, 0xff, 0xff, 0xff, 0xff, 0xff, 0xff,
  0xff, 0xff, 0xff, 0xff, 0xff, 0xff, 0xff, 0xff, 0x00, 0x00, 0xff, 0xff,
  0xff, 0xff, 0xff, 0xff, 0xff, 0xff, 0xff, 0xff, 0xff, 0xff, 0xff, 0xff,
  0xff, 0xff, 0xff, 0xff, 0xff, 0xff, 0xff, 0xff, 0xff, 0xff, 0xff, 0xff,
  0xff, 0xff, 0xff, 0xff, 0xff, 0xff, 0xff, 0xff, 0xff, 0xff, 0xff, 0xff,
  0xff, 0xf6, 0x52, 0x0a, 0x0a, 0x53, 0x12, 0x52, 0x5c, 0x9c, 0x53, 0x65,
  0xa6, 0xa6, 0xa6, 0xa6, 0xa6, 0xa7, 0xaf, 0xa6, 0xaf, 0xaf, 0xaf, 0xaf,
  0xef, 0xef, 0xef, 0xef, 0xef, 0xef, 0xef, 0xef, 0xef, 0xef, 0xef, 0xef,
  0xef, 0xef, 0xaf, 0xaf, 0xaf, 0xaf, 0xaf, 0xaf, 0xaf, 0xaf, 0xaf, 0xaf,
  0xaf, 0xae, 0xae, 0xa6, 0xa6, 0xa6, 0xa6, 0xa6, 0xa5, 0x5d, 0x5d, 0x5d,
  0x5c, 0x5c, 0x5c, 0x5c, 0x54, 0x5c, 0x54, 0x53, 0x54, 0x53, 0x53, 0x53,
  0x5b, 0x4a, 0x0a, 0x0a, 0x0a, 0x0a, 0x0a, 0x0a, 0x0a, 0x00, 0x00, 0x0a,
  0x00, 0x00, 0x5c, 0xf6, 0xff, 0xff, 0xff, 0xff, 0xff, 0xff, 0xff, 0xff,
  0xff, 0xff, 0xff, 0xff, 0xff, 0xff, 0xff, 0xff, 0xff, 0xff, 0xff, 0xff,
  0xff, 0xff, 0xff, 0xff, 0xff, 0xff, 0xff, 0xff, 0xff, 0xff, 0xff, 0xff,
  0xff, 0xff, 0xff, 0xff, 0xff, 0xff, 0xff, 0xff, 0xff, 0xff, 0xff, 0xff,
  0xff, 0xff, 0xff, 0xff, 0xff, 0xff, 0xff, 0xff, 0xff, 0xff, 0xff, 0xff,
  0xff, 0xff, 0xff, 0xff, 0x00, 0x00, 0xff, 0xff, 0xff, 0xff, 0xff, 0xff,
  0xff, 0xff, 0xff, 0xff, 0xff, 0xff, 0xff, 0xff, 0xff, 0xff, 0xff, 0xff,
  0xff, 0xff, 0xff, 0xff, 0xff, 0xff, 0xff, 0xff, 0xff, 0xff, 0xff, 0xff,
  0xff, 0xff, 0xff, 0xff, 0xff, 0xff, 0xff, 0xff, 0xff, 0xff, 0xf7, 0x0a,
  0x0a, 0x52, 0x5b, 0x52, 0x9c, 0x5c, 0x53, 0x65, 0xa6, 0xa6, 0xa6, 0xa6,
  0xa6, 0xa6, 0xaf, 0xaf, 0xaf, 0xaf, 0xaf, 0xaf, 0xaf, 0xef, 0xef, 0xaf,
  0xef, 0xef, 0xef, 0xef, 0xef, 0xef, 0xef, 0xef, 0xaf, 0xaf, 0xaf, 0xaf,
  0xaf, 0xaf, 0xaf, 0xaf, 0xaf, 0xaf, 0xaf, 0xaf, 0xaf, 0xae, 0xa6, 0xa6,
  0xa6, 0xa6, 0xa6, 0xa5, 0xa5, 0x65, 0x5d, 0x5d, 0x5c, 0x5c, 0x5c, 0x5c,
  0x5c, 0x5c, 0x54, 0x53, 0x53, 0x53, 0x53, 0x53, 0x53, 0x4a, 0x0a, 0x0a,
  0x0a, 0x0a, 0x0a, 0x00, 0x0a, 0x0a, 0x0a, 0x00, 0x00, 0x49, 0xa5, 0xf6,
  0xff, 0xff, 0xff, 0xff, 0xff, 0xff, 0xff, 0xff, 0xff, 0xff, 0xff, 0xff,
  0xff, 0xff, 0xff, 0xff, 0xff, 0xff, 0xff, 0xff, 0xff, 0xff, 0xff, 0xff,
  0xff, 0xff, 0xff, 0xff, 0xff, 0xff, 0xff, 0xff, 0xff, 0xff, 0xff, 0xff,
  0xff, 0xff, 0xff, 0xff, 0xff, 0xff, 0xff, 0xff, 0xff, 0xff, 0xff, 0xff,
  0xff, 0xff, 0xff, 0xff, 0xff, 0xff, 0xff, 0xff, 0xff, 0xff, 0xff, 0xff,
  0x00, 0x00, 0xff, 0xff, 0xff, 0xff, 0xff, 0xff, 0xff, 0xff, 0xff, 0xff,
  0xff, 0xff, 0xff, 0xff, 0xff, 0xff, 0xff, 0xff, 0xff, 0xff, 0xff, 0xff,
  0xff, 0xff, 0xff, 0xff, 0xff, 0xff, 0xff, 0xff, 0xff, 0xff, 0xff, 0xff,
  0xff, 0xff, 0xff, 0xff, 0xff, 0xff, 0xf6, 0x52, 0x00, 0x52, 0x5b, 0x5b,
  0x9c, 0x5c, 0x53, 0x5c, 0xae, 0xa6, 0xa6, 0xa6, 0xae, 0xaf, 0xaf, 0xa6,
  0xa7, 0xaf, 0xaf, 0xaf, 0xaf, 0xaf, 0xef, 0xaf, 0xef, 0xef, 0xef, 0xef,
  0xef, 0xef, 0xef, 0xef, 0xaf, 0xaf, 0xaf, 0xaf, 0xef, 0xaf, 0xaf, 0xaf,
  0xaf, 0xaf, 0xaf, 0xaf, 0xaf, 0xaf, 0xae, 0xa6, 0xa6, 0xa6, 0x66, 0x65,
  0xa6, 0x65, 0x5d, 0x5d, 0x5d, 0x5d, 0x5c, 0x5c, 0x5c, 0x5c, 0x53, 0x53,
  0x53, 0x53, 0x53, 0x5b, 0x52, 0x0a, 0x52, 0x52, 0x52, 0x0a, 0x0a, 0x0a,
  0x0a, 0x0a, 0x0a, 0x0a, 0x0a, 0x5b, 0xf7, 0xf6, 0xff, 0xff, 0xff, 0xff,
  0xff, 0xff, 0xff, 0xff, 0xff, 0xff, 0xff, 0xff, 0xff, 0xff, 0xff, 0xff,
  0xff, 0xff, 0xff, 0xff, 0xff, 0xff, 0xff, 0xff, 0xff, 0xff, 0xff, 0xff,
  0xff, 0xff, 0xff, 0xff, 0xff, 0xff, 0xff, 0xff, 0xff, 0xff, 0xff, 0xff,
  0xff, 0xff, 0xff, 0xff, 0xff, 0xff, 0xff, 0xff, 0xff, 0xff, 0xff, 0xff,
  0xff, 0xff, 0xff, 0xff, 0xff, 0xff, 0xff, 0xff, 0x00, 0x00, 0xff, 0xff,
  0xff, 0xff, 0xff, 0xff, 0xff, 0xff, 0xff, 0xff, 0xff, 0xff, 0xff, 0xff,
  0xff, 0xff, 0xff, 0xff, 0xff, 0xff, 0xff, 0xff, 0xff, 0xff, 0xff, 0xff,
  0xff, 0xff, 0xff, 0xff, 0xff, 0xff, 0xff, 0xff, 0xff, 0xff, 0xff, 0xff,
  0xff, 0xff, 0xff, 0xf7, 0x49, 0x52, 0x52, 0x52, 0x5b, 0xa5, 0x13, 0x53,
  0xa6, 0xa6, 0xa6, 0xa6, 0xa6, 0xaf, 0xaf, 0xaf, 0xaf, 0xaf, 0xaf, 0xa7,
  0xaf, 0xaf, 0xaf, 0xef, 0xef, 0xef, 0xef, 0xef, 0xef, 0xef, 0xef, 0xef,
  0xb7, 0xaf, 0xaf, 0xaf, 0xaf, 0xaf, 0xaf, 0xaf, 0xaf, 0xaf, 0xaf, 0xaf,
  0xaf, 0xaf, 0xae, 0xa6, 0xa6, 0xa6, 0x66, 0xa6, 0xa6, 0x5d, 0x5d, 0x5d,
  0x5d, 0x5d, 0x5c, 0x5c, 0x5c, 0x5c, 0x54, 0x54, 0x53, 0x0a, 0x54, 0x53,
  0x0a, 0x0a, 0x0a, 0x0a, 0x0a, 0x0a, 0x0a, 0x0a, 0x0a, 0x0a, 0x0a, 0x00,
  0x0a, 0xad, 0xff, 0xff, 0xff, 0xff, 0xff, 0xff, 0xff, 0xff, 0xff, 0xff,
  0xff, 0xff, 0xff, 0xff, 0xff, 0xff, 0xff, 0xff, 0xff, 0xff, 0xff, 0xff,
  0xff, 0xff, 0xff, 0xff, 0xff, 0xff, 0xff, 0xff, 0xff, 0xff, 0xff, 0xff,
  0xff, 0xff, 0xff, 0xff, 0xff, 0xff, 0xff, 0xff, 0xff, 0xff, 0xff, 0xff,
  0xff, 0xff, 0xff, 0xff, 0xff, 0xff, 0xff, 0xff, 0xff, 0xff, 0xff, 0xff,
  0xff, 0xff, 0xff, 0xff, 0x00, 0x00, 0xff, 0xff, 0xff, 0xff, 0xff, 0xff,
  0xff, 0xff, 0xff, 0xff, 0xff, 0xff, 0xff, 0xff, 0xff, 0xff, 0xff, 0xff,
  0xff, 0xff, 0xff, 0xff, 0xff, 0xff, 0xff, 0xff, 0xff, 0xff, 0xff, 0xff,
  0xff, 0xff, 0xff, 0xff, 0xff, 0xff, 0xff, 0xff, 0xff, 0xff, 0xff, 0x07,
  0x00, 0x52, 0x52, 0x52, 0x9c, 0x5c, 0x53, 0x0b, 0x65, 0xa6, 0xa6, 0xa6,
  0xa6, 0xa6, 0xa7, 0xa6, 0xaf, 0xaf, 0xaf, 0xaf, 0xaf, 0xaf, 0xaf, 0xaf,
  0xaf, 0xef, 0xef, 0xef, 0xef, 0xef, 0xef, 0xef, 0xef, 0xaf, 0xaf, 0xaf,
  0xaf, 0xaf, 0xaf, 0xaf, 0xaf, 0xaf, 0xaf, 0xaf, 0xaf, 0xaf, 0xae, 0xa6,
  0xa6, 0x66, 0x66, 0xa6, 0x66, 0x65, 0x5d, 0x5c, 0x5c, 0x5c, 0x5c, 0x5c,
  0x5c, 0x5c, 0x53, 0x5c, 0x53, 0x0a, 0x53, 0x0a, 0x0a, 0x0a, 0x0a, 0x52,
  0x52, 0x0a, 0x0a, 0x0a, 0x0a, 0x0a, 0x0a, 0x0a, 0xa4, 0xff, 0xff, 0xff,
  0xff, 0xff, 0xff, 0xff, 0xff, 0xff, 0xff, 0xff, 0xff, 0xff, 0xff, 0xff,
  0xff, 0xff, 0xff, 0xff, 0xff, 0xff, 0xff, 0xff, 0xff, 0xff, 0xff, 0xff,
  0xff, 0xff, 0xff, 0xff, 0xff, 0xff, 0xff, 0xff, 0xff, 0xff, 0xff, 0xff,
  0xff, 0xff, 0xff, 0xff, 0xff, 0xff, 0xff, 0xff, 0xff, 0xff, 0xff, 0xff,
  0xff, 0xff, 0xff, 0xff, 0xff, 0xff, 0xff, 0xff, 0xff, 0xff, 0xff, 0xff,
  0x00, 0x00, 0xff, 0xff, 0xff, 0xff, 0xff, 0xff, 0xff, 0xff, 0xff, 0xff,
  0xff, 0xff, 0xff, 0xff, 0xff, 0xff, 0xff, 0xff, 0xff, 0xff, 0xff, 0xff,
  0xff, 0xff, 0xff, 0xff, 0xff, 0xff, 0xff, 0xff, 0xff, 0xff, 0xff, 0xff,
  0xff, 0xff, 0xff, 0xff, 0xff, 0xff, 0xff, 0x08, 0x0a, 0x13, 0x52, 0x53,
  0x53, 0x5b, 0x53, 0x0a, 0x5c, 0x65, 0xa6, 0xa6, 0xa6, 0xa6, 0xaf, 0xa6,
  0xaf, 0xaf, 0xaf, 0xaf, 0xaf, 0xaf, 0xaf, 0xaf, 0xaf, 0xaf, 0xaf, 0xaf,
  0xaf, 0xaf, 0xaf, 0xef, 0xef, 0xef, 0xaf, 0xaf, 0xaf, 0xaf, 0xaf, 0xaf,
  0xaf, 0xaf, 0xaf, 0xaf, 0xaf, 0xaf, 0xa6, 0xa6, 0x66, 0x66, 0xa6, 0xa6,
  0x65, 0x5d, 0x5d, 0x5d, 0x5d, 0x5d, 0x5c, 0x5c, 0x5c, 0x5c, 0x54, 0x53,
  0x53, 0x0a, 0x53, 0x4a, 0x0a, 0x0a, 0x52, 0x0a, 0x0a, 0x0a, 0x52, 0x52,
  0x0a, 0x0a, 0x0a, 0x5b, 0x08, 0xff, 0xff, 0xff, 0xff, 0xff, 0xff, 0xff,
  0xff, 0xff, 0xff, 0xff, 0xff, 0xff, 0xff, 0xff, 0xff, 0xff, 0xff, 0xff,
  0xff, 0xff, 0xff, 0xff, 0xff, 0xff, 0xff, 0xff, 0xff, 0xff, 0xff, 0xff,
  0xff, 0xff, 0xff, 0xff, 0xff, 0xff, 0xff, 0xff, 0xff, 0xff, 0xff, 0xff,
  0xff, 0xff, 0xff, 0xff, 0xff, 0xff, 0xff, 0xff, 0xff, 0xff, 0xff, 0xff,
  0xff, 0xff, 0xff, 0xff, 0xff, 0xff, 0xff, 0xff, 0x00, 0x00, 0xff, 0xff,
  0xff, 0xff, 0xff, 0xff, 0xff, 0xff, 0xff, 0xff, 0xff, 0xff, 0xff, 0xff,
  0xff, 0xff, 0xff, 0xff, 0xff, 0xff, 0xff, 0xff, 0xff, 0xff, 0xff, 0xff,
  0xff, 0xff, 0xff, 0xff, 0xff, 0xff, 0xff, 0xff, 0xff, 0xff, 0xff, 0xff,
  0xff, 0xff, 0xff, 0xff, 0x64, 0x0a, 0x5c, 0x53, 0x9c, 0x4a, 0x53, 0x0a,
  0x13, 0x5d, 0xa5, 0xa5, 0xa6, 0xaf, 0xa6, 0xaf, 0xaf, 0xaf, 0xaf, 0xaf,
  0xaf, 0xaf, 0xaf, 0xaf, 0xaf, 0xaf, 0xaf, 0xb7, 0xaf, 0xaf, 0xaf, 0xaf,
  0xaf, 0xaf, 0xaf, 0xa6, 0xaf, 0xaf, 0xaf, 0xaf, 0xa6, 0xa6, 0xaf, 0xaf,
  0xaf, 0xaf, 0xa6, 0xa6, 0xa6, 0xa6, 0xa6, 0xa6, 0x65, 0x5d, 0x5d, 0x5d,
  0x5c, 0x5c, 0x5c, 0x5c, 0x5c, 0x54, 0x54, 0x53, 0x0a, 0x53, 0x52, 0x4a,
  0x52, 0x0a, 0x0a, 0x0a, 0x0a, 0x0a, 0x52, 0x52, 0x0a, 0x0a, 0x4a, 0x07,
  0xff, 0xff, 0xff, 0xff, 0xff, 0xff, 0xff, 0xff, 0xff, 0xff, 0xff, 0xff,
  0xff, 0xff, 0xff, 0xff, 0xff, 0xff, 0xff, 0xff, 0xff, 0xff, 0xff, 0xff,
  0xff, 0xff, 0xff, 0xff, 0xff, 0xff, 0xff, 0xff, 0xff, 0xff, 0xff, 0xff,
  0xff, 0xff, 0xff, 0xff, 0xff, 0xff, 0xff, 0xff, 0xff, 0xff, 0xff, 0xff,
  0xff, 0xff, 0xff, 0xff, 0xff, 0xff, 0xff, 0xff, 0xff, 0xff, 0xff, 0xff,
  0xff, 0xff, 0xff, 0xff, 0x00, 0x00, 0xff, 0xff, 0xff, 0xff, 0xff, 0xff,
  0xff, 0xff, 0xff, 0xff, 0xff, 0xff, 0xff, 0xff, 0xff, 0xff, 0xff, 0xff,
  0xff, 0xff, 0xff, 0xff, 0xff, 0xff, 0xff, 0xff, 0xff, 0xff, 0xff, 0xff,
  0xff, 0xff, 0xff, 0xff, 0xff, 0xff, 0xff, 0xff, 0xff, 0xff, 0xff, 0xff,
  0xf7, 0x0a, 0x52, 0x64, 0x5b, 0x9c, 0x53, 0x52, 0x53, 0x5c, 0x65, 0x65,
  0xa6, 0xa6, 0xa6, 0xaf, 0xae, 0xae, 0xaf, 0xaf, 0xaf, 0xaf, 0xaf, 0xaf,
  0xaf, 0xaf, 0xaf, 0xaf, 0xaf, 0xaf, 0xef, 0xef, 0xaf, 0xaf, 0xaf, 0xaf,
  0xaf, 0xaf, 0xaf, 0xaf, 0xaf, 0xaf, 0xaf, 0xa6, 0xa6, 0xa6, 0xa6, 0xa6,
  0xa6, 0xa6, 0x66, 0x5d, 0x5d, 0x65, 0x5d, 0x5d, 0x5d, 0x5d, 0x5c, 0x5c,
  0x54, 0x5c, 0x53, 0x53, 0x0a, 0x53, 0x52, 0x52, 0x52, 0x0a, 0x12, 0x52,
  0x52, 0x0a, 0x0a, 0x0a, 0x0a, 0x53, 0x07, 0xff, 0xff, 0xff, 0xff, 0xff,
  0xff, 0xff, 0xff, 0xff, 0xff, 0xff, 0xff, 0xff, 0xff, 0xff, 0xff, 0xff,
  0xff, 0xff, 0xff, 0xff, 0xff, 0xff, 0xff, 0xff, 0xff, 0xff, 0xff, 0xff,
  0xff, 0xff, 0xff, 0xff, 0xff, 0xff, 0xff, 0xff, 0xff, 0xff, 0xff, 0xff,
  0xff, 0xff, 0xff, 0xff, 0xff, 0xff, 0xff, 0xff, 0xff, 0xff, 0xff, 0xff,
  0xff, 0xff, 0xff, 0xff, 0xff, 0xff, 0xff, 0xff, 0xff, 0xff, 0xff, 0xff,
  0x00, 0x00, 0xff, 0xff, 0xff, 0xff, 0xff, 0xff, 0xff, 0xff, 0xff, 0xff,
  0xff, 0xff, 0xff, 0xff, 0xff, 0xff, 0xff, 0xff, 0xff, 0xff, 0xff, 0xff,
  0xff, 0xff, 0xff, 0xff, 0xff, 0xff, 0xff, 0xff, 0xff, 0xff, 0xff, 0xff,
  0xff, 0xff, 0xff, 0xff, 0xff, 0xff, 0xff, 0xff, 0xf6, 0x52, 0x00, 0x93,
  0x64, 0x5b, 0x5c, 0x5b, 0x53, 0x53, 0x5c, 0x5c, 0x9d, 0x65, 0xa5, 0xa6,
  0xa6, 0xaf, 0xaf, 0xaf, 0xaf, 0xaf, 0xaf, 0xaf, 0xaf, 0xaf, 0xaf, 0xaf,
  0xaf, 0xef, 0xb7, 0xaf, 0xaf, 0xaf, 0xaf, 0xaf, 0xaf, 0xaf, 0xaf, 0xaf,
  0xaf, 0xaf, 0xaf, 0xa6, 0xaf, 0xa6, 0xa6, 0xa6, 0x66, 0x66, 0x66, 0x5d,
  0x65, 0x65, 0x5d, 0x5d, 0x5d, 0x5d, 0x5c, 0x5c, 0x5c, 0x5c, 0x53, 0x53,
  0x52, 0x53, 0x53, 0x4a, 0x12, 0x4a, 0x49, 0x0a, 0x0a, 0x0a, 0x0a, 0x0a,
  0x5b, 0x08, 0xff, 0xff, 0xff, 0xff, 0xff, 0xff, 0xff, 0xff, 0xff, 0xff,
  0xff, 0xff, 0xff, 0xff, 0xff, 0xff, 0xff, 0xff, 0xff, 0xff, 0xff, 0xff,
  0xff, 0xff, 0xff, 0xff, 0xff, 0xff, 0xff, 0xff, 0xff, 0xff, 0xff, 0xff,
  0xff, 0xff, 0xff, 0xff, 0xff, 0xff, 0xff, 0xff, 0xff, 0xff, 0xff, 0xff,
  0xff, 0xff, 0xff, 0xff, 0xff, 0xff, 0xff, 0xff, 0xff, 0xff, 0xff, 0xff,
  0xff, 0xff, 0xff, 0xff, 0xff, 0xff, 0xff, 0xff, 0x00, 0x00, 0xff, 0xff,
  0xff, 0xff, 0xff, 0xff, 0xff, 0xff, 0xff, 0xff, 0xff, 0xff, 0xff, 0xff,
  0xff, 0xff, 0xff, 0xff, 0xff, 0xff, 0xff, 0xff, 0xff, 0xff, 0xff, 0xff,
  0xff, 0xff, 0xff, 0xff, 0xff, 0xff, 0xff, 0xff, 0xff, 0xff, 0xff, 0xff,
  0xff, 0xff, 0xff, 0xff, 0xff, 0xa4, 0x00, 0x4a, 0xa3, 0x9c, 0x5b, 0x64,
  0x5b, 0x53, 0x5c, 0x5c, 0x5c, 0xa4, 0x5d, 0x65, 0xa5, 0xa6, 0xa6, 0xa6,
  0xaf, 0xaf, 0xaf, 0xaf, 0xaf, 0xaf, 0xaf, 0xaf, 0xaf, 0xb7, 0xaf, 0xaf,
  0xaf, 0xaf, 0xaf, 0xaf, 0xaf, 0xaf, 0xaf, 0xaf, 0xaf, 0xaf, 0xae, 0xa6,
  0xa6, 0xa6, 0xa6, 0xa6, 0xa6, 0x65, 0x65, 0x65, 0x65, 0x5d, 0x5d, 0x5c,
  0x5d, 0x5d, 0x5c, 0x5c, 0x5c, 0x54, 0x0a, 0x0a, 0x53, 0x53, 0x0a, 0x0a,
  0x12, 0x52, 0x00, 0x52, 0x52, 0x0a, 0x0a, 0x52, 0xf5, 0xff, 0xff, 0xff,
  0xff, 0xff, 0xff, 0xff, 0xff, 0xff, 0xff, 0xff, 0xff, 0xff, 0xff, 0xff,
  0xff, 0xff, 0xff, 0xff, 0xff, 0xff, 0xff, 0xff, 0xff, 0xff, 0xff, 0xff,
  0xff, 0xff, 0xff, 0xff, 0xff, 0xff, 0xff, 0xff, 0xff, 0xff, 0xff, 0xff,
  0xff, 0xff, 0xff, 0xff, 0xff, 0xff, 0xff, 0xff, 0xff, 0xff, 0xff, 0xff,
  0xff, 0xff, 0xff, 0xff, 0xff, 0xff, 0xff, 0xff, 0xff, 0xff, 0xff, 0xff,
  0xff, 0xff, 0xff, 0xff, 0x00, 0x00, 0xff, 0xff, 0xff, 0xff, 0xff, 0xff,
  0xff, 0xff, 0xff, 0xff, 0xff, 0xff, 0xff, 0xff, 0xff, 0xff, 0xff, 0xff,
  0xff, 0xff, 0xff, 0xff, 0xff, 0xff, 0xff, 0xff, 0xff, 0xff, 0xff, 0xff,
  0xff, 0xff, 0xff, 0xff, 0xff, 0xff, 0xff, 0xff, 0xff, 0xff, 0xff, 0xff,
  0xff, 0x08, 0x49, 0x42, 0x4a, 0x9c, 0x9b, 0x53, 0x5c, 0x5c, 0x5c, 0x5c,
  0x5c, 0x54, 0x5c, 0x5c, 0x5d, 0xa6, 0xa6, 0x65, 0xa5, 0xaf, 0xaf, 0xaf,
  0xae, 0xaf, 0xaf, 0xaf, 0xaf, 0xaf, 0xaf, 0xaf, 0xaf, 0xaf, 0xaf, 0xaf,
  0xa6, 0xaf, 0xaf, 0xae, 0xa6, 0xa6, 0xa6, 0xa6, 0xa6, 0xa6, 0xa6, 0xa6,
  0x66, 0x65, 0x65, 0x65, 0x65, 0x5d, 0x5d, 0x5d, 0x5c, 0x5c, 0x5c, 0x5c,
  0x54, 0x53, 0x0a, 0x53, 0x53, 0x0a, 0x52, 0x0a, 0x12, 0x0a, 0x0a, 0x0a,
  0x0a, 0x4a, 0x52, 0xa4, 0xff, 0xff, 0xff, 0xff, 0xff, 0xff, 0xff, 0xff,
  0xff, 0xff, 0xff, 0xff, 0xff, 0xff, 0xff, 0xff, 0xff, 0xff, 0xff, 0xff,
  0xff, 0xff, 0xff, 0xff, 0xff, 0xff, 0xff, 0xff, 0xff, 0xff, 0xff, 0xff,
  0xff, 0xff, 0xff, 0xff, 0xff, 0xff, 0xff, 0xff, 0xff, 0xff, 0xff, 0xff,
  0xff, 0xff, 0xff, 0xff, 0xff, 0xff, 0xff, 0xff, 0xff, 0xff, 0xff, 0xff,
  0xff, 0xff, 0xff, 0xff, 0xff, 0xff, 0xff, 0xff, 0xff, 0xff, 0xff, 0xff,
  0x00, 0x00, 0xff, 0xff, 0xff, 0xff, 0xff, 0xff, 0xff, 0xff, 0xff, 0xff,
  0xff, 0xff, 0xff, 0xff, 0xff, 0xff, 0xff, 0xff, 0xff, 0xff, 0xff, 0xff,
  0xff, 0xff, 0xff, 0xff, 0xff, 0xff, 0xff, 0xff, 0xff, 0xff, 0xff, 0xff,
  0xff, 0xff, 0xff, 0xff, 0xff, 0xff, 0xff, 0xff, 0xff, 0xff, 0xa4, 0x52,
  0x53, 0x53, 0x92, 0x9b, 0xa4, 0x5c, 0x5c, 0x5c, 0x54, 0x53, 0x5c, 0x5c,
  0x5c, 0xa4, 0x5d, 0xa5, 0x65, 0xa5, 0xa6, 0xae, 0xa5, 0xae, 0xae, 0xae,
  0xae, 0xae, 0xae, 0xae, 0xa6, 0xa5, 0xa5, 0xa6, 0xa6, 0xa6, 0xa6, 0xa6,
  0xa5, 0xa5, 0xa6, 0xa6, 0x66, 0xa6, 0x65, 0x5d, 0x65, 0xa5, 0x65, 0x65,
  0x5d, 0x5d, 0x5c, 0x5c, 0x5c, 0x5c, 0x5c, 0x5c, 0x5b, 0x0a, 0x53, 0x5c,
  0x53, 0x0b, 0x4a, 0x12, 0x52, 0x4a, 0x4a, 0x52, 0x52, 0x52, 0xf5, 0xff,
  0xff, 0xff, 0xff, 0xff, 0xff, 0xff, 0xff, 0xff, 0xff, 0xff, 0xff, 0xff,
  0xff, 0xff, 0xff, 0xff, 0xff, 0xff, 0xff, 0xff, 0xff, 0xff, 0xff, 0xff,
  0xff, 0xff, 0xff, 0xff, 0xff, 0xff, 0xff, 0xff, 0xff, 0xff, 0xff, 0xff,
  0xff, 0xff, 0xff, 0xff, 0xff, 0xff, 0xff, 0xff, 0xff, 0xff, 0xff, 0xff,
  0xff, 0xff, 0xff, 0xff, 0xff, 0xff, 0xff, 0xff, 0xff, 0xff, 0xff, 0xff,
  0xff, 0xff, 0xff, 0xff, 0xff, 0xff, 0xff, 0xff, 0x00, 0x00, 0xff, 0xff,
  0xff, 0xff, 0xff, 0xff, 0xff, 0xff, 0xff, 0xff, 0xff, 0xff, 0xff, 0xff,
  0xff, 0xff, 0xff, 0xff, 0xff, 0xff, 0xff, 0xff, 0xff, 0xff, 0xff, 0xff,
  0xff, 0xff, 0xff, 0xff, 0xff, 0xff, 0xff, 0xff, 0xff, 0xff, 0xff, 0xff,
  0xff, 0xff, 0xff, 0xff, 0xff, 0xff, 0x08, 0x40, 0x52, 0x5b, 0x5b, 0x5b,
  0x9b, 0x5b, 0x5b, 0x5b, 0x5c, 0x5b, 0x5c, 0x5b, 0x5c, 0x5c, 0xa5, 0xad,
  0xad, 0xa5, 0xa5, 0xa5, 0xa5, 0xa5, 0xa5, 0xa5, 0xa6, 0xa5, 0xa5, 0xa6,
  0xa5, 0x65, 0x5d, 0x5c, 0x5d, 0x5d, 0x5d, 0x5d, 0x5d, 0x5d, 0x5d, 0x65,
  0x65, 0x65, 0x65, 0x65, 0x5d, 0x5d, 0x5d, 0x5d, 0x5d, 0x5d, 0x5c, 0x5c,
  0x5c, 0x5c, 0x5c, 0x53, 0x53, 0x0a, 0x5c, 0x5b, 0x4a, 0x52, 0x4a, 0x52,
  0x0a, 0x52, 0x52, 0x0a, 0x0a, 0x64, 0xff, 0xff, 0xff, 0xff, 0xff, 0xff,
  0xff, 0xff, 0xff, 0xff, 0xff, 0xff, 0xff, 0xff, 0xff, 0xff, 0xff, 0xff,
  0xff, 0xff, 0xff, 0xff, 0xff, 0xff, 0xff, 0xff, 0xff, 0xff, 0xff, 0xff,
  0xff, 0xff, 0xff, 0xff, 0xff, 0xff, 0xff, 0xff, 0xff, 0xff, 0xff, 0xff,
  0xff, 0xff, 0xff, 0xff, 0xff, 0xff, 0xff, 0xff, 0xff, 0xff, 0xff, 0xff,
  0xff, 0xff, 0xff, 0xff, 0xff, 0xff, 0xff, 0xff, 0xff, 0xff, 0xff, 0xff,
  0xff, 0xff, 0xff, 0xff, 0x00, 0x00, 0xff, 0xff, 0xff, 0xff, 0xff, 0xff,
  0xff, 0xff, 0xff, 0xff, 0xff, 0xff, 0xff, 0xff, 0xff, 0xff, 0xff, 0xff,
  0xff, 0xff, 0xff, 0xff, 0xff, 0xff, 0xff, 0xff, 0xff, 0xff, 0xff, 0xff,
  0xff, 0xff, 0xff, 0xff, 0xff, 0xff, 0xff, 0xff, 0xff, 0xff, 0xff, 0xff,
  0xff, 0xff, 0xff, 0x52, 0x40, 0x53, 0x5b, 0x52, 0x52, 0x5b, 0x5b, 0x5b,
  0x5b, 0x5c, 0x5b, 0x5c, 0x5c, 0x5b, 0x5c, 0x5c, 0xa4, 0x5b, 0xa5, 0xa5,
  0x5c, 0xa5, 0xa5, 0xa5, 0xa5, 0xa5, 0x5c, 0x5c, 0x5c, 0x9c, 0xa5, 0x9c,
  0x5c, 0x5c, 0x5c, 0x5d, 0x5c, 0x5c, 0x5c, 0x5c, 0x5d, 0x5d, 0x65, 0x5d,
  0x5d, 0x65, 0x5c, 0x5d, 0x5c, 0x5c, 0x5c, 0x5c, 0x5c, 0x5c, 0x53, 0x52,
  0x0a, 0x53, 0x5b, 0x52, 0x4a, 0x13, 0x4a, 0x0a, 0x4a, 0x52, 0x4a, 0x51,
  0x51, 0x9b, 0xff, 0xff, 0xff, 0xff, 0xff, 0xff, 0xff, 0xff, 0xff, 0xff,
  0xff, 0xff, 0xff, 0xff, 0xff, 0xff, 0xff, 0xff, 0xff, 0xff, 0xff, 0xff,
  0xff, 0xff, 0xff, 0xff, 0xff, 0xff, 0xff, 0xff, 0xff, 0xff, 0xff, 0xff,
  0xff, 0xff, 0xff, 0xff, 0xff, 0xff, 0xff, 0xff, 0xff, 0xff, 0xff, 0xff,
  0xff, 0xff, 0xff, 0xff, 0xff, 0xff, 0xff, 0xff, 0xff, 0xff, 0xff, 0xff,
  0xff, 0xff, 0xff, 0xff, 0xff, 0xff, 0xff, 0xff, 0xff, 0xff, 0xff, 0xff,
  0x00, 0x00, 0xff, 0xff, 0xff, 0xff, 0xff, 0xff, 0xff, 0xff, 0xff, 0xff,
  0xff, 0xff, 0xff, 0xff, 0xff, 0xff, 0xff, 0xff, 0xff, 0xff, 0xff, 0xff,
  0xff, 0xff, 0xff, 0xff, 0xff, 0xff, 0xff, 0xff, 0xff, 0xff, 0xff, 0xff,
  0xff, 0xff, 0xff, 0xff, 0xff, 0xff, 0xff, 0xff, 0xff, 0xff, 0xff, 0x07,
  0x40, 0x52, 0x5b, 0x4a, 0x53, 0x5b, 0x53, 0x53, 0x53, 0x5c, 0x54, 0x5c,
  0x5c, 0x5c, 0x53, 0x5b, 0x5c, 0x5b, 0x5b, 0x5c, 0xa5, 0x5c, 0x5c, 0xa4,
  0xa4, 0xa5, 0xa5, 0xad, 0xae, 0xad, 0xa5, 0xa5, 0xa5, 0x5c, 0x5c, 0x5c,
  0x53, 0x53, 0x53, 0x5c, 0x5c, 0x5c, 0x5c, 0x5c, 0x5c, 0x5c, 0x5c, 0x5c,
  0x5c, 0x5c, 0x53, 0x53, 0x53, 0x53, 0x52, 0x0a, 0x0b, 0x5a, 0x53, 0x52,
  0x52, 0x52, 0x4a, 0x52, 0x4a, 0x4a, 0x52, 0x52, 0x52, 0xad, 0xff, 0xff,
  0xff, 0xff, 0xff, 0xff, 0xff, 0xff, 0xff, 0xff, 0xff, 0xff, 0xff, 0xff,
  0xff, 0xff, 0xff, 0xff, 0xff, 0xff, 0xff, 0xff, 0xff, 0xff, 0xff, 0xff,
  0xff, 0xff, 0xff, 0xff, 0xff, 0xff, 0xff, 0xff, 0xff, 0xff, 0xff, 0xff,
  0xff, 0xff, 0xff, 0xff, 0xff, 0xff, 0xff, 0xff, 0xff, 0xff, 0xff, 0xff,
  0xff, 0xff, 0xff, 0xff, 0xff, 0xff, 0xff, 0xff, 0xff, 0xff, 0xff, 0xff,
  0xff, 0xff, 0xff, 0xff, 0xff, 0xff, 0xff, 0xff, 0x00, 0x00, 0xff, 0xff,
  0xff, 0xff, 0xff, 0xff, 0xff, 0xff, 0xff, 0xff, 0xff, 0xff, 0xff, 0xff,
  0xff, 0xff, 0xff, 0xff, 0xff, 0xff, 0xff, 0xff, 0xff, 0xff, 0xff, 0xff,
  0xff, 0xff, 0xff, 0xff, 0xff, 0xff, 0xff, 0xff, 0xff, 0xff, 0xff, 0xff,
  0xff, 0xff, 0xff, 0xff, 0xff, 0xff, 0xff, 0xf6, 0x5b, 0x4a, 0x52, 0x53,
  0x53, 0x52, 0x52, 0x52, 0x53, 0x5b, 0x5c, 0xa4, 0x9b, 0x5c, 0x5c, 0x54,
  0x5b, 0x5c, 0x5b, 0xa5, 0xa5, 0xa5, 0xa5, 0xa5, 0xa5, 0xa5, 0xa4, 0xa4,
  0xa4, 0xa5, 0xa4, 0xa4, 0xa4, 0xa4, 0x5c, 0x5c, 0x64, 0x64, 0x5b, 0x5b,
  0x5c, 0x5c, 0x54, 0x5c, 0x5c, 0x53, 0x53, 0x53, 0x54, 0x53, 0x53, 0x53,
  0x52, 0x52, 0x4a, 0x0a, 0x4a, 0x52, 0x52, 0x4a, 0x13, 0x12, 0x52, 0x52,
  0x52, 0x52, 0x52, 0xa4, 0xa4, 0x08, 0xff, 0xff, 0xff, 0xff, 0xff, 0xff,
  0xff, 0xff, 0xff, 0xff, 0xff, 0xff, 0xff, 0xff, 0xff, 0xff, 0xff, 0xff,
  0xff, 0xff, 0xff, 0xff, 0xff, 0xff, 0xff, 0xff, 0xff, 0xff, 0xff, 0xff,
  0xff, 0xff, 0xff, 0xff, 0xff, 0xff, 0xff, 0xff, 0xff, 0xff, 0xff, 0xff,
  0xff, 0xff, 0xff, 0xff, 0xff, 0xff, 0xff, 0xff, 0xff, 0xff, 0xff, 0xff,
  0xff, 0xff, 0xff, 0xff, 0xff, 0xff, 0xff, 0xff, 0xff, 0xff, 0xff, 0xff,
  0xff, 0xff, 0xff, 0xff, 0x00, 0x00, 0xff, 0xff, 0xff, 0xff, 0xff, 0xff,
  0xff, 0xff, 0xff, 0xff, 0xff, 0xff, 0xff, 0xff, 0xff, 0xff, 0xff, 0xff,
  0xff, 0xff, 0xff, 0xff, 0xff, 0xff, 0xff, 0xff, 0xff, 0xff, 0xff, 0xff,
  0xff, 0xff, 0xff, 0xff, 0xff, 0xff, 0xff, 0xff, 0xff, 0xff, 0xff, 0xff,
  0xff, 0xff, 0xff, 0xff, 0x08, 0x5b, 0x52, 0x53, 0x5b, 0x53, 0x53, 0x53,
  0x5b, 0x53, 0x5b, 0x9c, 0xa4, 0x5c, 0x5c, 0xa4, 0xa4, 0xa4, 0xa4, 0x64,
  0xa4, 0x9c, 0x9c, 0xa5, 0xa4, 0xa4, 0xa4, 0xa4, 0xa4, 0xa4, 0x9c, 0x5b,
  0x5c, 0xa4, 0xa4, 0xa4, 0x9c, 0x9c, 0x5c, 0x5c, 0x5b, 0x53, 0x53, 0x53,
  0x54, 0x53, 0x53, 0x53, 0x0a, 0x13, 0x13, 0x52, 0x0a, 0x0a, 0x0a, 0x4a,
  0x4a, 0x52, 0x52, 0x53, 0x52, 0x0a, 0x52, 0x53, 0x4a, 0x52, 0xa4, 0x08,
  0x08, 0xff, 0xff, 0xff, 0xff, 0xff, 0xff, 0xff, 0xff, 0xff, 0xff, 0xff,
  0xff, 0xff, 0xff, 0xff, 0xff, 0xff, 0xff, 0xff, 0xff, 0xff, 0xff, 0xff,
  0xff, 0xff, 0xff, 0xff, 0xff, 0xff, 0xff, 0xff, 0xff, 0xff, 0xff, 0xff,
  0xff, 0xff, 0xff, 0xff, 0xff, 0xff, 0xff, 0xff, 0xff, 0xff, 0xff, 0xff,
  0xff, 0xff, 0xff, 0xff, 0xff, 0xff, 0xff, 0xff, 0xff, 0xff, 0xff, 0xff,
  0xff, 0xff, 0xff, 0xff, 0xff, 0xff, 0xff, 0xff, 0xff, 0xff, 0xff, 0xff,
  0x00, 0x00, 0xff, 0xff, 0xff, 0xff, 0xff, 0xff, 0xff, 0xff, 0xff, 0xff,
  0xff, 0xff, 0xff, 0xff, 0xff, 0xff, 0xff, 0xff, 0xff, 0xff, 0xff, 0xff,
  0xff, 0xff, 0xff, 0xff, 0xff, 0xff, 0xff, 0xff, 0xff, 0xff, 0xff, 0xff,
  0xff, 0xff, 0xff, 0xff, 0xff, 0xff, 0xff, 0xff, 0xff, 0xff, 0xff, 0xff,
  0xff, 0x07, 0xa4, 0x52, 0x53, 0x5b, 0x5b, 0x5b, 0x53, 0x53, 0x53, 0x5b,
  0x5b, 0x9b, 0x9c, 0x5b, 0x5b, 0x9b, 0x5b, 0x9c, 0x5b, 0x9c, 0x9c, 0xa4,
  0xa4, 0xa4, 0x5b, 0x5b, 0xa4, 0xa4, 0xa4, 0xa4, 0xa4, 0xa4, 0xa4, 0xa4,
  0x9b, 0x9b, 0x5b, 0x5b, 0x5b, 0x53, 0x53, 0x53, 0x53, 0x52, 0x0a, 0x0a,
  0x0a, 0x0a, 0x0a, 0x0a, 0x00, 0x00, 0x00, 0x0a, 0x52, 0x52, 0x52, 0x5a,
  0x52, 0x52, 0x52, 0x52, 0x4a, 0x9b, 0x07, 0xf6, 0xf6, 0xff, 0xff, 0xff,
  0xff, 0xff, 0xff, 0xff, 0xff, 0xff, 0xff, 0xff, 0xff, 0xff, 0xff, 0xff,
  0xff, 0xff, 0xff, 0xff, 0xff, 0xff, 0xff, 0xff, 0xff, 0xff, 0xff, 0xff,
  0xff, 0xff, 0xff, 0xff, 0xff, 0xff, 0xff, 0xff, 0xff, 0xff, 0xff, 0xff,
  0xff, 0xff, 0xff, 0xff, 0xff, 0xff, 0xff, 0xff, 0xff, 0xff, 0xff, 0xff,
  0xff, 0xff, 0xff, 0xff, 0xff, 0xff, 0xff, 0xff, 0xff, 0xff, 0xff, 0xff,
  0xff, 0xff, 0xff, 0xff, 0xff, 0xff, 0xff, 0xff, 0x00, 0x00, 0xff, 0xff,
  0xff, 0xff, 0xff, 0xff, 0xff, 0xff, 0xff, 0xff, 0xff, 0xff, 0xff, 0xff,
  0xff, 0xff, 0xff, 0xff, 0xff, 0xff, 0xff, 0xff, 0xff, 0xff, 0xff, 0xff,
  0xff, 0xff, 0xff, 0xff, 0xff, 0xff, 0xff, 0xff, 0xff, 0xff, 0xff, 0xff,
  0xff, 0xff, 0xff, 0xff, 0xff, 0xff, 0xff, 0xff, 0xff, 0xff, 0x07, 0x5b,
  0x53, 0x52, 0x5b, 0x5b, 0x53, 0x53, 0x53, 0x5b, 0x5b, 0x5b, 0x9b, 0x9c,
  0xa4, 0xa4, 0x5b, 0x9c, 0x5b, 0x9c, 0x9c, 0xa4, 0xa4, 0x9c, 0xa4, 0xa4,
  0xa4, 0xa4, 0xa4, 0xa4, 0xa4, 0x9c, 0x9c, 0x5b, 0x5b, 0x5b, 0x5b, 0x5b,
  0x52, 0x53, 0x53, 0x53, 0x53, 0x52, 0x0a, 0x0a, 0x0a, 0x0a, 0x0a, 0x00,
  0x00, 0x00, 0x0a, 0x52, 0x52, 0x52, 0x52, 0x52, 0x5a, 0x53, 0x52, 0x52,
  0x5a, 0x07, 0xff, 0xff, 0xff, 0xff, 0xff, 0xff, 0xff, 0xff, 0xff, 0xff,
  0xff, 0xff, 0xff, 0xff, 0xff, 0xff, 0xff, 0xff, 0xff, 0xff, 0xff, 0xff,
  0xff, 0xff, 0xff, 0xff, 0xff, 0xff, 0xff, 0xff, 0xff, 0xff, 0xff, 0xff,
  0xff, 0xff, 0xff, 0xff, 0xff, 0xff, 0xff, 0xff, 0xff, 0xff, 0xff, 0xff,
  0xff, 0xff, 0xff, 0xff, 0xff, 0xff, 0xff, 0xff, 0xff, 0xff, 0xff, 0xff,
  0xff, 0xff, 0xff, 0xff, 0xff, 0xff, 0xff, 0xff, 0xff, 0xff, 0xff, 0xff,
  0xff, 0xff, 0xff, 0xff, 0x00, 0x00, 0xff, 0xff, 0xff, 0xff, 0xff, 0xff,
  0xff, 0xff, 0xff, 0xff, 0xff, 0xff, 0xff, 0xff, 0xff, 0xff, 0xff, 0xff,
  0xff, 0xff, 0xff, 0xff, 0xff, 0xff, 0xff, 0xff, 0xff, 0xff, 0xff, 0xff,
  0xff, 0xff, 0xff, 0xff, 0xff, 0xff, 0xff, 0xff, 0xff, 0xff, 0xff, 0xff,
  0xff, 0xff, 0xff, 0xff, 0xff, 0xff, 0xff, 0x07, 0xf7, 0x53, 0x53, 0x53,
  0x53, 0x52, 0x52, 0x5b, 0x9b, 0x9b, 0x5b, 0x53, 0x5b, 0x53, 0x5b, 0x54,
  0x5c, 0xa3, 0xa3, 0xa4, 0xa4, 0x9c, 0xa4, 0xa4, 0xa4, 0xa4, 0xa4, 0xa4,
  0xa4, 0x5b, 0x9c, 0x9b, 0x5b, 0x5b, 0x5b, 0x63, 0x5b, 0x53, 0x53, 0x52,
  0x4b, 0x0a, 0x0a, 0x0a, 0x0a, 0x00, 0x0a, 0x00, 0x0a, 0x0a, 0x0a, 0x52,
  0x0a, 0x52, 0x4a, 0x52, 0x5b, 0x53, 0x52, 0x9b, 0xf7, 0xff, 0xff, 0xff,
  0xff, 0xff, 0xff, 0xff, 0xff, 0xff, 0xff, 0xff, 0xff, 0xff, 0xff, 0xff,
  0xff, 0xff, 0xff, 0xff, 0xff, 0xff, 0xff, 0xff, 0xff, 0xff, 0xff, 0xff,
  0xff, 0xff, 0xff, 0xff, 0xff, 0xff, 0xff, 0xff, 0xff, 0xff, 0xff, 0xff,
  0xff, 0xff, 0xff, 0xff, 0xff, 0xff, 0xff, 0xff, 0xff, 0xff, 0xff, 0xff,
  0xff, 0xff, 0xff, 0xff, 0xff, 0xff, 0xff, 0xff, 0xff, 0xff, 0xff, 0xff,
  0xff, 0xff, 0xff, 0xff, 0xff, 0xff, 0xff, 0xff, 0xff, 0xff, 0xff, 0xff,
  0x00, 0x00, 0xff, 0xff, 0xff, 0xff, 0xff, 0xff, 0xff, 0xff, 0xff, 0xff,
  0xff, 0xff, 0xff, 0xff, 0xff, 0xff, 0xff, 0xff, 0xff, 0xff, 0xff, 0xff,
  0xff, 0xff, 0xff, 0xff, 0xff, 0xff, 0xff, 0xff, 0xff, 0xff, 0xff, 0xff,
  0xff, 0xff, 0xff, 0xff, 0xff, 0xff, 0xff, 0xff, 0xff, 0xff, 0xff, 0xff,
  0xff, 0xff, 0xff, 0xff, 0x08, 0xf7, 0x9b, 0x9b, 0x53, 0x52, 0x5a, 0x5b,
  0x5c, 0x9c, 0xa4, 0x5c, 0x5b, 0x52, 0x64, 0x53, 0x5c, 0x5b, 0x5b, 0x64,
  0x9c, 0x5c, 0xa4, 0xad, 0xad, 0xa4, 0xa5, 0xa5, 0xa5, 0xa4, 0x9c, 0x9c,
  0x9b, 0x9b, 0xa4, 0x5b, 0x5b, 0x5b, 0x53, 0x53, 0x4a, 0x0a, 0x0a, 0x0a,
  0x0a, 0x00, 0x00, 0x00, 0x00, 0x00, 0x00, 0x0a, 0x0a, 0x4a, 0x52, 0x53,
  0x53, 0x53, 0xf7, 0x08, 0xf6, 0xff, 0xff, 0xff, 0xff, 0xff, 0xff, 0xff,
  0xff, 0xff, 0xff, 0xff, 0xff, 0xff, 0xff, 0xff, 0xff, 0xff, 0xff, 0xff,
  0xff, 0xff, 0xff, 0xff, 0xff, 0xff, 0xff, 0xff, 0xff, 0xff, 0xff, 0xff,
  0xff, 0xff, 0xff, 0xff, 0xff, 0xff, 0xff, 0xff, 0xff, 0xff, 0xff, 0xff,
  0xff, 0xff, 0xff, 0xff, 0xff, 0xff, 0xff, 0xff, 0xff, 0xff, 0xff, 0xff,
  0xff, 0xff, 0xff, 0xff, 0xff, 0xff, 0xff, 0xff, 0xff, 0xff, 0xff, 0xff,
  0xff, 0xff, 0xff, 0xff, 0xff, 0xff, 0xff, 0xff, 0x00, 0x00, 0xff, 0xff,
  0xff, 0xff, 0xff, 0xff, 0xff, 0xff, 0xff, 0xff, 0xff, 0xff, 0xff, 0xff,
  0xff, 0xff, 0xff, 0xff, 0xff, 0xff, 0xff, 0xff, 0xff, 0xff, 0xff, 0xff,
  0xff, 0xff, 0xff, 0xff, 0xff, 0xff, 0xff, 0xff, 0xff, 0xff, 0xff, 0xff,
  0xff, 0xff, 0xff, 0xff, 0xff, 0xff, 0xff, 0xff, 0xff, 0xff, 0xff, 0xff,
  0xff, 0xff, 0x07, 0x07, 0x64, 0x52, 0x53, 0x53, 0x53, 0x5b, 0xa4, 0xa5,
  0xa5, 0x9c, 0xad, 0x9b, 0x53, 0x5c, 0x5c, 0x9c, 0x9b, 0xa4, 0xa5, 0xa4,
  0xa4, 0xf7, 0xac, 0xac, 0xa4, 0xa4, 0xa4, 0xa4, 0xa4, 0xa4, 0x9c, 0x94,
  0x5b, 0x53, 0x53, 0x52, 0x0a, 0x4a, 0x52, 0x0a, 0x00, 0x00, 0x00, 0x00,
  0x00, 0x00, 0x41, 0x0a, 0x0a, 0x0a, 0x52, 0x53, 0x52, 0xf7, 0xff, 0xff,
  0xff, 0xff, 0xff, 0xff, 0xff, 0xff, 0xff, 0xff, 0xff, 0xff, 0xff, 0xff,
  0xff, 0xff, 0xff, 0xff, 0xff, 0xff, 0xff, 0xff, 0xff, 0xff, 0xff, 0xff,
  0xff, 0xff, 0xff, 0xff, 0xff, 0xff, 0xff, 0xff, 0xff, 0xff, 0xff, 0xff,
  0xff, 0xff, 0xff, 0xff, 0xff, 0xff, 0xff, 0xff, 0xff, 0xff, 0xff, 0xff,
  0xff, 0xff, 0xff, 0xff, 0xff, 0xff, 0xff, 0xff, 0xff, 0xff, 0xff, 0xff,
  0xff, 0xff, 0xff, 0xff, 0xff, 0xff, 0xff, 0xff, 0xff, 0xff, 0xff, 0xff,
  0xff, 0xff, 0xff, 0xff, 0x00, 0x00, 0xff, 0xff, 0xff, 0xff, 0xff, 0xff,
  0xff, 0xff, 0xff, 0xff, 0xff, 0xff, 0xff, 0xff, 0xff, 0xff, 0xff, 0xff,
  0xff, 0xff, 0xff, 0xff, 0xff, 0xff, 0xff, 0xff, 0xff, 0xff, 0xff, 0xff,
  0xff, 0xff, 0xff, 0xff, 0xff, 0xff, 0xff, 0xff, 0xff, 0xff, 0xff, 0xff,
  0xff, 0xff, 0xff, 0xff, 0xff, 0xff, 0xff, 0xff, 0xff, 0xff, 0xff, 0xff,
  0x07, 0x5a, 0x4a, 0x53, 0x52, 0x53, 0x5b, 0xa4, 0xa4, 0xa4, 0xa5, 0xa4,
  0x5b, 0x5b, 0x5b, 0x5b, 0x5c, 0xa4, 0xa4, 0xa4, 0xf7, 0xf7, 0xa4, 0xa4,
  0xa4, 0xa4, 0xa4, 0xa4, 0xa4, 0xa4, 0x5c, 0x5b, 0x5a, 0x52, 0x52, 0x0a,
  0x53, 0x52, 0x0a, 0x0a, 0x0a, 0x0a, 0x0a, 0x0a, 0x52, 0x52, 0x4a, 0x0a,
  0x0a, 0x0a, 0x4a, 0x4b, 0xa4, 0xff, 0xff, 0xff, 0xff, 0xff, 0xff, 0xff,
  0xff, 0xff, 0xff, 0xff, 0xff, 0xff, 0xff, 0xff, 0xff, 0xff, 0xff, 0xff,
  0xff, 0xff, 0xff, 0xff, 0xff, 0xff, 0xff, 0xff, 0xff, 0xff, 0xff, 0xff,
  0xff, 0xff, 0xff, 0xff, 0xff, 0xff, 0xff, 0xff, 0xff, 0xff, 0xff, 0xff,
  0xff, 0xff, 0xff, 0xff, 0xff, 0xff, 0xff, 0xff, 0xff, 0xff, 0xff, 0xff,
  0xff, 0xff, 0xff, 0xff, 0xff, 0xff, 0xff, 0xff, 0xff, 0xff, 0xff, 0xff,
  0xff, 0xff, 0xff, 0xff, 0xff, 0xff, 0xff, 0xff, 0xff, 0xff, 0xff, 0xff,
  0x00, 0x00, 0xff, 0xff, 0xff, 0xff, 0xff, 0xff, 0xff, 0xff, 0xff, 0xff,
  0xff, 0xff, 0xff, 0xff, 0xff, 0xff, 0xff, 0xff, 0xff, 0xff, 0xff, 0xff,
  0xff, 0xff, 0xff, 0xff, 0xff, 0xff, 0xff, 0xff, 0xff, 0xff, 0xff, 0xff,
  0xff, 0xff, 0xff, 0xff, 0xff, 0xff, 0xff, 0xff, 0xff, 0xff, 0xff, 0xff,
  0xff, 0xff, 0xff, 0xff, 0xff, 0xff, 0xff, 0xff, 0xff, 0x08, 0xf7, 0xa4,
  0x5b, 0x52, 0x5b, 0x5b, 0x5c, 0xa4, 0xa4, 0xa4, 0x9c, 0x5b, 0x5b, 0x5b,
  0x5b, 0x5b, 0x9c, 0xa5, 0xa4, 0x9c, 0x5b, 0xa4, 0xa4, 0xa4, 0x9c, 0x5b,
  0x53, 0x53, 0x52, 0x53, 0x5a, 0x4a, 0x52, 0x53, 0x52, 0x0a, 0x0a, 0x0a,
  0x0a, 0x0a, 0x52, 0x52, 0x4a, 0x4a, 0x0a, 0x0a, 0x0a, 0x4a, 0x9b, 0x9c,
  0x08, 0xff, 0xff, 0xff, 0xff, 0xff, 0xff, 0xff, 0xff, 0xff, 0xff, 0xff,
  0xff, 0xff, 0xff, 0xff, 0xff, 0xff, 0xff, 0xff, 0xff, 0xff, 0xff, 0xff,
  0xff, 0xff, 0xff, 0xff, 0xff, 0xff, 0xff, 0xff, 0xff, 0xff, 0xff, 0xff,
  0xff, 0xff, 0xff, 0xff, 0xff, 0xff, 0xff, 0xff, 0xff, 0xff, 0xff, 0xff,
  0xff, 0xff, 0xff, 0xff, 0xff, 0xff, 0xff, 0xff, 0xff, 0xff, 0xff, 0xff,
  0xff, 0xff, 0xff, 0xff, 0xff, 0xff, 0xff, 0xff, 0xff, 0xff, 0xff, 0xff,
  0xff, 0xff, 0xff, 0xff, 0xff, 0xff, 0xff, 0xff, 0x00, 0x00, 0xff, 0xff,
  0xff, 0xff, 0xff, 0xff, 0xff, 0xff, 0xff, 0xff, 0xff, 0xff, 0xff, 0xff,
  0xff, 0xff, 0xff, 0xff, 0xff, 0xff, 0xff, 0xff, 0xff, 0xff, 0xff, 0xff,
  0xff, 0xff, 0xff, 0xff, 0xff, 0xff, 0xff, 0xff, 0xff, 0xff, 0xff, 0xff,
  0xff, 0xff, 0xff, 0xff, 0xff, 0xff, 0xff, 0xff, 0xff, 0xff, 0xff, 0xff,
  0xff, 0xff, 0xff, 0xff, 0xff, 0xff, 0xff, 0x07, 0xa4, 0x52, 0x52, 0x53,
  0x5b, 0x5b, 0xa4, 0xa4, 0xa4, 0x9c, 0x9c, 0xa4, 0x9c, 0x9c, 0xa4, 0x5b,
  0x53, 0x53, 0x5c, 0xa4, 0x9c, 0x9c, 0x5b, 0x53, 0x53, 0x53, 0x5b, 0x5b,
  0x5a, 0x9b, 0x53, 0x0a, 0x0a, 0x0a, 0x0a, 0x00, 0x00, 0x0a, 0x4a, 0x0a,
  0x0a, 0x0a, 0x4a, 0x53, 0xa4, 0xa5, 0x07, 0x08, 0xff, 0xff, 0xff, 0xff,
  0xff, 0xff, 0xff, 0xff, 0xff, 0xff, 0xff, 0xff, 0xff, 0xff, 0xff, 0xff,
  0xff, 0xff, 0xff, 0xff, 0xff, 0xff, 0xff, 0xff, 0xff, 0xff, 0xff, 0xff,
  0xff, 0xff, 0xff, 0xff, 0xff, 0xff, 0xff, 0xff, 0xff, 0xff, 0xff, 0xff,
  0xff, 0xff, 0xff, 0xff, 0xff, 0xff, 0xff, 0xff, 0xff, 0xff, 0xff, 0xff,
  0xff, 0xff, 0xff, 0xff, 0xff, 0xff, 0xff, 0xff, 0xff, 0xff, 0xff, 0xff,
  0xff, 0xff, 0xff, 0xff, 0xff, 0xff, 0xff, 0xff, 0xff, 0xff, 0xff, 0xff,
  0xff, 0xff, 0xff, 0xff, 0x00, 0x00, 0xff, 0xff, 0xff, 0xff, 0xff, 0xff,
  0xff, 0xff, 0xff, 0xff, 0xff, 0xff, 0xff, 0xff, 0xff, 0xff, 0xff, 0xff,
  0xff, 0xff, 0xff, 0xff, 0xff, 0xff, 0xff, 0xff, 0xff, 0xff, 0xff, 0xff,
  0xff, 0xff, 0xff, 0xff, 0xff, 0xff, 0xff, 0xff, 0xff, 0xff, 0xff, 0xff,
  0xff, 0xff, 0xff, 0xff, 0xff, 0xff, 0xff, 0xff, 0xff, 0xff, 0xff, 0xff,
  0xff, 0xff, 0xff, 0xff, 0x08, 0x07, 0xad, 0x5b, 0x5b, 0x5b, 0x5c, 0x53,
  0x5b, 0x5b, 0x5b, 0x5b, 0x5b, 0x5b, 0x5b, 0x5b, 0x5b, 0x9c, 0x9c, 0xa4,
  0xa3, 0x5b, 0x9c, 0x9c, 0x9b, 0x9b, 0x5b, 0x53, 0x94, 0x5b, 0x0a, 0x0a,
  0x4a, 0x0a, 0x12, 0x5b, 0x53, 0x52, 0x52, 0x5b, 0xad, 0xad, 0x07, 0x07,
  0xff, 0xff, 0xff, 0xff, 0xff, 0xff, 0xff, 0xff, 0xff, 0xff, 0xff, 0xff,
  0xff, 0xff, 0xff, 0xff, 0xff, 0xff, 0xff, 0xff, 0xff, 0xff, 0xff, 0xff,
  0xff, 0xff, 0xff, 0xff, 0xff, 0xff, 0xff, 0xff, 0xff, 0xff, 0xff, 0xff,
  0xff, 0xff, 0xff, 0xff, 0xff, 0xff, 0xff, 0xff, 0xff, 0xff, 0xff, 0xff,
  0xff, 0xff, 0xff, 0xff, 0xff, 0xff, 0xff, 0xff, 0xff, 0xff, 0xff, 0xff,
  0xff, 0xff, 0xff, 0xff, 0xff, 0xff, 0xff, 0xff, 0xff, 0xff, 0xff, 0xff,
  0xff, 0xff, 0xff, 0xff, 0xff, 0xff, 0xff, 0xff, 0xff, 0xff, 0xff, 0xff,
  0x00, 0x00, 0xff, 0xff, 0xff, 0xff, 0xff, 0xff, 0xff, 0xff, 0xff, 0xff,
  0xff, 0xff, 0xff, 0xff, 0xff, 0xff, 0xff, 0xff, 0xff, 0xff, 0xff, 0xff,
  0xff, 0xff, 0xff, 0xff, 0xff, 0xff, 0xff, 0xff, 0xff, 0xff, 0xff, 0xff,
  0xff, 0xff, 0xff, 0xff, 0xff, 0xff, 0xff, 0xff, 0xff, 0xff, 0xff, 0xff,
  0xff, 0xff, 0xff, 0xff, 0xff, 0xff, 0xff, 0xff, 0xff, 0xff, 0xff, 0xff,
  0xff, 0xff, 0xf6, 0x08, 0xa4, 0x5b, 0x5c, 0x52, 0x5a, 0x53, 0x53, 0x5b,
  0x5b, 0x5b, 0x5b, 0x9b, 0x5b, 0x5b, 0x5b, 0x5b, 0x5b, 0x5b, 0x5b, 0x5b,
  0x5b, 0x5b, 0x92, 0x53, 0x4b, 0x51, 0x52, 0x52, 0x52, 0x5b, 0xad, 0x07,
  0x07, 0x07, 0x07, 0x08, 0xff, 0xff, 0xff, 0xff, 0xff, 0xff, 0xff, 0xff,
  0xff, 0xff, 0xff, 0xff, 0xff, 0xff, 0xff, 0xff, 0xff, 0xff, 0xff, 0xff,
  0xff, 0xff, 0xff, 0xff, 0xff, 0xff, 0xff, 0xff, 0xff, 0xff, 0xff, 0xff,
  0xff, 0xff, 0xff, 0xff, 0xff, 0xff, 0xff, 0xff, 0xff, 0xff, 0xff, 0xff,
  0xff, 0xff, 0xff, 0xff, 0xff, 0xff, 0xff, 0xff, 0xff, 0xff, 0xff, 0xff,
  0xff, 0xff, 0xff, 0xff, 0xff, 0xff, 0xff, 0xff, 0xff, 0xff, 0xff, 0xff,
  0xff, 0xff, 0xff, 0xff, 0xff, 0xff, 0xff, 0xff, 0xff, 0xff, 0xff, 0xff,
  0xff, 0xff, 0xff, 0xff, 0xff, 0xff, 0xff, 0xff, 0x00, 0x00, 0xff, 0xff,
  0xff, 0xff, 0xff, 0xff, 0xff, 0xff, 0xff, 0xff, 0xff, 0xff, 0xff, 0xff,
  0xff, 0xff, 0xff, 0xff, 0xff, 0xff, 0xff, 0xff, 0xff, 0xff, 0xff, 0xff,
  0xff, 0xff, 0xff, 0xff, 0xff, 0xff, 0xff, 0xff, 0xff, 0xff, 0xff, 0xff,
  0xff, 0xff, 0xff, 0xff, 0xff, 0xff, 0xff, 0xff, 0xff, 0xff, 0xff, 0xff,
  0xff, 0xff, 0xff, 0xff, 0xff, 0xff, 0xff, 0xff, 0xff, 0xff, 0xff, 0xff,
  0xf6, 0x07, 0xa5, 0xa4, 0x0a, 0x53, 0x53, 0x53, 0x53, 0x53, 0x53, 0x53,
  0x52, 0x5b, 0x5b, 0x5b, 0x5b, 0x93, 0x4b, 0x4b, 0x5b, 0x5b, 0x52, 0x5c,
  0x9c, 0xa4, 0xac, 0xa4, 0x07, 0x08, 0xff, 0xff, 0xff, 0xff, 0xff, 0xff,
  0xff, 0xff, 0xff, 0xff, 0xff, 0xff, 0xff, 0xff, 0xff, 0xff, 0xff, 0xff,
  0xff, 0xff, 0xff, 0xff, 0xff, 0xff, 0xff, 0xff, 0xff, 0xff, 0xff, 0xff,
  0xff, 0xff, 0xff, 0xff, 0xff, 0xff, 0xff, 0xff, 0xff, 0xff, 0xff, 0xff,
  0xff, 0xff, 0xff, 0xff, 0xff, 0xff, 0xff, 0xff, 0xff, 0xff, 0xff, 0xff,
  0xff, 0xff, 0xff, 0xff, 0xff, 0xff, 0xff, 0xff, 0xff, 0xff, 0xff, 0xff,
  0xff, 0xff, 0xff, 0xff, 0xff, 0xff, 0xff, 0xff, 0xff, 0xff, 0xff, 0xff,
  0xff, 0xff, 0xff, 0xff, 0xff, 0xff, 0xff, 0xff, 0xff, 0xff, 0xff, 0xff,
  0xff, 0xff, 0xff, 0xff, 0x00, 0x00, 0xff, 0xff, 0xff, 0xff, 0xff, 0xff,
  0xff, 0xff, 0xff, 0xff, 0xff, 0xff, 0xff, 0xff, 0xff, 0xff, 0xff, 0xff,
  0xff, 0xff, 0xff, 0xff, 0xff, 0xff, 0xff, 0xff, 0xff, 0xff, 0xff, 0xff,
  0xff, 0xff, 0xff, 0xff, 0xff, 0xff, 0xff, 0xff, 0xff, 0xff, 0xff, 0xff,
  0xff, 0xff, 0xff, 0xff, 0xff, 0xff, 0xff, 0xff, 0xff, 0xff, 0xff, 0xff,
  0xff, 0xff, 0xff, 0xff, 0xff, 0xff, 0xff, 0xff, 0xff, 0xff, 0xff, 0xff,
  0xac, 0x5b, 0x5b, 0x52, 0x52, 0x4a, 0x0a, 0x49, 0x4a, 0x53, 0x5b, 0x53,
  0x93, 0x9b, 0x9b, 0xf7, 0x08, 0x08, 0x08, 0x08, 0xff, 0xff, 0xff, 0xff,
  0xff, 0xff, 0xff, 0xff, 0xff, 0xff, 0xff, 0xff, 0xff, 0xff, 0xff, 0xff,
  0xff, 0xff, 0xff, 0xff, 0xff, 0xff, 0xff, 0xff, 0xff, 0xff, 0xff, 0xff,
  0xff, 0xff, 0xff, 0xff, 0xff, 0xff, 0xff, 0xff, 0xff, 0xff, 0xff, 0xff,
  0xff, 0xff, 0xff, 0xff, 0xff, 0xff, 0xff, 0xff, 0xff, 0xff, 0xff, 0xff,
  0xff, 0xff, 0xff, 0xff, 0xff, 0xff, 0xff, 0xff, 0xff, 0xff, 0xff, 0xff,
  0xff, 0xff, 0xff, 0xff, 0xff, 0xff, 0xff, 0xff, 0xff, 0xff, 0xff, 0xff,
  0xff, 0xff, 0xff, 0xff, 0xff, 0xff, 0xff, 0xff, 0xff, 0xff, 0xff, 0xff,
  0xff, 0xff, 0xff, 0xff, 0xff, 0xff, 0xff, 0xff, 0xff, 0xff, 0xff, 0xff,
  0x00, 0x00, 0xff, 0xff, 0xff, 0xff, 0xff, 0xff, 0xff, 0xff, 0xff, 0xff,
  0xff, 0xff, 0xff, 0xff, 0xff, 0xff, 0xff, 0xff, 0xff, 0xff, 0xff, 0xff,
  0xff, 0xff, 0xff, 0xff, 0xff, 0xff, 0xff, 0xff, 0xff, 0xff, 0xff, 0xff,
  0xff, 0xff, 0xff, 0xff, 0xff, 0xff, 0xff, 0xff, 0xff, 0xff, 0xff, 0xff,
  0xff, 0xff, 0xff, 0xff, 0xff, 0xff, 0xff, 0xff, 0xff, 0xff, 0xff, 0xff,
  0xff, 0xff, 0xff, 0xff, 0xff, 0xff, 0xff, 0xff, 0xff, 0xf6, 0xf6, 0xf6,
  0xf6, 0xf6, 0xf6, 0x07, 0xa4, 0x9b, 0xa4, 0x08, 0xf6, 0xf6, 0xf6, 0xff,
  0xff, 0xff, 0xff, 0xf6, 0xff, 0xff, 0xff, 0xff, 0xff, 0xff, 0xff, 0xff,
  0xff, 0xff, 0xff, 0xff, 0xff, 0xff, 0xff, 0xff, 0xff, 0xff, 0xff, 0xff,
  0xff, 0xff, 0xff, 0xff, 0xff, 0xff, 0xff, 0xff, 0xff, 0xff, 0xff, 0xff,
  0xff, 0xff, 0xff, 0xff, 0xff, 0xff, 0xff, 0xff, 0xff, 0xff, 0xff, 0xff,
  0xff, 0xff, 0xff, 0xff, 0xff, 0xff, 0xff, 0xff, 0xff, 0xff, 0xff, 0xff,
  0xff, 0xff, 0xff, 0xff, 0xff, 0xff, 0xff, 0xff, 0xff, 0xff, 0xff, 0xff,
  0xff, 0xff, 0xff, 0xff, 0xff, 0xff, 0xff, 0xff, 0xff, 0xff, 0xff, 0xff,
  0xff, 0xff, 0xff, 0xff, 0xff, 0xff, 0xff, 0xff, 0xff, 0xff, 0xff, 0xff,
  0xff, 0xff, 0xff, 0xff, 0xff, 0xff, 0xff, 0xff, 0x00, 0x00
};
static const uint8_t    hillary_bmp[] = {
  0x42, 0x4d, 0xce, 0x8c, 0x00, 0x00, 0x00, 0x00, 0x00, 0x00, 0x36, 0x04,
  0x00, 0x00, 0x28, 0x00, 0x00, 0x00, 0xba, 0x00, 0x00, 0x00, 0xba, 0x00,
  0x00, 0x00, 0x01, 0x00, 0x08, 0x00, 0x00, 0x00, 0x00, 0x00, 0x98, 0x88,
  0x00, 0x00, 0xc4, 0x0e, 0x00, 0x00, 0xc4, 0x0e, 0x00, 0x00, 0x00, 0x00,
  0x00, 0x00, 0x00, 0x00, 0x00, 0x00, 0x00, 0x00, 0x00, 0x00, 0x00, 0x00,
  0x80, 0x00, 0x00, 0x80, 0x00, 0x00, 0x00, 0x80, 0x80, 0x00, 0x80, 0x00,
  0x00, 0x00, 0x80, 0x00, 0x80, 0x00, 0x80, 0x80, 0x00, 0x00, 0xc0, 0xc0,
  0xc0, 0x00, 0xc0, 0xdc, 0xc0, 0x00, 0xf0, 0xca, 0xa6, 0x00, 0x00, 0x20,
  0x40, 0x00, 0x00, 0x20, 0x60, 0x00, 0x00, 0x20, 0x80, 0x00, 0x00, 0x20,
  0xa0, 0x00, 0x00, 0x20, 0xc0, 0x00, 0x00, 0x20, 0xe0, 0x00, 0x00, 0x40,
  0x00, 0x00, 0x00, 0x40, 0x20, 0x00, 0x00, 0x40, 0x40, 0x00, 0x00, 0x40,
  0x60, 0x00, 0x00, 0x40, 0x80, 0x00, 0x00, 0x40, 0xa0, 0x00, 0x00, 0x40,
  0xc0, 0x00, 0x00, 0x40, 0xe0, 0x00, 0x00, 0x60, 0x00, 0x00, 0x00, 0x60,
  0x20, 0x00, 0x00, 0x60, 0x40, 0x00, 0x00, 0x60, 0x60, 0x00, 0x00, 0x60,
  0x80, 0x00, 0x00, 0x60, 0xa0, 0x00, 0x00, 0x60, 0xc0, 0x00, 0x00, 0x60,
  0xe0, 0x00, 0x00, 0x80, 0x00, 0x00, 0x00, 0x80, 0x20, 0x00, 0x00, 0x80,
  0x40, 0x00, 0x00, 0x80, 0x60, 0x00, 0x00, 0x80, 0x80, 0x00, 0x00, 0x80,
  0xa0, 0x00, 0x00, 0x80, 0xc0, 0x00, 0x00, 0x80, 0xe0, 0x00, 0x00, 0xa0,
  0x00, 0x00, 0x00, 0xa0, 0x20, 0x00, 0x00, 0xa0, 0x40, 0x00, 0x00, 0xa0,
  0x60, 0x00, 0x00, 0xa0, 0x80, 0x00, 0x00, 0xa0, 0xa0, 0x00, 0x00, 0xa0,
  0xc0, 0x00, 0x00, 0xa0, 0xe0, 0x00, 0x00, 0xc0, 0x00, 0x00, 0x00, 0xc0,
  0x20, 0x00, 0x00, 0xc0, 0x40, 0x00, 0x00, 0xc0, 0x60, 0x00, 0x00, 0xc0,
  0x80, 0x00, 0x00, 0xc0, 0xa0, 0x00, 0x00, 0xc0, 0xc0, 0x00, 0x00, 0xc0,
  0xe0, 0x00, 0x00, 0xe0, 0x00, 0x00, 0x00, 0xe0, 0x20, 0x00, 0x00, 0xe0,
  0x40, 0x00, 0x00, 0xe0, 0x60, 0x00, 0x00, 0xe0, 0x80, 0x00, 0x00, 0xe0,
  0xa0, 0x00, 0x00, 0xe0, 0xc0, 0x00, 0x00, 0xe0, 0xe0, 0x00, 0x40, 0x00,
  0x00, 0x00, 0x40, 0x00, 0x20, 0x00, 0x40, 0x00, 0x40, 0x00, 0x40, 0x00,
  0x60, 0x00, 0x40, 0x00, 0x80, 0x00, 0x40, 0x00, 0xa0, 0x00, 0x40, 0x00,
  0xc0, 0x00, 0x40, 0x00, 0xe0, 0x00, 0x40, 0x20, 0x00, 0x00, 0x40, 0x20,
  0x20, 0x00, 0x40, 0x20, 0x40, 0x00, 0x40, 0x20, 0x60, 0x00, 0x40, 0x20,
  0x80, 0x00, 0x40, 0x20, 0xa0, 0x00, 0x40, 0x20, 0xc0, 0x00, 0x40, 0x20,
  0xe0, 0x00, 0x40, 0x40, 0x00, 0x00, 0x40, 0x40, 0x20, 0x00, 0x40, 0x40,
  0x40, 0x00, 0x40, 0x40, 0x60, 0x00, 0x40, 0x40, 0x80, 0x00, 0x40, 0x40,
  0xa0, 0x00, 0x40, 0x40, 0xc0, 0x00, 0x40, 0x40, 0xe0, 0x00, 0x40, 0x60,
  0x00, 0x00, 0x40, 0x60, 0x20, 0x00, 0x40, 0x60, 0x40, 0x00, 0x40, 0x60,
  0x60, 0x00, 0x40, 0x60, 0x80, 0x00, 0x40, 0x60, 0xa0, 0x00, 0x40, 0x60,
  0xc0, 0x00, 0x40, 0x60, 0xe0, 0x00, 0x40, 0x80, 0x00, 0x00, 0x40, 0x80,
  0x20, 0x00, 0x40, 0x80, 0x40, 0x00, 0x40, 0x80, 0x60, 0x00, 0x40, 0x80,
  0x80, 0x00, 0x40, 0x80, 0xa0, 0x00, 0x40, 0x80, 0xc0, 0x00, 0x40, 0x80,
  0xe0, 0x00, 0x40, 0xa0, 0x00, 0x00, 0x40, 0xa0, 0x20, 0x00, 0x40, 0xa0,
  0x40, 0x00, 0x40, 0xa0, 0x60, 0x00, 0x40, 0xa0, 0x80, 0x00, 0x40, 0xa0,
  0xa0, 0x00, 0x40, 0xa0, 0xc0, 0x00, 0x40, 0xa0, 0xe0, 0x00, 0x40, 0xc0,
  0x00, 0x00, 0x40, 0xc0, 0x20, 0x00, 0x40, 0xc0, 0x40, 0x00, 0x40, 0xc0,
  0x60, 0x00, 0x40, 0xc0, 0x80, 0x00, 0x40, 0xc0, 0xa0, 0x00, 0x40, 0xc0,
  0xc0, 0x00, 0x40, 0xc0, 0xe0, 0x00, 0x40, 0xe0, 0x00, 0x00, 0x40, 0xe0,
  0x20, 0x00, 0x40, 0xe0, 0x40, 0x00, 0x40, 0xe0, 0x60, 0x00, 0x40, 0xe0,
  0x80, 0x00, 0x40, 0xe0, 0xa0, 0x00, 0x40, 0xe0, 0xc0, 0x00, 0x40, 0xe0,
  0xe0, 0x00, 0x80, 0x00, 0x00, 0x00, 0x80, 0x00, 0x20, 0x00, 0x80, 0x00,
  0x40, 0x00, 0x80, 0x00, 0x60, 0x00, 0x80, 0x00, 0x80, 0x00, 0x80, 0x00,
  0xa0, 0x00, 0x80, 0x00, 0xc0, 0x00, 0x80, 0x00, 0xe0, 0x00, 0x80, 0x20,
  0x00, 0x00, 0x80, 0x20, 0x20, 0x00, 0x80, 0x20, 0x40, 0x00, 0x80, 0x20,
  0x60, 0x00, 0x80, 0x20, 0x80, 0x00, 0x80, 0x20, 0xa0, 0x00, 0x80, 0x20,
  0xc0, 0x00, 0x80, 0x20, 0xe0, 0x00, 0x80, 0x40, 0x00, 0x00, 0x80, 0x40,
  0x20, 0x00, 0x80, 0x40, 0x40, 0x00, 0x80, 0x40, 0x60, 0x00, 0x80, 0x40,
  0x80, 0x00, 0x80, 0x40, 0xa0, 0x00, 0x80, 0x40, 0xc0, 0x00, 0x80, 0x40,
  0xe0, 0x00, 0x80, 0x60, 0x00, 0x00, 0x80, 0x60, 0x20, 0x00, 0x80, 0x60,
  0x40, 0x00, 0x80, 0x60, 0x60, 0x00, 0x80, 0x60, 0x80, 0x00, 0x80, 0x60,
  0xa0, 0x00, 0x80, 0x60, 0xc0, 0x00, 0x80, 0x60, 0xe0, 0x00, 0x80, 0x80,
  0x00, 0x00, 0x80, 0x80, 0x20, 0x00, 0x80, 0x80, 0x40, 0x00, 0x80, 0x80,
  0x60, 0x00, 0x80, 0x80, 0x80, 0x00, 0x80, 0x80, 0xa0, 0x00, 0x80, 0x80,
  0xc0, 0x00, 0x80, 0x80, 0xe0, 0x00, 0x80, 0xa0, 0x00, 0x00, 0x80, 0xa0,
  0x20, 0x00, 0x80, 0xa0, 0x40, 0x00, 0x80, 0xa0, 0x60, 0x00, 0x80, 0xa0,
  0x80, 0x00, 0x80, 0xa0, 0xa0, 0x00, 0x80, 0xa0, 0xc0, 0x00, 0x80, 0xa0,
  0xe0, 0x00, 0x80, 0xc0, 0x00, 0x00, 0x80, 0xc0, 0x20, 0x00, 0x80, 0xc0,
  0x40, 0x00, 0x80, 0xc0, 0x60, 0x00, 0x80, 0xc0, 0x80, 0x00, 0x80, 0xc0,
  0xa0, 0x00, 0x80, 0xc0, 0xc0, 0x00, 0x80, 0xc0, 0xe0, 0x00, 0x80, 0xe0,
  0x00, 0x00, 0x80, 0xe0, 0x20, 0x00, 0x80, 0xe0, 0x40, 0x00, 0x80, 0xe0,
  0x60, 0x00, 0x80, 0xe0, 0x80, 0x00, 0x80, 0xe0, 0xa0, 0x00, 0x80, 0xe0,
  0xc0, 0x00, 0x80, 0xe0, 0xe0, 0x00, 0xc0, 0x00, 0x00, 0x00, 0xc0, 0x00,
  0x20, 0x00, 0xc0, 0x00, 0x40, 0x00, 0xc0, 0x00, 0x60, 0x00, 0xc0, 0x00,
  0x80, 0x00, 0xc0, 0x00, 0xa0, 0x00, 0xc0, 0x00, 0xc0, 0x00, 0xc0, 0x00,
  0xe0, 0x00, 0xc0, 0x20, 0x00, 0x00, 0xc0, 0x20, 0x20, 0x00, 0xc0, 0x20,
  0x40, 0x00, 0xc0, 0x20, 0x60, 0x00, 0xc0, 0x20, 0x80, 0x00, 0xc0, 0x20,
  0xa0, 0x00, 0xc0, 0x20, 0xc0, 0x00, 0xc0, 0x20, 0xe0, 0x00, 0xc0, 0x40,
  0x00, 0x00, 0xc0, 0x40, 0x20, 0x00, 0xc0, 0x40, 0x40, 0x00, 0xc0, 0x40,
  0x60, 0x00, 0xc0, 0x40, 0x80, 0x00, 0xc0, 0x40, 0xa0, 0x00, 0xc0, 0x40,
  0xc0, 0x00, 0xc0, 0x40, 0xe0, 0x00, 0xc0, 0x60, 0x00, 0x00, 0xc0, 0x60,
  0x20, 0x00, 0xc0, 0x60, 0x40, 0x00, 0xc0, 0x60, 0x60, 0x00, 0xc0, 0x60,
  0x80, 0x00, 0xc0, 0x60, 0xa0, 0x00, 0xc0, 0x60, 0xc0, 0x00, 0xc0, 0x60,
  0xe0, 0x00, 0xc0, 0x80, 0x00, 0x00, 0xc0, 0x80, 0x20, 0x00, 0xc0, 0x80,
  0x40, 0x00, 0xc0, 0x80, 0x60, 0x00, 0xc0, 0x80, 0x80, 0x00, 0xc0, 0x80,
  0xa0, 0x00, 0xc0, 0x80, 0xc0, 0x00, 0xc0, 0x80, 0xe0, 0x00, 0xc0, 0xa0,
  0x00, 0x00, 0xc0, 0xa0, 0x20, 0x00, 0xc0, 0xa0, 0x40, 0x00, 0xc0, 0xa0,
  0x60, 0x00, 0xc0, 0xa0, 0x80, 0x00, 0xc0, 0xa0, 0xa0, 0x00, 0xc0, 0xa0,
  0xc0, 0x00, 0xc0, 0xa0, 0xe0, 0x00, 0xc0, 0xc0, 0x00, 0x00, 0xc0, 0xc0,
  0x20, 0x00, 0xc0, 0xc0, 0x40, 0x00, 0xc0, 0xc0, 0x60, 0x00, 0xc0, 0xc0,
  0x80, 0x00, 0xc0, 0xc0, 0xa0, 0x00, 0xf0, 0xfb, 0xff, 0x00, 0xa4, 0xa0,
  0xa0, 0x00, 0x80, 0x80, 0x80, 0x00, 0x00, 0x00, 0xff, 0x00, 0x00, 0xff,
  0x00, 0x00, 0x00, 0xff, 0xff, 0x00, 0xff, 0x00, 0x00, 0x00, 0xff, 0x00,
  0xff, 0x00, 0xff, 0xff, 0x00, 0x00, 0xff, 0xff, 0xff, 0x00, 0x00, 0x00,
  0x00, 0x00, 0x00, 0x00, 0x00, 0x00, 0x00, 0x48, 0x49, 0x00, 0x00, 0x00,
  0x00, 0x00, 0x00, 0x00, 0x00, 0x00, 0x00, 0x00, 0x00, 0x00, 0x00, 0x00,
  0x00, 0x00, 0x00, 0x00, 0x00, 0x00, 0x00, 0x00, 0x49, 0x00, 0x49, 0x49,
  0x49, 0x49, 0x49, 0x49, 0x49, 0x49, 0x49, 0x49, 0x49, 0x49, 0x49, 0x00,
  0x49, 0x00, 0x49, 0x49, 0x49, 0x49, 0x49, 0x49, 0x00, 0x00, 0x00, 0x00,
  0x49, 0x49, 0x49, 0x48, 0x49, 0x00, 0x49, 0x00, 0x00, 0x00, 0x00, 0x00,
  0x49, 0x00, 0x48, 0x00, 0x00, 0x49, 0x49, 0x49, 0x49, 0x49, 0x49, 0x49,
  0x49, 0x49, 0x49, 0x49, 0x49, 0x49, 0x49, 0x49, 0x49, 0x49, 0x49, 0x49,
  0x49, 0x49, 0x49, 0x49, 0x49, 0x49, 0x49, 0x48, 0x49, 0x49, 0x49, 0x49,
  0x49, 0x49, 0x49, 0x49, 0x49, 0x49, 0x49, 0x49, 0x49, 0x49, 0x49, 0x49,
  0x49, 0x49, 0x49, 0x49, 0x49, 0x49, 0x49, 0x49, 0x49, 0x49, 0x49, 0x49,
  0x49, 0x49, 0x49, 0x49, 0x49, 0x49, 0x49, 0x49, 0x49, 0x49, 0x49, 0x49,
  0x49, 0x49, 0x49, 0x49, 0x49, 0x00, 0x00, 0x49, 0x49, 0x49, 0x49, 0x49,
  0x49, 0x49, 0x49, 0x49, 0x49, 0x51, 0x51, 0x49, 0x00, 0x00, 0x00, 0x49,
  0x49, 0x49, 0x49, 0x49, 0x49, 0x49, 0x51, 0x49, 0x49, 0x49, 0x49, 0x49,
  0x49, 0x49, 0x49, 0x51, 0x00, 0x00, 0x00, 0x00, 0x00, 0x00, 0x00, 0x00,
  0x00, 0x00, 0x00, 0x48, 0x49, 0x00, 0x00, 0x00, 0x00, 0x00, 0x00, 0x00,
  0x00, 0x00, 0x00, 0x00, 0x00, 0x00, 0x00, 0x00, 0x00, 0x00, 0x00, 0x00,
  0x00, 0x00, 0x00, 0x00, 0x49, 0x00, 0x49, 0x49, 0x49, 0x49, 0x49, 0x49,
  0x49, 0x49, 0x49, 0x49, 0x49, 0x49, 0x00, 0x00, 0x00, 0x00, 0x00, 0x49,
  0x49, 0x49, 0x49, 0x00, 0x00, 0x00, 0x00, 0x00, 0x49, 0x49, 0x49, 0x00,
  0x49, 0x00, 0x00, 0x00, 0x00, 0x00, 0x00, 0x00, 0x49, 0x00, 0x49, 0x00,
  0x00, 0x49, 0x00, 0x00, 0x49, 0x49, 0x49, 0x49, 0x49, 0x49, 0x49, 0x49,
  0x49, 0x49, 0x49, 0x49, 0x49, 0x49, 0x49, 0x49, 0x49, 0x49, 0x49, 0x49,
  0x49, 0x49, 0x49, 0x49, 0x00, 0x49, 0x49, 0x49, 0x49, 0x49, 0x49, 0x49,
  0x49, 0x49, 0x49, 0x49, 0x49, 0x49, 0x49, 0x49, 0x49, 0x49, 0x49, 0x49,
  0x49, 0x49, 0x49, 0x49, 0x49, 0x49, 0x49, 0x49, 0x49, 0x49, 0x49, 0x49,
  0x49, 0x49, 0x49, 0x49, 0x49, 0x49, 0x49, 0x49, 0x49, 0x49, 0x49, 0x49,
  0x49, 0x00, 0x00, 0x49, 0x49, 0x49, 0x49, 0x49, 0x49, 0x49, 0x49, 0x49,
  0x49, 0x51, 0x51, 0x49, 0x00, 0x00, 0x00, 0x49, 0x49, 0x49, 0x49, 0x49,
  0x49, 0x49, 0x49, 0x49, 0x51, 0x51, 0x49, 0x49, 0x49, 0x49, 0x49, 0x51,
  0x00, 0x00, 0x00, 0x00, 0x00, 0x00, 0x00, 0x00, 0x00, 0x49, 0x00, 0x49,
  0x49, 0x00, 0x00, 0x00, 0x00, 0x00, 0x00, 0x00, 0x00, 0x00, 0x00, 0x00,
  0x00, 0x00, 0x00, 0x00, 0x00, 0x00, 0x00, 0x00, 0x00, 0x00, 0x00, 0x00,
  0x00, 0x49, 0x00, 0x49, 0x49, 0x49, 0x49, 0x49, 0x49, 0x49, 0x49, 0x49,
  0x49, 0x49, 0x00, 0x49, 0x00, 0x00, 0x00, 0x49, 0x49, 0x49, 0x49, 0x00,
  0x00, 0x00, 0x00, 0x00, 0x49, 0x49, 0x00, 0x49, 0x48, 0x00, 0x49, 0x49,
  0x00, 0x00, 0x00, 0x00, 0x00, 0x00, 0x00, 0x00, 0x00, 0x00, 0x00, 0x49,
  0x49, 0x49, 0x49, 0x49, 0x49, 0x49, 0x49, 0x49, 0x49, 0x49, 0x49, 0x49,
  0x49, 0x49, 0x49, 0x49, 0x49, 0x49, 0x49, 0x49, 0x49, 0x49, 0x49, 0x49,
  0x48, 0x49, 0x49, 0x49, 0x49, 0x49, 0x49, 0x49, 0x49, 0x49, 0x49, 0x49,
  0x49, 0x49, 0x49, 0x49, 0x49, 0x49, 0x49, 0x49, 0x49, 0x49, 0x49, 0x49,
  0x49, 0x49, 0x49, 0x49, 0x49, 0x49, 0x49, 0x49, 0x49, 0x49, 0x49, 0x49,
  0x49, 0x49, 0x49, 0x49, 0x49, 0x49, 0x49, 0x49, 0x49, 0x00, 0x49, 0x49,
  0x49, 0x49, 0x49, 0x49, 0x49, 0x49, 0x49, 0x49, 0x49, 0x49, 0x51, 0x49,
  0x49, 0x00, 0x00, 0x49, 0x49, 0x49, 0x49, 0x49, 0x49, 0x49, 0x51, 0x51,
  0x51, 0x51, 0x49, 0x49, 0x49, 0x49, 0x49, 0x49, 0x00, 0x00, 0x00, 0x00,
  0x00, 0x00, 0x00, 0x00, 0x00, 0x49, 0x00, 0x00, 0x00, 0x00, 0x00, 0x00,
  0x00, 0x00, 0x00, 0x00, 0x00, 0x00, 0x00, 0x00, 0x00, 0x00, 0x00, 0x00,
  0x00, 0x00, 0x00, 0x00, 0x00, 0x00, 0x00, 0x00, 0x00, 0x00, 0x49, 0x49,
  0x49, 0x49, 0x49, 0x49, 0x49, 0x49, 0x49, 0x49, 0x49, 0x49, 0x00, 0x49,
  0x00, 0x00, 0x00, 0x49, 0x49, 0x49, 0x49, 0x49, 0x00, 0x00, 0x00, 0x00,
  0x49, 0x49, 0x48, 0x49, 0x48, 0x00, 0x49, 0x00, 0x00, 0x00, 0x00, 0x00,
  0x00, 0x00, 0x00, 0x49, 0x00, 0x00, 0x49, 0x49, 0x00, 0x49, 0x49, 0x49,
  0x49, 0x49, 0x48, 0x49, 0x49, 0x49, 0x49, 0x49, 0x49, 0x49, 0x49, 0x49,
  0x49, 0x49, 0x49, 0x49, 0x49, 0x49, 0x49, 0x49, 0x49, 0x48, 0x49, 0x49,
  0x49, 0x49, 0x49, 0x49, 0x49, 0x49, 0x49, 0x49, 0x49, 0x49, 0x49, 0x49,
  0x49, 0x49, 0x49, 0x49, 0x49, 0x49, 0x49, 0x49, 0x49, 0x49, 0x49, 0x49,
  0x49, 0x49, 0x49, 0x49, 0x49, 0x49, 0x49, 0x49, 0x49, 0x49, 0x49, 0x49,
  0x49, 0x49, 0x49, 0x49, 0x00, 0x49, 0x49, 0x49, 0x49, 0x49, 0x49, 0x49,
  0x49, 0x49, 0x49, 0x49, 0x49, 0x51, 0x51, 0x51, 0x49, 0x00, 0x00, 0x49,
  0x49, 0x49, 0x49, 0x49, 0x49, 0x49, 0x49, 0x51, 0x51, 0x51, 0x49, 0x49,
  0x49, 0x49, 0x49, 0x49, 0x00, 0x00, 0x00, 0x00, 0x00, 0x00, 0x00, 0x00,
  0x00, 0x49, 0x00, 0x00, 0x00, 0x00, 0x00, 0x00, 0x00, 0x00, 0x00, 0x00,
  0x00, 0x00, 0x00, 0x00, 0x00, 0x00, 0x00, 0x00, 0x00, 0x00, 0x00, 0x00,
  0x00, 0x00, 0x00, 0x00, 0x00, 0x00, 0x00, 0x00, 0x49, 0x49, 0x49, 0x49,
  0x49, 0x49, 0x49, 0x49, 0x49, 0x49, 0x00, 0x49, 0x00, 0x00, 0x00, 0x49,
  0x49, 0x49, 0x49, 0x00, 0x00, 0x00, 0x00, 0x00, 0x49, 0x00, 0x49, 0x48,
  0x48, 0x00, 0x49, 0x00, 0x00, 0x00, 0x00, 0x00, 0x49, 0x00, 0x49, 0x00,
  0x00, 0x49, 0x49, 0x49, 0x00, 0x00, 0x49, 0x49, 0x49, 0x49, 0x49, 0x49,
  0x00, 0x00, 0x49, 0x49, 0x49, 0x49, 0x49, 0x49, 0x49, 0x49, 0x49, 0x49,
  0x49, 0x49, 0x49, 0x49, 0x49, 0x48, 0x49, 0x49, 0x49, 0x49, 0x49, 0x49,
  0x49, 0x49, 0x49, 0x49, 0x49, 0x49, 0x49, 0x49, 0x49, 0x49, 0x49, 0x49,
  0x49, 0x49, 0x49, 0x49, 0x49, 0x49, 0x49, 0x49, 0x49, 0x49, 0x49, 0x49,
  0x49, 0x49, 0x49, 0x49, 0x49, 0x49, 0x49, 0x49, 0x49, 0x49, 0x49, 0x49,
  0x49, 0x49, 0x49, 0x49, 0x49, 0x49, 0x49, 0x49, 0x49, 0x49, 0x49, 0x49,
  0x49, 0x49, 0x51, 0x51, 0x49, 0x49, 0x00, 0x00, 0x49, 0x49, 0x49, 0x49,
  0x49, 0x49, 0x49, 0x49, 0x51, 0x51, 0x49, 0x49, 0x49, 0x49, 0x49, 0x49,
  0x00, 0x00, 0x00, 0x00, 0x00, 0x00, 0x00, 0x00, 0x00, 0x49, 0x00, 0x00,
  0x00, 0x00, 0x00, 0x00, 0x00, 0x00, 0x00, 0x00, 0x00, 0x00, 0x00, 0x00,
  0x00, 0x00, 0x00, 0x00, 0x00, 0x00, 0x00, 0x00, 0x00, 0x00, 0x00, 0x00,
  0x00, 0x00, 0x00, 0x00, 0x49, 0x49, 0x49, 0x49, 0x49, 0x49, 0x49, 0x49,
  0x49, 0x49, 0x00, 0x00, 0x00, 0x00, 0x00, 0x49, 0x49, 0x49, 0x49, 0x00,
  0x00, 0x00, 0x00, 0x00, 0x00, 0x49, 0x48, 0x49, 0x48, 0x00, 0x00, 0x00,
  0x00, 0x00, 0x00, 0x00, 0x00, 0x00, 0x00, 0x00, 0x00, 0x49, 0x49, 0x49,
  0x00, 0x00, 0x49, 0x49, 0x49, 0x49, 0x49, 0x49, 0x00, 0x00, 0x00, 0x00,
  0x49, 0x49, 0x49, 0x49, 0x49, 0x49, 0x49, 0x49, 0x49, 0x49, 0x49, 0x49,
  0x48, 0x49, 0x49, 0x49, 0x49, 0x49, 0x49, 0x49, 0x49, 0x49, 0x49, 0x49,
  0x49, 0x49, 0x49, 0x49, 0x49, 0x49, 0x49, 0x49, 0x49, 0x49, 0x49, 0x49,
  0x49, 0x49, 0x49, 0x49, 0x49, 0x49, 0x49, 0x49, 0x49, 0x49, 0x49, 0x49,
  0x49, 0x49, 0x49, 0x49, 0x49, 0x49, 0x49, 0x49, 0x49, 0x49, 0x49, 0x49,
  0x49, 0x49, 0x49, 0x49, 0x49, 0x49, 0x49, 0x49, 0x49, 0x49, 0x51, 0x51,
  0x49, 0x49, 0x49, 0x00, 0x49, 0x49, 0x49, 0x49, 0x49, 0x49, 0x49, 0x51,
  0x51, 0x51, 0x51, 0x49, 0x49, 0x49, 0x49, 0x49, 0x00, 0x00, 0x00, 0x00,
  0x00, 0x00, 0x00, 0x00, 0x49, 0x49, 0x00, 0x00, 0x00, 0x00, 0x00, 0x00,
  0x00, 0x00, 0x00, 0x00, 0x00, 0x00, 0x00, 0x00, 0x00, 0x00, 0x00, 0x00,
  0x00, 0x00, 0x00, 0x00, 0x00, 0x00, 0x00, 0x00, 0x00, 0x00, 0x00, 0x49,
  0x49, 0x49, 0x49, 0x49, 0x49, 0x49, 0x49, 0x49, 0x49, 0x49, 0x00, 0x00,
  0x00, 0x00, 0x00, 0x00, 0x49, 0x49, 0x49, 0x00, 0x00, 0x00, 0x00, 0x00,
  0x49, 0x49, 0x48, 0x49, 0x49, 0x00, 0x00, 0x49, 0x00, 0x00, 0x00, 0x00,
  0x00, 0x00, 0x00, 0x00, 0x49, 0x49, 0x49, 0x49, 0x00, 0x00, 0x49, 0x49,
  0x49, 0x49, 0x49, 0x49, 0x49, 0x00, 0x00, 0x00, 0x00, 0x00, 0x49, 0x49,
  0x49, 0x49, 0x49, 0x49, 0x49, 0x49, 0x49, 0x49, 0x49, 0x48, 0x49, 0x49,
  0x49, 0x49, 0x49, 0x49, 0x49, 0x49, 0x49, 0x49, 0x49, 0x49, 0x49, 0x49,
  0x49, 0x49, 0x49, 0x49, 0x49, 0x49, 0x49, 0x49, 0x49, 0x49, 0x49, 0x49,
  0x49, 0x49, 0x49, 0x49, 0x49, 0x49, 0x49, 0x49, 0x49, 0x49, 0x49, 0x49,
  0x49, 0x49, 0x49, 0x49, 0x49, 0x49, 0x49, 0x49, 0x49, 0x49, 0x49, 0x49,
  0x49, 0x49, 0x49, 0x49, 0x49, 0x51, 0x51, 0x51, 0x49, 0x49, 0x49, 0x48,
  0x00, 0x49, 0x49, 0x49, 0x49, 0x49, 0x49, 0x51, 0x49, 0x51, 0x51, 0x49,
  0x49, 0x49, 0x49, 0x49, 0x00, 0x00, 0x00, 0x00, 0x00, 0x00, 0x00, 0x00,
  0x00, 0x00, 0x00, 0x00, 0x00, 0x00, 0x00, 0x00, 0x00, 0x00, 0x00, 0x00,
  0x00, 0x00, 0x00, 0x00, 0x00, 0x00, 0x00, 0x00, 0x00, 0x00, 0x00, 0x00,
  0x00, 0x00, 0x00, 0x00, 0x00, 0x00, 0x00, 0x00, 0x49, 0x49, 0x49, 0x49,
  0x49, 0x49, 0x49, 0x49, 0x49, 0x00, 0x00, 0x00, 0x00, 0x00, 0x00, 0x00,
  0x49, 0x49, 0x49, 0x49, 0x00, 0x00, 0x00, 0x49, 0x49, 0x49, 0x49, 0x48,
  0x49, 0x00, 0x49, 0x00, 0x00, 0x00, 0x00, 0x49, 0x00, 0x00, 0x00, 0x49,
  0x49, 0x49, 0x49, 0x00, 0x00, 0x00, 0x49, 0x49, 0x49, 0x49, 0x49, 0x49,
  0x49, 0x49, 0x00, 0x49, 0x00, 0x00, 0x00, 0x49, 0x49, 0x49, 0x49, 0x49,
  0x49, 0x49, 0x49, 0x49, 0x49, 0x48, 0x49, 0x49, 0x49, 0x49, 0x49, 0x49,
  0x49, 0x49, 0x49, 0x49, 0x49, 0x49, 0x49, 0x49, 0x49, 0x49, 0x49, 0x49,
  0x49, 0x49, 0x49, 0x49, 0x49, 0x49, 0x49, 0x49, 0x49, 0x49, 0x49, 0x49,
  0x49, 0x49, 0x49, 0x49, 0x49, 0x49, 0x49, 0x49, 0x49, 0x49, 0x49, 0x49,
  0x49, 0x49, 0x49, 0x49, 0x49, 0x49, 0x49, 0x49, 0x49, 0x49, 0x49, 0x49,
  0x49, 0x49, 0x49, 0x51, 0x51, 0x49, 0x49, 0x49, 0x00, 0x49, 0x49, 0x49,
  0x49, 0x49, 0x49, 0x51, 0x49, 0x51, 0x51, 0x49, 0x51, 0x51, 0x49, 0x49,
  0x00, 0x00, 0x00, 0x00, 0x00, 0x00, 0x00, 0x00, 0x00, 0x00, 0x49, 0x00,
  0x00, 0x00, 0x00, 0x00, 0x00, 0x00, 0x00, 0x00, 0x00, 0x00, 0x00, 0x00,
  0x00, 0x00, 0x00, 0x00, 0x00, 0x00, 0x00, 0x00, 0x00, 0x00, 0x00, 0x00,
  0x00, 0x00, 0x00, 0x00, 0x00, 0x49, 0x49, 0x49, 0x49, 0x49, 0x49, 0x49,
  0x00, 0x49, 0x00, 0x00, 0x00, 0x00, 0x00, 0x00, 0x49, 0x49, 0x49, 0x00,
  0x00, 0x00, 0x00, 0x49, 0x49, 0x49, 0x48, 0x48, 0x49, 0x00, 0x49, 0x00,
  0x00, 0x00, 0x00, 0x00, 0x00, 0x00, 0x49, 0x51, 0x49, 0x49, 0x49, 0x00,
  0x00, 0x49, 0x49, 0x49, 0x49, 0x49, 0x49, 0x49, 0x49, 0x49, 0x00, 0x00,
  0x00, 0x00, 0x00, 0x00, 0x49, 0x49, 0x49, 0x49, 0x49, 0x49, 0x49, 0x49,
  0x49, 0x49, 0x49, 0x49, 0x49, 0x49, 0x49, 0x49, 0x49, 0x49, 0x49, 0x49,
  0x49, 0x49, 0x49, 0x49, 0x49, 0x49, 0x49, 0x49, 0x49, 0x49, 0x49, 0x49,
  0x49, 0x49, 0x49, 0x49, 0x49, 0x49, 0x49, 0x49, 0x49, 0x49, 0x49, 0x49,
  0x49, 0x49, 0x49, 0x49, 0x49, 0x49, 0x49, 0x49, 0x49, 0x49, 0x49, 0x49,
  0x49, 0x49, 0x49, 0x49, 0x49, 0x49, 0x49, 0x49, 0x49, 0x49, 0x49, 0x51,
  0x51, 0x49, 0x49, 0x49, 0x49, 0x49, 0x49, 0x49, 0x49, 0x49, 0x49, 0x49,
  0x51, 0x51, 0x51, 0x51, 0x49, 0x49, 0x49, 0x51, 0x00, 0x00, 0x00, 0x00,
  0x00, 0x00, 0x00, 0x00, 0x00, 0x00, 0x00, 0x00, 0x00, 0x00, 0x00, 0x00,
  0x00, 0x00, 0x00, 0x00, 0x00, 0x00, 0x00, 0x00, 0x00, 0x00, 0x00, 0x00,
  0x00, 0x00, 0x00, 0x00, 0x00, 0x00, 0x00, 0x00, 0x00, 0x00, 0x00, 0x00,
  0x49, 0x49, 0x49, 0x49, 0x49, 0x49, 0x49, 0x49, 0x00, 0x49, 0x00, 0x00,
  0x00, 0x00, 0x00, 0x00, 0x49, 0x49, 0x49, 0x49, 0x00, 0x00, 0x00, 0x49,
  0x49, 0x49, 0x49, 0x49, 0x49, 0x49, 0x49, 0x00, 0x00, 0x00, 0x00, 0x00,
  0x00, 0x49, 0x49, 0x49, 0x49, 0x49, 0x00, 0x00, 0x00, 0x49, 0x0a, 0x49,
  0x49, 0x49, 0x49, 0x49, 0x49, 0x49, 0x49, 0x00, 0x00, 0x00, 0x00, 0x00,
  0x00, 0x00, 0x49, 0x49, 0x49, 0x49, 0x49, 0x49, 0x49, 0x48, 0x49, 0x49,
  0x49, 0x49, 0x49, 0x49, 0x49, 0x49, 0x49, 0x49, 0x49, 0x49, 0x49, 0x49,
  0x49, 0x49, 0x49, 0x49, 0x49, 0x49, 0x49, 0x49, 0x49, 0x49, 0x49, 0x49,
  0x49, 0x49, 0x49, 0x49, 0x49, 0x49, 0x49, 0x49, 0x49, 0x49, 0x49, 0x51,
  0x49, 0x49, 0x49, 0x49, 0x49, 0x49, 0x49, 0x49, 0x49, 0x49, 0x49, 0x49,
  0x49, 0x49, 0x49, 0x49, 0x49, 0x49, 0x51, 0x51, 0x51, 0x49, 0x49, 0x49,
  0x49, 0x49, 0x49, 0x49, 0x49, 0x49, 0x49, 0x49, 0x49, 0x49, 0x51, 0x51,
  0x49, 0x51, 0x49, 0x51, 0x00, 0x00, 0x00, 0x00, 0x00, 0x00, 0x00, 0x00,
  0x00, 0x00, 0x49, 0x00, 0x00, 0x00, 0x00, 0x00, 0x00, 0x00, 0x00, 0x00,
  0x00, 0x00, 0x00, 0x00, 0x00, 0x00, 0x00, 0x00, 0x00, 0x00, 0x00, 0x00,
  0x00, 0x00, 0x00, 0x00, 0x00, 0x00, 0x00, 0x00, 0x49, 0x49, 0x49, 0x49,
  0x49, 0x49, 0x49, 0x49, 0x00, 0x00, 0x00, 0x00, 0x00, 0x00, 0x00, 0x00,
  0x49, 0x49, 0x49, 0x49, 0x00, 0x00, 0x00, 0x49, 0x49, 0x49, 0x49, 0x49,
  0x49, 0x49, 0x00, 0x49, 0x49, 0x00, 0x00, 0x00, 0x49, 0x49, 0x49, 0x49,
  0x49, 0x49, 0x49, 0x00, 0x49, 0x49, 0x49, 0x49, 0x49, 0x49, 0x49, 0x49,
  0x49, 0x49, 0x49, 0x49, 0x49, 0x00, 0x00, 0x00, 0x00, 0x00, 0x00, 0x49,
  0x49, 0x49, 0x49, 0x49, 0x49, 0x49, 0x49, 0x49, 0x49, 0x49, 0x49, 0x49,
  0x49, 0x49, 0x49, 0x49, 0x49, 0x49, 0x49, 0x49, 0x49, 0x49, 0x49, 0x49,
  0x49, 0x49, 0x49, 0x49, 0x49, 0x49, 0x49, 0x49, 0x49, 0x49, 0x49, 0x49,
  0x49, 0x49, 0x49, 0x49, 0x49, 0x51, 0x51, 0x51, 0x49, 0x49, 0x49, 0x49,
  0x49, 0x49, 0x49, 0x49, 0x49, 0x49, 0x49, 0x49, 0x49, 0x49, 0x49, 0x49,
  0x49, 0x49, 0x49, 0x51, 0x51, 0x49, 0x49, 0x49, 0x49, 0x49, 0x49, 0x49,
  0x49, 0x49, 0x49, 0x49, 0x49, 0x51, 0x51, 0x51, 0x51, 0x49, 0x51, 0x49,
  0x00, 0x00, 0x00, 0x00, 0x00, 0x00, 0x00, 0x00, 0x00, 0x00, 0x49, 0x00,
  0x00, 0x00, 0x00, 0x00, 0x00, 0x00, 0x00, 0x00, 0x00, 0x00, 0x00, 0x00,
  0x00, 0x00, 0x00, 0x00, 0x00, 0x00, 0x00, 0x00, 0x00, 0x00, 0x00, 0x00,
  0x00, 0x00, 0x00, 0x00, 0x49, 0x49, 0x49, 0x49, 0x49, 0x49, 0x49, 0x49,
  0x00, 0x00, 0x00, 0x00, 0x00, 0x00, 0x00, 0x00, 0x49, 0x49, 0x49, 0x49,
  0x00, 0x00, 0x00, 0x49, 0x49, 0x49, 0x49, 0x49, 0x49, 0x49, 0x00, 0x49,
  0x49, 0x00, 0x00, 0x00, 0x49, 0x49, 0x49, 0x49, 0x49, 0x49, 0x49, 0x00,
  0x49, 0x49, 0x49, 0x49, 0x49, 0x49, 0x49, 0x49, 0x49, 0x49, 0x49, 0x49,
  0x49, 0x00, 0x00, 0x00, 0x00, 0x00, 0x00, 0x49, 0x49, 0x49, 0x49, 0x49,
  0x49, 0x49, 0x49, 0x49, 0x49, 0x49, 0x49, 0x49, 0x49, 0x49, 0x49, 0x49,
  0x49, 0x49, 0x49, 0x49, 0x49, 0x49, 0x49, 0x49, 0x49, 0x49, 0x49, 0x49,
  0x49, 0x49, 0x49, 0x49, 0x49, 0x49, 0x49, 0x49, 0x49, 0x49, 0x49, 0x49,
  0x49, 0x51, 0x51, 0x51, 0x49, 0x49, 0x49, 0x49, 0x49, 0x49, 0x49, 0x49,
  0x49, 0x49, 0x49, 0x49, 0x49, 0x49, 0x49, 0x49, 0x49, 0x49, 0x49, 0x51,
  0x51, 0x49, 0x49, 0x49, 0x49, 0x49, 0x49, 0x49, 0x49, 0x49, 0x49, 0x49,
  0x49, 0x51, 0x51, 0x51, 0x51, 0x49, 0x51, 0x49, 0x00, 0x00, 0x00, 0x00,
  0x00, 0x00, 0x00, 0x00, 0x49, 0x00, 0x49, 0x00, 0x00, 0x00, 0x00, 0x00,
  0x00, 0x00, 0x00, 0x00, 0x00, 0x00, 0x00, 0x00, 0x00, 0x49, 0x49, 0x00,
  0x00, 0x00, 0x00, 0x00, 0x00, 0x00, 0x00, 0x00, 0x00, 0x00, 0x00, 0x00,
  0x49, 0x49, 0x49, 0x49, 0x00, 0x49, 0x49, 0x49, 0x49, 0x00, 0x00, 0x00,
  0x00, 0x00, 0x00, 0x49, 0x49, 0x49, 0x49, 0x49, 0x00, 0x00, 0x00, 0x49,
  0x49, 0x49, 0x49, 0x49, 0x49, 0x49, 0x49, 0x49, 0x00, 0x00, 0x00, 0x49,
  0x49, 0x49, 0x49, 0x49, 0x49, 0x49, 0x00, 0x00, 0x49, 0x49, 0x49, 0x49,
  0x49, 0x49, 0x49, 0x49, 0x49, 0x49, 0x49, 0x49, 0x49, 0x00, 0x00, 0x00,
  0x00, 0x00, 0x00, 0x00, 0x49, 0x49, 0x49, 0x49, 0x49, 0x49, 0x49, 0x49,
  0x49, 0x49, 0x49, 0x49, 0x49, 0x49, 0x49, 0x49, 0x49, 0x49, 0x49, 0x49,
  0x49, 0x49, 0x49, 0x49, 0x49, 0x49, 0x49, 0x49, 0x49, 0x49, 0x49, 0x49,
  0x49, 0x49, 0x49, 0x49, 0x49, 0x49, 0x49, 0x49, 0x49, 0x51, 0x49, 0x49,
  0x49, 0x49, 0x49, 0x49, 0x49, 0x49, 0x49, 0x49, 0x49, 0x49, 0x49, 0x49,
  0x49, 0x49, 0x49, 0x49, 0x49, 0x49, 0x49, 0x51, 0x51, 0x51, 0x49, 0x49,
  0x49, 0x49, 0x49, 0x49, 0x49, 0x49, 0x49, 0x49, 0x49, 0x51, 0x51, 0x51,
  0x51, 0x49, 0x49, 0x49, 0x00, 0x00, 0x00, 0x00, 0x49, 0x00, 0x00, 0x00,
  0x49, 0x00, 0x49, 0x00, 0x00, 0x00, 0x00, 0x00, 0x00, 0x00, 0x00, 0x00,
  0x00, 0x00, 0x00, 0x00, 0x48, 0x49, 0x49, 0x49, 0x00, 0x00, 0x00, 0x00,
  0x00, 0x00, 0x00, 0x00, 0x00, 0x00, 0x00, 0x00, 0x49, 0x49, 0x49, 0x49,
  0x49, 0x49, 0x49, 0x49, 0x00, 0x00, 0x00, 0x00, 0x00, 0x00, 0x00, 0x00,
  0x49, 0x49, 0x49, 0x49, 0x00, 0x00, 0x00, 0x49, 0x49, 0x49, 0x00, 0x00,
  0x49, 0x49, 0x00, 0x00, 0x00, 0x00, 0x49, 0x49, 0x49, 0x49, 0x49, 0x49,
  0x49, 0x49, 0x00, 0x00, 0x49, 0x49, 0x49, 0x49, 0x49, 0x49, 0x49, 0x49,
  0x49, 0x49, 0x49, 0x49, 0x49, 0x49, 0x00, 0x00, 0x00, 0x00, 0x00, 0x00,
  0x00, 0x49, 0x49, 0x49, 0x49, 0x49, 0x49, 0x00, 0x49, 0x49, 0x49, 0x49,
  0x49, 0x49, 0x49, 0x49, 0x49, 0x49, 0x49, 0x49, 0x49, 0x49, 0x49, 0x49,
  0x49, 0x49, 0x49, 0x49, 0x49, 0x49, 0x49, 0x49, 0x49, 0x49, 0x49, 0x49,
  0x49, 0x49, 0x49, 0x49, 0x49, 0x51, 0x51, 0x49, 0x49, 0x49, 0x49, 0x49,
  0x49, 0x49, 0x49, 0x49, 0x49, 0x49, 0x49, 0x49, 0x49, 0x49, 0x49, 0x49,
  0x49, 0x49, 0x49, 0x51, 0x51, 0x51, 0x49, 0x49, 0x49, 0x49, 0x49, 0x49,
  0x49, 0x49, 0x49, 0x49, 0x51, 0x51, 0x51, 0x51, 0x51, 0x49, 0x49, 0x51,
  0x00, 0x00, 0x49, 0x48, 0x00, 0x00, 0x00, 0x00, 0x00, 0x48, 0x49, 0x00,
  0x00, 0x00, 0x00, 0x00, 0x00, 0x00, 0x00, 0x00, 0x00, 0x00, 0x00, 0x00,
  0x00, 0x00, 0x49, 0x49, 0x49, 0x49, 0x00, 0x00, 0x00, 0x00, 0x00, 0x00,
  0x00, 0x00, 0x00, 0x00, 0x49, 0x49, 0x49, 0x49, 0x49, 0x49, 0x49, 0x49,
  0x00, 0x00, 0x00, 0x00, 0x00, 0x00, 0x00, 0x00, 0x49, 0x49, 0x49, 0x48,
  0x00, 0x00, 0x00, 0x00, 0x00, 0x49, 0x49, 0x49, 0x49, 0x00, 0x00, 0x00,
  0x49, 0x49, 0x49, 0x49, 0x49, 0x49, 0x49, 0x49, 0x49, 0x49, 0x00, 0x0a,
  0x49, 0x49, 0x49, 0x49, 0x49, 0x49, 0x49, 0x49, 0x49, 0x49, 0x49, 0x49,
  0x49, 0x49, 0x49, 0x49, 0x00, 0x00, 0x00, 0x00, 0x00, 0x00, 0x49, 0x49,
  0x49, 0x49, 0x49, 0x00, 0x00, 0x49, 0x49, 0x49, 0x49, 0x49, 0x49, 0x49,
  0x49, 0x49, 0x49, 0x49, 0x49, 0x49, 0x49, 0x49, 0x49, 0x49, 0x49, 0x49,
  0x49, 0x49, 0x49, 0x49, 0x49, 0x49, 0x49, 0x49, 0x49, 0x49, 0x00, 0x49,
  0x49, 0x51, 0x51, 0x49, 0x49, 0x49, 0x49, 0x49, 0x49, 0x49, 0x49, 0x49,
  0x49, 0x49, 0x49, 0x49, 0x49, 0x49, 0x49, 0x49, 0x49, 0x49, 0x49, 0x51,
  0x51, 0x51, 0x51, 0x49, 0x49, 0x49, 0x49, 0x49, 0x49, 0x49, 0x49, 0x49,
  0x49, 0x51, 0x51, 0x51, 0x51, 0x51, 0x49, 0x51, 0x00, 0x00, 0x49, 0x49,
  0x00, 0x00, 0x00, 0x00, 0x00, 0x49, 0x48, 0x00, 0x00, 0x00, 0x00, 0x00,
  0x00, 0x00, 0x00, 0x00, 0x00, 0x00, 0x00, 0x00, 0x00, 0x00, 0x00, 0x49,
  0x00, 0x00, 0x49, 0x49, 0x00, 0x00, 0x00, 0x00, 0x00, 0x00, 0x00, 0x00,
  0x00, 0x00, 0x49, 0x49, 0x49, 0x49, 0x49, 0x49, 0x49, 0x00, 0x00, 0x00,
  0x00, 0x00, 0x00, 0x00, 0x49, 0x49, 0x49, 0x00, 0x00, 0x00, 0x00, 0x49,
  0x00, 0x49, 0x49, 0x00, 0x00, 0x00, 0x00, 0x49, 0x49, 0x49, 0x49, 0x49,
  0x49, 0x49, 0x49, 0x49, 0x49, 0x49, 0x00, 0x49, 0x49, 0x49, 0x49, 0x49,
  0x49, 0x49, 0x49, 0x49, 0x49, 0x49, 0x49, 0x49, 0x49, 0x49, 0x49, 0x49,
  0x49, 0x00, 0x00, 0x00, 0x00, 0x00, 0x00, 0x49, 0x49, 0x00, 0x49, 0x49,
  0x00, 0x49, 0x49, 0x49, 0x49, 0x49, 0x49, 0x49, 0x49, 0x49, 0x49, 0x49,
  0x49, 0x49, 0x49, 0x49, 0x49, 0x49, 0x49, 0x49, 0x49, 0x49, 0x49, 0x49,
  0x49, 0x49, 0x49, 0x49, 0x49, 0x49, 0x49, 0x49, 0x49, 0x49, 0x51, 0x49,
  0x49, 0x49, 0x49, 0x49, 0x49, 0x49, 0x49, 0x49, 0x49, 0x49, 0x49, 0x49,
  0x49, 0x49, 0x49, 0x49, 0x49, 0x49, 0x49, 0x49, 0x51, 0x51, 0x49, 0x49,
  0x49, 0x49, 0x49, 0x49, 0x49, 0x49, 0x49, 0x49, 0x49, 0x51, 0x51, 0x51,
  0x51, 0x51, 0x51, 0x49, 0x00, 0x00, 0x00, 0x00, 0x00, 0x00, 0x00, 0x00,
  0x00, 0x00, 0x00, 0x00, 0x00, 0x00, 0x00, 0x00, 0x00, 0x00, 0x00, 0x00,
  0x00, 0x00, 0x00, 0x00, 0x00, 0x00, 0x00, 0x49, 0x49, 0x00, 0x49, 0x49,
  0x49, 0x00, 0x00, 0x00, 0x00, 0x00, 0x00, 0x00, 0x00, 0x00, 0x00, 0x00,
  0x49, 0x49, 0x49, 0x49, 0x00, 0x00, 0x00, 0x00, 0x00, 0x00, 0x00, 0x00,
  0x49, 0x49, 0x49, 0x00, 0x00, 0x00, 0x00, 0x49, 0x49, 0x49, 0x49, 0x00,
  0x00, 0x00, 0x49, 0x49, 0x49, 0x49, 0x49, 0x49, 0x49, 0x49, 0x49, 0x49,
  0x49, 0x49, 0x00, 0x49, 0x49, 0x49, 0x49, 0x49, 0x0a, 0x49, 0x49, 0x49,
  0x49, 0x49, 0x49, 0x49, 0x49, 0x49, 0x49, 0x49, 0x51, 0x49, 0x00, 0x00,
  0x00, 0x00, 0x00, 0x00, 0x00, 0x00, 0x49, 0x49, 0x49, 0x49, 0x49, 0x49,
  0x49, 0x49, 0x49, 0x49, 0x49, 0x49, 0x49, 0x49, 0x49, 0x49, 0x49, 0x49,
  0x49, 0x49, 0x49, 0x49, 0x49, 0x49, 0x49, 0x49, 0x49, 0x49, 0x49, 0x49,
  0x49, 0x49, 0x49, 0x49, 0x49, 0x49, 0x49, 0x49, 0x49, 0x49, 0x49, 0x49,
  0x49, 0x49, 0x49, 0x49, 0x49, 0x49, 0x49, 0x49, 0x49, 0x49, 0x49, 0x49,
  0x49, 0x49, 0x49, 0x49, 0x51, 0x51, 0x51, 0x49, 0x49, 0x49, 0x49, 0x49,
  0x49, 0x49, 0x49, 0x49, 0x49, 0x51, 0x51, 0x51, 0x51, 0x51, 0x51, 0x51,
  0x00, 0x00, 0x00, 0x00, 0x00, 0x00, 0x00, 0x00, 0x00, 0x00, 0x00, 0x00,
  0x00, 0x49, 0x00, 0x00, 0x00, 0x00, 0x00, 0x00, 0x00, 0x00, 0x00, 0x00,
  0x00, 0x00, 0x00, 0x49, 0x00, 0x49, 0x00, 0x49, 0x49, 0x49, 0x49, 0x00,
  0x00, 0x00, 0x00, 0x00, 0x00, 0x00, 0x00, 0x49, 0x49, 0x49, 0x49, 0x49,
  0x49, 0x00, 0x00, 0x00, 0x00, 0x00, 0x00, 0x00, 0x49, 0x49, 0x49, 0x00,
  0x00, 0x00, 0x00, 0x49, 0x00, 0x00, 0x00, 0x00, 0x00, 0x49, 0x49, 0x49,
  0x49, 0x49, 0x49, 0x49, 0x49, 0x49, 0x49, 0x49, 0x49, 0x49, 0x0a, 0x49,
  0x49, 0x49, 0x49, 0x49, 0x49, 0x49, 0x49, 0x49, 0x49, 0x49, 0x49, 0x49,
  0x49, 0x49, 0x49, 0x49, 0x49, 0x49, 0x49, 0x00, 0x00, 0x00, 0x00, 0x00,
  0x00, 0x00, 0x00, 0x00, 0x00, 0x00, 0x49, 0x49, 0x49, 0x49, 0x49, 0x49,
  0x49, 0x49, 0x49, 0x49, 0x49, 0x49, 0x49, 0x49, 0x49, 0x49, 0x49, 0x49,
  0x49, 0x49, 0x49, 0x49, 0x49, 0x49, 0x49, 0x49, 0x49, 0x49, 0x49, 0x49,
  0x49, 0x51, 0x49, 0x49, 0x49, 0x49, 0x49, 0x49, 0x49, 0x49, 0x49, 0x49,
  0x49, 0x49, 0x49, 0x49, 0x49, 0x49, 0x49, 0x49, 0x49, 0x49, 0x49, 0x49,
  0x51, 0x51, 0x51, 0x51, 0x49, 0x49, 0x49, 0x49, 0x49, 0x49, 0x49, 0x49,
  0x49, 0x49, 0x51, 0x51, 0x51, 0x51, 0x51, 0x51, 0x00, 0x00, 0x49, 0x49,
  0x00, 0x00, 0x00, 0x00, 0x00, 0x49, 0x49, 0x49, 0x00, 0x49, 0x49, 0x00,
  0x00, 0x00, 0x00, 0x00, 0x00, 0x00, 0x00, 0x00, 0x00, 0x00, 0x00, 0x00,
  0x00, 0x49, 0x00, 0x49, 0x49, 0x49, 0x00, 0x00, 0x00, 0x00, 0x00, 0x00,
  0x00, 0x00, 0x00, 0x00, 0x00, 0x49, 0x49, 0x00, 0x49, 0x00, 0x00, 0x00,
  0x00, 0x00, 0x00, 0x00, 0x00, 0x49, 0x49, 0x00, 0x00, 0x00, 0x00, 0x00,
  0x00, 0x00, 0x00, 0x49, 0x49, 0x49, 0x49, 0x49, 0x49, 0x49, 0x49, 0x49,
  0x49, 0x49, 0x49, 0x49, 0x49, 0x49, 0x49, 0x49, 0x49, 0x49, 0x0a, 0x0a,
  0x49, 0x49, 0x49, 0x49, 0x49, 0x49, 0x49, 0x49, 0x49, 0x49, 0x49, 0x49,
  0x49, 0x49, 0x49, 0x49, 0x00, 0x00, 0x00, 0x00, 0x00, 0x00, 0x00, 0x00,
  0x00, 0x00, 0x49, 0x49, 0x49, 0x49, 0x49, 0x49, 0x49, 0x49, 0x49, 0x49,
  0x49, 0x49, 0x49, 0x49, 0x49, 0x49, 0x49, 0x49, 0x49, 0x49, 0x49, 0x49,
  0x49, 0x49, 0x49, 0x49, 0x49, 0x49, 0x49, 0x49, 0x49, 0x51, 0x49, 0x49,
  0x49, 0x49, 0x49, 0x49, 0x49, 0x49, 0x49, 0x49, 0x49, 0x49, 0x49, 0x49,
  0x49, 0x49, 0x49, 0x49, 0x49, 0x49, 0x49, 0x49, 0x51, 0x51, 0x51, 0x51,
  0x49, 0x49, 0x49, 0x49, 0x49, 0x49, 0x49, 0x49, 0x49, 0x51, 0x51, 0x51,
  0x51, 0x51, 0x51, 0x51, 0x00, 0x00, 0x00, 0x49, 0x00, 0x00, 0x00, 0x00,
  0x49, 0x49, 0x00, 0x49, 0x49, 0x00, 0x00, 0x00, 0x00, 0x00, 0x00, 0x00,
  0x00, 0x00, 0x00, 0x00, 0x00, 0x00, 0x00, 0x00, 0x00, 0x49, 0x00, 0x49,
  0x49, 0x49, 0x00, 0x00, 0x00, 0x00, 0x00, 0x00, 0x00, 0x00, 0x00, 0x00,
  0x00, 0x49, 0x49, 0x00, 0x49, 0x49, 0x00, 0x00, 0x00, 0x00, 0x00, 0x00,
  0x00, 0x49, 0x00, 0x00, 0x00, 0x00, 0x00, 0x00, 0x00, 0x00, 0x49, 0x49,
  0x49, 0x49, 0x49, 0x49, 0x49, 0x49, 0x49, 0x49, 0x49, 0x49, 0x49, 0x49,
  0x49, 0x00, 0x49, 0x49, 0x49, 0x0a, 0x49, 0x0a, 0x49, 0x49, 0x49, 0x49,
  0x49, 0x49, 0x49, 0x49, 0x49, 0x49, 0x49, 0x49, 0x49, 0x49, 0x49, 0x49,
  0x49, 0x00, 0x00, 0x00, 0x00, 0x49, 0x00, 0x00, 0x00, 0x00, 0x49, 0x49,
  0x49, 0x49, 0x49, 0x49, 0x49, 0x49, 0x49, 0x49, 0x49, 0x49, 0x49, 0x49,
  0x49, 0x49, 0x49, 0x49, 0x49, 0x49, 0x49, 0x49, 0x49, 0x48, 0x49, 0x49,
  0x49, 0x49, 0x49, 0x49, 0x49, 0x49, 0x49, 0x49, 0x49, 0x49, 0x49, 0x49,
  0x49, 0x49, 0x49, 0x49, 0x49, 0x49, 0x49, 0x49, 0x49, 0x49, 0x49, 0x49,
  0x49, 0x49, 0x51, 0x49, 0x51, 0x49, 0x51, 0x51, 0x51, 0x49, 0x49, 0x49,
  0x49, 0x49, 0x49, 0x49, 0x49, 0x51, 0x51, 0x51, 0x51, 0x51, 0x51, 0x51,
  0x00, 0x00, 0x00, 0x49, 0x00, 0x49, 0x00, 0x00, 0x49, 0x49, 0x00, 0x49,
  0x49, 0x49, 0x00, 0x00, 0x00, 0x00, 0x00, 0x00, 0x00, 0x00, 0x00, 0x00,
  0x00, 0x00, 0x00, 0x00, 0x00, 0x49, 0x00, 0x49, 0x49, 0x49, 0x00, 0x00,
  0x00, 0x00, 0x00, 0x00, 0x00, 0x00, 0x00, 0x00, 0x00, 0x00, 0x49, 0x49,
  0x49, 0x00, 0x00, 0x00, 0x00, 0x00, 0x00, 0x00, 0x00, 0x49, 0x00, 0x00,
  0x00, 0x00, 0x00, 0x00, 0x00, 0x49, 0x49, 0x49, 0x49, 0x49, 0x49, 0x49,
  0x49, 0x49, 0x49, 0x49, 0x49, 0x49, 0x49, 0x49, 0x49, 0x49, 0x49, 0x0a,
  0x49, 0x49, 0x49, 0x49, 0x49, 0x0a, 0x49, 0x0a, 0x49, 0x49, 0x49, 0x49,
  0x49, 0x49, 0x49, 0x49, 0x49, 0x49, 0x49, 0x49, 0x51, 0x49, 0x49, 0x00,
  0x00, 0x00, 0x00, 0x00, 0x00, 0x00, 0x00, 0x49, 0x49, 0x49, 0x49, 0x49,
  0x49, 0x49, 0x49, 0x49, 0x49, 0x49, 0x49, 0x49, 0x49, 0x49, 0x49, 0x49,
  0x49, 0x49, 0x49, 0x49, 0x00, 0x49, 0x49, 0x49, 0x49, 0x49, 0x49, 0x49,
  0x49, 0x49, 0x49, 0x49, 0x49, 0x49, 0x49, 0x49, 0x49, 0x49, 0x49, 0x49,
  0x49, 0x49, 0x49, 0x49, 0x49, 0x49, 0x49, 0x49, 0x49, 0x49, 0x49, 0x51,
  0x49, 0x49, 0x51, 0x49, 0x51, 0x49, 0x49, 0x49, 0x49, 0x49, 0x49, 0x49,
  0x49, 0x51, 0x51, 0x51, 0x51, 0x51, 0x51, 0x51, 0x00, 0x00, 0x00, 0x49,
  0x00, 0x00, 0x00, 0x00, 0x49, 0x00, 0x49, 0x49, 0x49, 0x49, 0x49, 0x49,
  0x00, 0x00, 0x00, 0x00, 0x00, 0x00, 0x00, 0x00, 0x00, 0x00, 0x00, 0x00,
  0x00, 0x49, 0x00, 0x49, 0x49, 0x49, 0x00, 0x00, 0x00, 0x00, 0x00, 0x00,
  0x00, 0x00, 0x00, 0x00, 0x00, 0x00, 0x00, 0x00, 0x49, 0x00, 0x00, 0x00,
  0x00, 0x00, 0x00, 0x00, 0x00, 0x49, 0x00, 0x00, 0x00, 0x00, 0x00, 0x49,
  0x49, 0x49, 0x49, 0x49, 0x49, 0x49, 0x49, 0x49, 0x49, 0x49, 0x49, 0x49,
  0x49, 0x49, 0x49, 0x51, 0x49, 0x49, 0x49, 0x49, 0x49, 0x49, 0x49, 0x49,
  0x49, 0x0a, 0x0a, 0x0a, 0x49, 0x49, 0x49, 0x49, 0x49, 0x49, 0x49, 0x49,
  0x49, 0x49, 0x49, 0x51, 0x49, 0x51, 0x49, 0x49, 0x00, 0x48, 0x49, 0x00,
  0x00, 0x00, 0x00, 0x00, 0x49, 0x49, 0x49, 0x49, 0x49, 0x49, 0x49, 0x49,
  0x49, 0x49, 0x49, 0x49, 0x49, 0x49, 0x49, 0x49, 0x49, 0x49, 0x49, 0x49,
  0x49, 0x49, 0x49, 0x49, 0x49, 0x49, 0x49, 0x49, 0x49, 0x49, 0x49, 0x49,
  0x49, 0x49, 0x49, 0x49, 0x49, 0x49, 0x49, 0x49, 0x49, 0x49, 0x49, 0x49,
  0x49, 0x49, 0x49, 0x49, 0x49, 0x49, 0x49, 0x51, 0x49, 0x49, 0x49, 0x51,
  0x51, 0x49, 0x49, 0x49, 0x49, 0x49, 0x49, 0x49, 0x49, 0x51, 0x51, 0x51,
  0x51, 0x51, 0x51, 0x51, 0x00, 0x00, 0x52, 0x00, 0x00, 0x00, 0x00, 0x00,
  0x00, 0x00, 0x49, 0x49, 0x49, 0x49, 0x49, 0x49, 0x49, 0x00, 0x00, 0x00,
  0x00, 0x00, 0x00, 0x00, 0x00, 0x00, 0x00, 0x00, 0x00, 0x00, 0x49, 0x00,
  0x49, 0x49, 0x00, 0x00, 0x00, 0x00, 0x00, 0x00, 0x00, 0x00, 0x00, 0x00,
  0x00, 0x00, 0x00, 0x00, 0x49, 0x00, 0x00, 0x00, 0x00, 0x00, 0x00, 0x00,
  0x00, 0x49, 0x00, 0x00, 0x00, 0x00, 0x49, 0x49, 0x49, 0x49, 0x49, 0x49,
  0x49, 0x49, 0x49, 0x49, 0x49, 0x49, 0x49, 0x49, 0x49, 0x49, 0x49, 0x49,
  0x49, 0x49, 0x49, 0x49, 0x49, 0x49, 0x49, 0x49, 0x49, 0x0a, 0x49, 0x0a,
  0x0a, 0x49, 0x49, 0x49, 0x49, 0x49, 0x49, 0x49, 0x49, 0x49, 0x49, 0x49,
  0x51, 0x51, 0x51, 0x51, 0x49, 0x48, 0x00, 0x00, 0x00, 0x00, 0x00, 0x00,
  0x49, 0x49, 0x49, 0x49, 0x49, 0x49, 0x49, 0x49, 0x49, 0x49, 0x49, 0x49,
  0x49, 0x49, 0x49, 0x49, 0x49, 0x49, 0x49, 0x49, 0x49, 0x49, 0x49, 0x49,
  0x49, 0x49, 0x49, 0x49, 0x49, 0x49, 0x49, 0x49, 0x49, 0x49, 0x49, 0x49,
  0x49, 0x49, 0x49, 0x49, 0x49, 0x49, 0x49, 0x49, 0x49, 0x49, 0x49, 0x49,
  0x49, 0x49, 0x49, 0x49, 0x49, 0x49, 0x49, 0x51, 0x51, 0x49, 0x49, 0x49,
  0x49, 0x49, 0x49, 0x49, 0x49, 0x51, 0x51, 0x51, 0x51, 0x51, 0x51, 0x51,
  0x00, 0x00, 0x08, 0x00, 0x00, 0x49, 0x00, 0x00, 0x00, 0x00, 0x49, 0x49,
  0x49, 0x49, 0x49, 0x49, 0x49, 0x00, 0x48, 0x00, 0x00, 0x00, 0x00, 0x00,
  0x00, 0x00, 0x00, 0x00, 0x00, 0x00, 0x00, 0x49, 0x49, 0x49, 0x49, 0x00,
  0x00, 0x00, 0x00, 0x00, 0x00, 0x00, 0x00, 0x00, 0x00, 0x00, 0x00, 0x00,
  0x00, 0x00, 0x00, 0x00, 0x00, 0x00, 0x00, 0x00, 0x00, 0x49, 0x00, 0x00,
  0x49, 0x49, 0x49, 0x49, 0x49, 0x49, 0x49, 0x49, 0x49, 0x49, 0x49, 0x49,
  0x49, 0x49, 0x49, 0x49, 0x49, 0x49, 0x49, 0x49, 0x49, 0x49, 0x0a, 0x0a,
  0x49, 0x4a, 0x49, 0x49, 0x49, 0x0a, 0x0a, 0x0a, 0x49, 0x49, 0x49, 0x49,
  0x49, 0x49, 0x49, 0x49, 0x49, 0x49, 0x49, 0x49, 0x49, 0x51, 0x49, 0x51,
  0x51, 0x49, 0x49, 0x00, 0x00, 0x00, 0x00, 0x00, 0x00, 0x49, 0x49, 0x49,
  0x49, 0x49, 0x49, 0x49, 0x49, 0x49, 0x49, 0x49, 0x49, 0x49, 0x49, 0x49,
  0x49, 0x51, 0x49, 0x49, 0x49, 0x49, 0x49, 0x49, 0x49, 0x49, 0x49, 0x49,
  0x49, 0x49, 0x49, 0x49, 0x49, 0x49, 0x49, 0x49, 0x49, 0x49, 0x49, 0x49,
  0x49, 0x49, 0x49, 0x49, 0x49, 0x49, 0x49, 0x49, 0x49, 0x49, 0x49, 0x49,
  0x49, 0x49, 0x49, 0x49, 0x51, 0x51, 0x49, 0x49, 0x49, 0x51, 0x49, 0x49,
  0x49, 0x51, 0x51, 0x51, 0x51, 0x51, 0x51, 0x51, 0x00, 0x00, 0xff, 0x49,
  0x49, 0x00, 0x00, 0x00, 0x00, 0x00, 0x49, 0x49, 0x49, 0x49, 0x49, 0x49,
  0x49, 0x49, 0x49, 0x49, 0x48, 0x00, 0x00, 0x00, 0x00, 0x00, 0x00, 0x00,
  0x00, 0x00, 0x00, 0x00, 0x49, 0x49, 0x49, 0x49, 0x00, 0x00, 0x00, 0x00,
  0x00, 0x00, 0x00, 0x00, 0x00, 0x00, 0x00, 0x00, 0x00, 0x00, 0x00, 0x00,
  0x00, 0x00, 0x00, 0x00, 0x00, 0x49, 0x49, 0x49, 0x49, 0x49, 0x49, 0x49,
  0x49, 0x49, 0x49, 0x49, 0x49, 0x49, 0x49, 0x49, 0x49, 0x49, 0x49, 0x49,
  0x49, 0x49, 0x49, 0x49, 0x49, 0x49, 0x49, 0x49, 0x49, 0x49, 0x4a, 0x4a,
  0x4a, 0x49, 0x49, 0x49, 0x49, 0x49, 0x49, 0x49, 0x49, 0x49, 0x49, 0x49,
  0x49, 0x49, 0x49, 0x49, 0x49, 0x49, 0x49, 0x49, 0x49, 0x51, 0x51, 0x49,
  0x00, 0x00, 0x00, 0x00, 0x00, 0x00, 0x49, 0x49, 0x49, 0x49, 0x49, 0x49,
  0x49, 0x49, 0x49, 0x49, 0x49, 0x49, 0x49, 0x49, 0x49, 0x49, 0x49, 0x49,
  0x49, 0x49, 0x49, 0x49, 0x49, 0x49, 0x49, 0x49, 0x49, 0x49, 0x49, 0x49,
  0x49, 0x49, 0x49, 0x49, 0x49, 0x49, 0x49, 0x49, 0x49, 0x49, 0x49, 0x49,
  0x49, 0x49, 0x49, 0x49, 0x49, 0x49, 0x49, 0x49, 0x49, 0x51, 0x49, 0x49,
  0x51, 0x51, 0x49, 0x49, 0x49, 0x49, 0x49, 0x49, 0x51, 0x51, 0x51, 0x51,
  0x51, 0x51, 0x51, 0x49, 0x00, 0x00, 0xff, 0xf7, 0x00, 0x49, 0x00, 0x00,
  0x00, 0x00, 0x49, 0x49, 0x49, 0x49, 0x49, 0x49, 0x49, 0x49, 0x49, 0x49,
  0x49, 0x00, 0x00, 0x00, 0x00, 0x00, 0x00, 0x00, 0x00, 0x00, 0x00, 0x00,
  0x00, 0x49, 0x00, 0x00, 0x00, 0x00, 0x00, 0x00, 0x00, 0x00, 0x49, 0x00,
  0x49, 0x00, 0x00, 0x00, 0x00, 0x00, 0x00, 0x00, 0x00, 0x00, 0x00, 0x00,
  0x00, 0x49, 0x49, 0x49, 0x49, 0x49, 0x49, 0x49, 0x49, 0x49, 0x49, 0x49,
  0x49, 0x49, 0x49, 0x49, 0x49, 0x49, 0x49, 0x49, 0x49, 0x49, 0x49, 0x49,
  0x49, 0x49, 0x0a, 0x0a, 0x4a, 0x4a, 0x4a, 0x4a, 0x4a, 0x4a, 0x4a, 0x0a,
  0x49, 0x49, 0x49, 0x49, 0x49, 0x49, 0x49, 0x49, 0x49, 0x49, 0x49, 0x49,
  0x49, 0x49, 0x49, 0x49, 0x49, 0x49, 0x49, 0x49, 0x49, 0x00, 0x00, 0x00,
  0x00, 0x00, 0x49, 0x49, 0x49, 0x49, 0x49, 0x49, 0x49, 0x49, 0x49, 0x49,
  0x49, 0x49, 0x49, 0x49, 0x51, 0x49, 0x49, 0x49, 0x49, 0x49, 0x49, 0x49,
  0x49, 0x49, 0x49, 0x49, 0x49, 0x49, 0x49, 0x49, 0x49, 0x49, 0x49, 0x49,
  0x49, 0x49, 0x49, 0x49, 0x49, 0x49, 0x49, 0x49, 0x49, 0x49, 0x49, 0x49,
  0x49, 0x49, 0x49, 0x49, 0x49, 0x49, 0x49, 0x51, 0x49, 0x49, 0x49, 0x49,
  0x51, 0x51, 0x51, 0x51, 0x51, 0x51, 0x51, 0x51, 0x51, 0x51, 0x51, 0x51,
  0x00, 0x00, 0xff, 0xff, 0x00, 0x00, 0x49, 0x00, 0x00, 0x49, 0x00, 0x49,
  0x49, 0x49, 0x49, 0x49, 0x49, 0x49, 0x49, 0x49, 0x49, 0x00, 0x00, 0x00,
  0x00, 0x00, 0x00, 0x00, 0x00, 0x00, 0x00, 0x00, 0x00, 0x00, 0x00, 0x00,
  0x00, 0x00, 0x00, 0x00, 0x00, 0x00, 0x00, 0x49, 0x49, 0x49, 0x00, 0x00,
  0x00, 0x00, 0x00, 0x00, 0x00, 0x00, 0x00, 0x00, 0x00, 0x49, 0x49, 0x49,
  0x49, 0x49, 0x49, 0x49, 0x49, 0x49, 0x49, 0x49, 0x49, 0x49, 0x49, 0x49,
  0x49, 0x49, 0x49, 0x49, 0x49, 0x49, 0x49, 0x49, 0x49, 0x0a, 0x0a, 0x0a,
  0x0a, 0x0a, 0x4a, 0x4a, 0x4a, 0x4a, 0x4a, 0x4a, 0x0a, 0x49, 0x49, 0x49,
  0x49, 0x49, 0x49, 0x49, 0x49, 0x49, 0x49, 0x49, 0x49, 0x49, 0x49, 0x49,
  0x49, 0x49, 0x49, 0x49, 0x49, 0x49, 0x49, 0x00, 0x00, 0x00, 0x49, 0x49,
  0x49, 0x49, 0x49, 0x49, 0x49, 0x49, 0x49, 0x49, 0x49, 0x49, 0x49, 0x49,
  0x49, 0x49, 0x49, 0x49, 0x49, 0x49, 0x49, 0x49, 0x49, 0x49, 0x49, 0x49,
  0x49, 0x49, 0x49, 0x49, 0x49, 0x49, 0x49, 0x49, 0x49, 0x49, 0x49, 0x49,
  0x49, 0x49, 0x49, 0x49, 0x49, 0x49, 0x49, 0x49, 0x49, 0x49, 0x49, 0x49,
  0x49, 0x49, 0x49, 0x49, 0x49, 0x49, 0x49, 0x49, 0x51, 0x51, 0x51, 0x51,
  0x51, 0x51, 0x51, 0x51, 0x51, 0x51, 0x51, 0x51, 0x00, 0x00, 0xff, 0xff,
  0x52, 0x00, 0x00, 0x00, 0x00, 0x00, 0x00, 0x49, 0x49, 0x49, 0x49, 0x49,
  0x49, 0x49, 0x49, 0x49, 0x49, 0x49, 0x00, 0x00, 0x00, 0x00, 0x00, 0x00,
  0x00, 0x00, 0x00, 0x00, 0x00, 0x00, 0x49, 0x00, 0x00, 0x00, 0x00, 0x00,
  0x00, 0x00, 0x00, 0x49, 0x49, 0x00, 0x49, 0x00, 0x00, 0x00, 0x00, 0x00,
  0x00, 0x00, 0x00, 0x00, 0x00, 0x49, 0x00, 0x00, 0x49, 0x49, 0x49, 0x49,
  0x49, 0x49, 0x49, 0x49, 0x49, 0x49, 0x49, 0x49, 0x49, 0x49, 0x49, 0x49,
  0x49, 0x51, 0x49, 0x49, 0x49, 0x0a, 0x0a, 0x0a, 0x4a, 0x4a, 0x4a, 0x4a,
  0x4a, 0x4a, 0x4a, 0x4a, 0x49, 0x49, 0x49, 0x49, 0x49, 0x49, 0x49, 0x49,
  0x49, 0x49, 0x49, 0x49, 0x49, 0x49, 0x49, 0x49, 0x49, 0x49, 0x49, 0x49,
  0x49, 0x49, 0x49, 0x49, 0x00, 0x00, 0x49, 0x49, 0x49, 0x49, 0x49, 0x49,
  0x49, 0x49, 0x49, 0x49, 0x49, 0x49, 0x49, 0x49, 0x49, 0x49, 0x49, 0x49,
  0x49, 0x49, 0x49, 0x49, 0x49, 0x49, 0x49, 0x49, 0x49, 0x49, 0x49, 0x49,
  0x49, 0x49, 0x49, 0x49, 0x49, 0x49, 0x49, 0x49, 0x49, 0x49, 0x49, 0x49,
  0x49, 0x49, 0x49, 0x49, 0x49, 0x49, 0x49, 0x49, 0x49, 0x49, 0x49, 0x49,
  0x49, 0x49, 0x51, 0x49, 0x49, 0x51, 0x51, 0x51, 0x51, 0x51, 0x51, 0x51,
  0x51, 0x51, 0x51, 0x49, 0x00, 0x00, 0xff, 0xff, 0xac, 0x00, 0x00, 0x00,
  0x00, 0x00, 0x00, 0x00, 0x00, 0x00, 0x49, 0x49, 0x49, 0x49, 0x49, 0x49,
  0x49, 0x49, 0x00, 0x00, 0x00, 0x49, 0x00, 0x00, 0x00, 0x00, 0x00, 0x00,
  0x00, 0x00, 0x49, 0x00, 0x00, 0x00, 0x00, 0x00, 0x49, 0x00, 0x00, 0x49,
  0x00, 0x00, 0x00, 0x49, 0x00, 0x00, 0x49, 0x49, 0x00, 0x00, 0x00, 0x00,
  0x00, 0x00, 0x00, 0x00, 0x00, 0x00, 0x49, 0x49, 0x49, 0x49, 0x49, 0x49,
  0x49, 0x49, 0x49, 0x49, 0x49, 0x49, 0x49, 0x49, 0x49, 0x49, 0x49, 0x49,
  0x49, 0x49, 0x0a, 0x49, 0x0a, 0x0a, 0x4a, 0x4a, 0x4a, 0x4a, 0x4a, 0x4a,
  0x4a, 0x0a, 0x49, 0x49, 0x49, 0x49, 0x49, 0x49, 0x49, 0x49, 0x49, 0x49,
  0x49, 0x49, 0x49, 0x49, 0x49, 0x49, 0x49, 0x49, 0x49, 0x49, 0x51, 0x51,
  0x52, 0x00, 0x49, 0x49, 0x49, 0x49, 0x49, 0x49, 0x49, 0x49, 0x49, 0x49,
  0x49, 0x49, 0x49, 0x49, 0x49, 0x49, 0x49, 0x49, 0x49, 0x49, 0x49, 0x49,
  0x49, 0x49, 0x49, 0x49, 0x49, 0x49, 0x49, 0x49, 0x49, 0x49, 0x49, 0x49,
  0x49, 0x49, 0x49, 0x49, 0x49, 0x49, 0x49, 0x49, 0x49, 0x49, 0x49, 0x49,
  0x49, 0x49, 0x49, 0x49, 0x49, 0x49, 0x49, 0x49, 0x51, 0x51, 0x51, 0x49,
  0x49, 0x51, 0x51, 0x51, 0x51, 0x51, 0x51, 0x51, 0x51, 0x51, 0x51, 0x51,
  0x00, 0x00, 0xff, 0xff, 0xf6, 0x00, 0x49, 0x00, 0x00, 0x00, 0x00, 0x00,
  0x00, 0x00, 0x49, 0x49, 0x00, 0x49, 0x49, 0x49, 0x49, 0x49, 0x49, 0x00,
  0x49, 0x49, 0x00, 0x00, 0x00, 0x00, 0x00, 0x00, 0x00, 0x49, 0x00, 0x49,
  0x48, 0x00, 0x00, 0x00, 0x00, 0x00, 0x00, 0x00, 0x00, 0x00, 0x00, 0x49,
  0x00, 0x00, 0x00, 0x49, 0x00, 0x00, 0x00, 0x00, 0x00, 0x00, 0x00, 0x00,
  0x00, 0x00, 0x00, 0x49, 0x49, 0x49, 0x49, 0x49, 0x49, 0x49, 0x49, 0x49,
  0x49, 0x49, 0x49, 0x49, 0x49, 0x49, 0x0a, 0x49, 0x49, 0x49, 0x0a, 0x49,
  0x0a, 0x0a, 0x0a, 0x4a, 0x4a, 0x4a, 0x4a, 0x4a, 0x4a, 0x4a, 0x49, 0x49,
  0x0a, 0x0a, 0x49, 0x49, 0x49, 0x49, 0x49, 0x49, 0x49, 0x49, 0x49, 0x49,
  0x49, 0x49, 0x49, 0x49, 0x49, 0x49, 0x51, 0x52, 0x49, 0x00, 0x00, 0x49,
  0x49, 0x49, 0x49, 0x49, 0x49, 0x49, 0x49, 0x49, 0x49, 0x49, 0x49, 0x49,
  0x49, 0x49, 0x49, 0x49, 0x49, 0x49, 0x49, 0x49, 0x49, 0x49, 0x49, 0x49,
  0x49, 0x49, 0x49, 0x49, 0x49, 0x49, 0x49, 0x49, 0x49, 0x49, 0x49, 0x49,
  0x49, 0x49, 0x49, 0x49, 0x49, 0x49, 0x49, 0x49, 0x49, 0x49, 0x49, 0x49,
  0x49, 0x49, 0x49, 0x51, 0x51, 0x49, 0x49, 0x49, 0x49, 0x51, 0x51, 0x51,
  0x51, 0x51, 0x51, 0x51, 0x51, 0x51, 0x51, 0x51, 0x00, 0x00, 0xff, 0xff,
  0xff, 0x00, 0x00, 0x00, 0x00, 0x49, 0x49, 0x00, 0x00, 0x00, 0x00, 0x00,
  0x00, 0x00, 0x00, 0x00, 0x00, 0x00, 0x00, 0x00, 0x49, 0x49, 0x49, 0x00,
  0x00, 0x00, 0x00, 0x00, 0x00, 0x49, 0x48, 0x49, 0x00, 0x00, 0x00, 0x00,
  0x00, 0x00, 0x00, 0x00, 0x00, 0x00, 0x49, 0x49, 0x00, 0x49, 0x00, 0x00,
  0x49, 0x00, 0x00, 0x00, 0x00, 0x00, 0x00, 0x00, 0x00, 0x00, 0x00, 0x00,
  0x49, 0x49, 0x49, 0x49, 0x49, 0x49, 0x49, 0x49, 0x49, 0x49, 0x49, 0x49,
  0x49, 0x49, 0x0a, 0x49, 0x49, 0x49, 0x49, 0x0a, 0x0a, 0x0a, 0x0a, 0x0a,
  0x0a, 0x4a, 0x4a, 0x4a, 0x4a, 0x4a, 0x49, 0x0a, 0x0a, 0x49, 0x49, 0x49,
  0x49, 0x49, 0x49, 0x49, 0x49, 0x49, 0x49, 0x49, 0x49, 0x51, 0x49, 0x49,
  0x49, 0x49, 0x51, 0x49, 0x00, 0x00, 0x00, 0x49, 0x49, 0x49, 0x49, 0x49,
  0x49, 0x49, 0x49, 0x49, 0x49, 0x49, 0x51, 0x49, 0x49, 0x49, 0x49, 0x49,
  0x49, 0x49, 0x49, 0x49, 0x49, 0x49, 0x49, 0x49, 0x49, 0x49, 0x49, 0x49,
  0x49, 0x49, 0x49, 0x49, 0x49, 0x49, 0x49, 0x49, 0x49, 0x49, 0x49, 0x49,
  0x49, 0x49, 0x49, 0x49, 0x49, 0x49, 0x49, 0x49, 0x49, 0x49, 0x49, 0x51,
  0x49, 0x51, 0x51, 0x51, 0x49, 0x51, 0x51, 0x51, 0x49, 0x51, 0x51, 0x51,
  0x51, 0x51, 0x51, 0x51, 0x00, 0x00, 0xff, 0xff, 0xff, 0x00, 0x49, 0x00,
  0x00, 0x00, 0x00, 0x00, 0x00, 0x00, 0x00, 0x00, 0x00, 0x00, 0x00, 0x00,
  0x00, 0x00, 0x00, 0x49, 0x00, 0x00, 0x49, 0x00, 0x00, 0x00, 0x00, 0x00,
  0x00, 0x00, 0x00, 0x49, 0x00, 0x00, 0x00, 0x00, 0x00, 0x00, 0x00, 0x00,
  0x00, 0x00, 0x49, 0x49, 0x49, 0x49, 0x00, 0x00, 0x49, 0x48, 0x00, 0x00,
  0x00, 0x00, 0x00, 0x00, 0x00, 0x00, 0x00, 0x00, 0x49, 0x49, 0x49, 0x49,
  0x49, 0x49, 0x49, 0x49, 0x49, 0x49, 0x49, 0x49, 0x49, 0x00, 0x49, 0x0a,
  0x49, 0x49, 0x49, 0x49, 0x49, 0x0a, 0x49, 0x4a, 0x4a, 0x4a, 0x4a, 0x4a,
  0x4a, 0x52, 0x49, 0x11, 0x49, 0x49, 0x49, 0x49, 0x49, 0x49, 0x49, 0x49,
  0x49, 0x49, 0x49, 0x49, 0x49, 0x49, 0x49, 0x49, 0x49, 0x49, 0x51, 0x00,
  0x00, 0x00, 0x00, 0x49, 0x49, 0x49, 0x49, 0x49, 0x49, 0x49, 0x49, 0x49,
  0x49, 0x49, 0x49, 0x49, 0x49, 0x49, 0x49, 0x49, 0x49, 0x49, 0x49, 0x49,
  0x49, 0x49, 0x49, 0x49, 0x49, 0x49, 0x49, 0x49, 0x49, 0x49, 0x49, 0x49,
  0x49, 0x49, 0x49, 0x49, 0x49, 0x49, 0x49, 0x49, 0x49, 0x49, 0x49, 0x49,
  0x49, 0x49, 0x49, 0x49, 0x51, 0x51, 0x51, 0x51, 0x51, 0x49, 0x49, 0x51,
  0x49, 0x51, 0x51, 0x51, 0x51, 0x51, 0x51, 0x51, 0x51, 0x51, 0x51, 0x49,
  0x00, 0x00, 0xff, 0xff, 0xff, 0x00, 0x49, 0x00, 0x00, 0x00, 0x00, 0x00,
  0x00, 0x00, 0x00, 0x00, 0x00, 0x00, 0x00, 0x00, 0x00, 0x00, 0x00, 0x49,
  0x00, 0x00, 0x49, 0x00, 0x00, 0x00, 0x00, 0x00, 0x00, 0x00, 0x00, 0x49,
  0x00, 0x00, 0x00, 0x00, 0x00, 0x00, 0x00, 0x00, 0x00, 0x00, 0x49, 0x49,
  0x49, 0x49, 0x00, 0x00, 0x49, 0x48, 0x00, 0x00, 0x00, 0x00, 0x00, 0x00,
  0x00, 0x00, 0x00, 0x00, 0x49, 0x49, 0x49, 0x49, 0x49, 0x49, 0x49, 0x49,
  0x49, 0x49, 0x49, 0x49, 0x49, 0x00, 0x49, 0x0a, 0x49, 0x49, 0x49, 0x49,
  0x49, 0x0a, 0x49, 0x4a, 0x4a, 0x4a, 0x4a, 0x4a, 0x4a, 0x52, 0x49, 0x11,
  0x49, 0x49, 0x49, 0x49, 0x49, 0x49, 0x49, 0x49, 0x49, 0x49, 0x49, 0x49,
  0x49, 0x49, 0x49, 0x49, 0x49, 0x49, 0x51, 0x00, 0x00, 0x00, 0x00, 0x49,
  0x49, 0x49, 0x49, 0x49, 0x49, 0x49, 0x49, 0x49, 0x49, 0x49, 0x49, 0x49,
  0x49, 0x49, 0x49, 0x49, 0x49, 0x49, 0x49, 0x49, 0x49, 0x49, 0x49, 0x49,
  0x49, 0x49, 0x49, 0x49, 0x49, 0x49, 0x49, 0x49, 0x49, 0x49, 0x49, 0x49,
  0x49, 0x49, 0x49, 0x49, 0x49, 0x49, 0x49, 0x49, 0x49, 0x49, 0x49, 0x49,
  0x51, 0x51, 0x51, 0x51, 0x51, 0x49, 0x49, 0x51, 0x49, 0x51, 0x51, 0x51,
  0x51, 0x51, 0x51, 0x51, 0x51, 0x51, 0x51, 0x52, 0x00, 0x00, 0xff, 0xff,
  0xff, 0x00, 0x49, 0x00, 0x49, 0x49, 0x00, 0x49, 0x49, 0x00, 0x00, 0x00,
  0x00, 0x00, 0x00, 0x00, 0x00, 0x00, 0x00, 0x00, 0x49, 0x00, 0x00, 0x00,
  0x00, 0x00, 0x00, 0x00, 0x00, 0x00, 0x00, 0x49, 0x49, 0x49, 0x00, 0x00,
  0x00, 0x00, 0x00, 0x00, 0x00, 0x00, 0x00, 0x00, 0x00, 0x00, 0x49, 0x00,
  0x00, 0x49, 0x00, 0x00, 0x00, 0x00, 0x00, 0x00, 0x00, 0x00, 0x00, 0x49,
  0x49, 0x49, 0x49, 0x49, 0x49, 0x49, 0x49, 0x49, 0x49, 0x49, 0x51, 0x49,
  0x49, 0x49, 0x0a, 0x0a, 0x49, 0x0a, 0x49, 0x49, 0x49, 0x0a, 0x4a, 0x4a,
  0x49, 0x4a, 0x4a, 0x4a, 0x4a, 0x4a, 0x49, 0x49, 0x49, 0x49, 0x49, 0x49,
  0x49, 0x49, 0x49, 0x49, 0x49, 0x49, 0x49, 0x49, 0x51, 0x49, 0x49, 0x49,
  0x49, 0x52, 0x00, 0x00, 0x00, 0x00, 0x00, 0x00, 0x49, 0x49, 0x49, 0x49,
  0x49, 0x49, 0x49, 0x49, 0x49, 0x49, 0x49, 0x49, 0x49, 0x49, 0x49, 0x49,
  0x49, 0x49, 0x49, 0x49, 0x49, 0x49, 0x49, 0x49, 0x49, 0x49, 0x49, 0x49,
  0x49, 0x49, 0x49, 0x49, 0x49, 0x49, 0x49, 0x49, 0x49, 0x49, 0x49, 0x49,
  0x49, 0x49, 0x49, 0x49, 0x49, 0x49, 0x49, 0x49, 0x49, 0x51, 0x49, 0x51,
  0x51, 0x51, 0x49, 0x51, 0x49, 0x49, 0x51, 0x51, 0x51, 0x51, 0x51, 0x51,
  0x51, 0x51, 0x51, 0xff, 0x00, 0x00, 0xff, 0xff, 0xff, 0x49, 0x49, 0x00,
  0x00, 0x49, 0x49, 0x49, 0x00, 0x00, 0x49, 0x00, 0x00, 0x00, 0x00, 0x00,
  0x00, 0x00, 0x00, 0x00, 0x00, 0x00, 0x00, 0x00, 0x00, 0x00, 0x00, 0x00,
  0x00, 0x00, 0x00, 0x49, 0x49, 0x49, 0x00, 0x00, 0x00, 0x00, 0x00, 0x00,
  0x00, 0x00, 0x00, 0x00, 0x00, 0x48, 0x00, 0x49, 0x00, 0x00, 0x00, 0x00,
  0x00, 0x00, 0x00, 0x00, 0x00, 0x00, 0x00, 0x49, 0x48, 0x49, 0x49, 0x49,
  0x49, 0x49, 0x49, 0x49, 0x49, 0x49, 0x51, 0x49, 0x49, 0x49, 0x49, 0x49,
  0x49, 0x49, 0x0a, 0x49, 0x0a, 0x0a, 0x49, 0x49, 0x49, 0x49, 0x4a, 0x4a,
  0x0a, 0x4a, 0x4a, 0x49, 0x49, 0x49, 0x49, 0x49, 0x49, 0x49, 0x49, 0x49,
  0x49, 0x49, 0x49, 0x51, 0x49, 0x49, 0x49, 0x49, 0x52, 0x49, 0x00, 0x00,
  0x00, 0x00, 0x00, 0x00, 0x00, 0x00, 0x49, 0x49, 0x49, 0x49, 0x49, 0x49,
  0x49, 0x49, 0x49, 0x49, 0x49, 0x49, 0x49, 0x49, 0x49, 0x49, 0x49, 0x49,
  0x49, 0x49, 0x49, 0x49, 0x49, 0x49, 0x49, 0x49, 0x49, 0x49, 0x49, 0x49,
  0x49, 0x49, 0x49, 0x49, 0x49, 0x49, 0x51, 0x51, 0x49, 0x49, 0x49, 0x49,
  0x49, 0x49, 0x49, 0x49, 0x49, 0x49, 0x49, 0x51, 0x51, 0x51, 0x51, 0x49,
  0x51, 0x49, 0x51, 0x51, 0x51, 0x51, 0x51, 0x51, 0x51, 0x51, 0x49, 0xff,
  0x00, 0x00, 0xff, 0xff, 0xff, 0x52, 0x49, 0x49, 0x49, 0x49, 0x49, 0x49,
  0x49, 0x49, 0x00, 0x00, 0x00, 0x00, 0x00, 0x00, 0x00, 0x00, 0x00, 0x00,
  0x49, 0x00, 0x00, 0x00, 0x00, 0x00, 0x00, 0x00, 0x00, 0x00, 0x00, 0x49,
  0x00, 0x49, 0x00, 0x00, 0x00, 0x00, 0x00, 0x00, 0x00, 0x00, 0x00, 0x00,
  0x48, 0x48, 0x00, 0x49, 0x49, 0x00, 0x00, 0x00, 0x49, 0x49, 0x00, 0x00,
  0x00, 0x00, 0x00, 0x00, 0x49, 0x49, 0x49, 0x49, 0x49, 0x49, 0x49, 0x49,
  0x49, 0x49, 0x51, 0x49, 0x00, 0x49, 0x49, 0x49, 0x49, 0x49, 0x0a, 0x0a,
  0x49, 0x0a, 0x00, 0x00, 0x0a, 0x52, 0x0a, 0x4a, 0x4a, 0x4a, 0x4a, 0x0a,
  0x0a, 0x49, 0x49, 0x49, 0x49, 0x49, 0x49, 0x49, 0x49, 0x49, 0x49, 0x49,
  0x49, 0x49, 0x49, 0x49, 0x52, 0x49, 0x49, 0x00, 0x00, 0x00, 0x00, 0x00,
  0x00, 0x00, 0x00, 0x49, 0x49, 0x49, 0x49, 0x49, 0x49, 0x49, 0x49, 0x49,
  0x49, 0x49, 0x49, 0x49, 0x49, 0x49, 0x49, 0x49, 0x49, 0x49, 0x49, 0x49,
  0x49, 0x49, 0x49, 0x49, 0x49, 0x49, 0x49, 0x49, 0x49, 0x49, 0x49, 0x49,
  0x49, 0x49, 0x49, 0x49, 0x49, 0x49, 0x49, 0x49, 0x49, 0x49, 0x49, 0x51,
  0x49, 0x49, 0x51, 0x51, 0x51, 0x51, 0x51, 0x51, 0x51, 0x49, 0x51, 0x51,
  0x51, 0x51, 0x51, 0x51, 0x51, 0x49, 0x52, 0xff, 0x00, 0x00, 0xff, 0xff,
  0xff, 0xf7, 0x00, 0x49, 0x49, 0x49, 0x49, 0x49, 0x49, 0x49, 0x49, 0x49,
  0x00, 0x49, 0x49, 0x00, 0x00, 0x00, 0x00, 0x49, 0x49, 0x00, 0x00, 0x00,
  0x00, 0x00, 0x00, 0x00, 0x00, 0x00, 0x49, 0x00, 0x49, 0x49, 0x49, 0x00,
  0x00, 0x49, 0x00, 0x49, 0x00, 0x00, 0x00, 0x00, 0x48, 0x00, 0x00, 0x49,
  0x49, 0x49, 0x49, 0x00, 0x00, 0x00, 0x00, 0x00, 0x00, 0x00, 0x00, 0x00,
  0x00, 0x00, 0x49, 0x49, 0x49, 0x49, 0x49, 0x49, 0x49, 0x51, 0x51, 0x00,
  0x0a, 0x49, 0x49, 0x49, 0x0a, 0x0a, 0x49, 0x49, 0x0a, 0x49, 0x0a, 0x5b,
  0x53, 0x5b, 0x9c, 0x52, 0x4a, 0x0a, 0x0a, 0x4a, 0x0a, 0x0a, 0x0a, 0x49,
  0x0a, 0x49, 0x49, 0x49, 0x49, 0x49, 0x49, 0x49, 0x49, 0x49, 0x49, 0x52,
  0x51, 0x49, 0x49, 0x49, 0x49, 0x00, 0x00, 0x00, 0x00, 0x00, 0x00, 0x49,
  0x49, 0x49, 0x49, 0x49, 0x49, 0x49, 0x49, 0x49, 0x49, 0x49, 0x49, 0x49,
  0x49, 0x49, 0x49, 0x49, 0x49, 0x49, 0x49, 0x49, 0x49, 0x49, 0x49, 0x49,
  0x49, 0x49, 0x49, 0x49, 0x49, 0x49, 0x49, 0x49, 0x49, 0x49, 0x49, 0x49,
  0x51, 0x49, 0x51, 0x49, 0x51, 0x49, 0x51, 0x49, 0x51, 0x51, 0x51, 0x51,
  0x51, 0x51, 0x51, 0x51, 0x51, 0x51, 0x49, 0x51, 0x51, 0x51, 0x51, 0x51,
  0x51, 0x5a, 0xff, 0xff, 0x00, 0x00, 0xff, 0xff, 0xff, 0xf6, 0x00, 0x49,
  0x49, 0x49, 0x49, 0x49, 0x49, 0x49, 0x49, 0x49, 0x49, 0x49, 0x49, 0x49,
  0x00, 0x00, 0x00, 0x49, 0x49, 0x00, 0x00, 0x00, 0x00, 0x00, 0x00, 0x00,
  0x00, 0x00, 0x00, 0x49, 0x49, 0x49, 0x00, 0x00, 0x00, 0x49, 0x00, 0x00,
  0x00, 0x00, 0x00, 0x00, 0x48, 0x48, 0x00, 0x49, 0x49, 0x49, 0x49, 0x49,
  0x00, 0x00, 0x00, 0x00, 0x00, 0x00, 0x00, 0x00, 0x00, 0x00, 0x00, 0x49,
  0x49, 0x49, 0x49, 0x49, 0x49, 0x51, 0x49, 0x00, 0x0a, 0x0a, 0x0a, 0x0a,
  0x49, 0x49, 0x0a, 0x0a, 0x49, 0x49, 0x49, 0x52, 0x5b, 0x5c, 0xa5, 0x5b,
  0x4a, 0x52, 0x52, 0x52, 0x4a, 0x49, 0x49, 0x49, 0x49, 0x49, 0x49, 0x49,
  0x49, 0x49, 0x49, 0x49, 0x49, 0x49, 0x51, 0x52, 0x00, 0x49, 0x49, 0x49,
  0x49, 0x49, 0x49, 0x49, 0x00, 0x00, 0x00, 0x00, 0x49, 0x49, 0x49, 0x49,
  0x49, 0x49, 0x49, 0x49, 0x49, 0x49, 0x49, 0x49, 0x49, 0x49, 0x49, 0x49,
  0x49, 0x49, 0x49, 0x49, 0x49, 0x49, 0x49, 0x49, 0x49, 0x49, 0x49, 0x49,
  0x49, 0x49, 0x49, 0x49, 0x49, 0x49, 0x51, 0x51, 0x49, 0x51, 0x51, 0x51,
  0x49, 0x51, 0x51, 0x51, 0x51, 0x51, 0x51, 0x51, 0x51, 0x51, 0x51, 0x51,
  0x51, 0x51, 0x51, 0x51, 0x51, 0x51, 0x52, 0x51, 0x49, 0xf6, 0xff, 0xff,
  0x00, 0x00, 0xff, 0xff, 0xff, 0xff, 0xf7, 0x00, 0x49, 0x49, 0x49, 0x49,
  0x49, 0x49, 0x49, 0x49, 0x49, 0x49, 0x49, 0x49, 0x49, 0x49, 0x49, 0x49,
  0x49, 0x49, 0x00, 0x00, 0x00, 0x00, 0x00, 0x00, 0x00, 0x00, 0x00, 0x49,
  0x49, 0x49, 0x49, 0x00, 0x00, 0x00, 0x00, 0x00, 0x49, 0x00, 0x00, 0x49,
  0x49, 0x49, 0x00, 0x49, 0x49, 0x49, 0x49, 0x00, 0x00, 0x00, 0x00, 0x00,
  0x00, 0x00, 0x00, 0x00, 0x00, 0x00, 0x00, 0x49, 0x49, 0x49, 0x49, 0x51,
  0x51, 0x51, 0x00, 0x00, 0x0a, 0x0a, 0x0a, 0x0a, 0x49, 0x0a, 0x49, 0x49,
  0x49, 0x49, 0x0a, 0x0a, 0x4a, 0x5c, 0xa4, 0x53, 0x0a, 0x4a, 0x4a, 0x4a,
  0x4a, 0x49, 0x49, 0x49, 0x49, 0x49, 0x0a, 0x49, 0x49, 0x49, 0x49, 0x49,
  0x49, 0x49, 0x51, 0x49, 0x49, 0x49, 0x49, 0x49, 0x49, 0x49, 0x49, 0x49,
  0x49, 0x49, 0x49, 0x00, 0x00, 0x00, 0x49, 0x49, 0x49, 0x49, 0x49, 0x49,
  0x49, 0x49, 0x49, 0x49, 0x49, 0x49, 0x49, 0x49, 0x49, 0x49, 0x49, 0x49,
  0x49, 0x49, 0x49, 0x49, 0x49, 0x49, 0x49, 0x49, 0x49, 0x49, 0x49, 0x49,
  0x49, 0x49, 0x51, 0x51, 0x49, 0x51, 0x51, 0x51, 0x51, 0x51, 0x51, 0x51,
  0x51, 0x51, 0x51, 0x51, 0x51, 0x51, 0x52, 0x51, 0x52, 0x51, 0x52, 0x49,
  0x51, 0x51, 0x52, 0x49, 0x07, 0xff, 0xff, 0xff, 0x00, 0x00, 0xff, 0xff,
  0xff, 0xff, 0xff, 0x07, 0x52, 0x52, 0x00, 0x49, 0x49, 0x49, 0x49, 0x49,
  0x49, 0x49, 0x49, 0x49, 0x49, 0x49, 0x49, 0x49, 0x49, 0x49, 0x00, 0x00,
  0x00, 0x00, 0x00, 0x00, 0x00, 0x00, 0x00, 0x49, 0x49, 0x49, 0x49, 0x00,
  0x00, 0x00, 0x49, 0x49, 0x00, 0x00, 0x00, 0x49, 0x00, 0x00, 0x00, 0x48,
  0x00, 0x49, 0x49, 0x00, 0x00, 0x00, 0x00, 0x00, 0x00, 0x00, 0x00, 0x00,
  0x00, 0x49, 0x49, 0x00, 0x49, 0x49, 0x49, 0x51, 0x51, 0x49, 0x00, 0x00,
  0x00, 0x00, 0x49, 0x00, 0x00, 0x00, 0x00, 0x00, 0x00, 0x00, 0x00, 0x00,
  0x53, 0x0a, 0x0a, 0x52, 0x53, 0x00, 0x0a, 0x00, 0x00, 0x00, 0x0a, 0x0a,
  0x0a, 0x49, 0x0a, 0x49, 0x49, 0x49, 0x49, 0x49, 0x49, 0x49, 0x51, 0x49,
  0x49, 0x49, 0x49, 0x49, 0x49, 0x49, 0x49, 0x49, 0x49, 0x49, 0x49, 0x49,
  0x49, 0x00, 0x49, 0x49, 0x49, 0x49, 0x49, 0x49, 0x49, 0x49, 0x49, 0x49,
  0x49, 0x49, 0x49, 0x49, 0x49, 0x49, 0x49, 0x49, 0x49, 0x51, 0x49, 0x49,
  0x49, 0x49, 0x49, 0x49, 0x49, 0x49, 0x49, 0x49, 0x49, 0x49, 0x49, 0x51,
  0x51, 0x51, 0x51, 0x51, 0x49, 0x51, 0x51, 0x51, 0x51, 0x51, 0x51, 0x51,
  0x52, 0x52, 0x52, 0x52, 0x51, 0x52, 0x52, 0x49, 0xa4, 0xa4, 0xa3, 0x08,
  0xff, 0xff, 0xff, 0xff, 0x00, 0x00, 0xff, 0xff, 0xff, 0xff, 0xff, 0xff,
  0xff, 0xff, 0xf6, 0x5a, 0x00, 0x49, 0x49, 0x49, 0x49, 0x49, 0x49, 0x49,
  0x49, 0x49, 0x49, 0x49, 0x49, 0x49, 0x49, 0x00, 0x49, 0x00, 0x00, 0x00,
  0x00, 0x00, 0x00, 0x49, 0x49, 0x49, 0x49, 0x00, 0x00, 0x00, 0x49, 0x49,
  0x49, 0x49, 0x00, 0x49, 0x49, 0x48, 0x00, 0x48, 0x00, 0x00, 0x49, 0x00,
  0x00, 0x00, 0x00, 0x00, 0x00, 0x00, 0x00, 0x00, 0x00, 0x00, 0x49, 0x49,
  0x49, 0x49, 0x49, 0x51, 0x52, 0x49, 0x00, 0x00, 0x00, 0x00, 0x00, 0x0a,
  0x0a, 0x12, 0x5c, 0xa4, 0xad, 0xad, 0xae, 0xad, 0x07, 0x07, 0xae, 0xa5,
  0xb6, 0xad, 0xa5, 0xad, 0xa5, 0x5b, 0x0a, 0x0a, 0x00, 0x00, 0x00, 0x00,
  0x00, 0x49, 0x49, 0x49, 0x49, 0x49, 0x49, 0x49, 0x49, 0x49, 0x49, 0x49,
  0x49, 0x49, 0x49, 0x49, 0x49, 0x49, 0x49, 0x49, 0x49, 0x49, 0x49, 0x49,
  0x49, 0x00, 0x49, 0x49, 0x49, 0x49, 0x49, 0x49, 0x49, 0x49, 0x49, 0x49,
  0x49, 0x49, 0x49, 0x49, 0x49, 0x49, 0x51, 0x49, 0x49, 0x49, 0x49, 0x49,
  0x49, 0x49, 0x49, 0x49, 0x49, 0x49, 0x49, 0x51, 0x51, 0x51, 0x51, 0x51,
  0x51, 0x51, 0x51, 0x52, 0x52, 0x52, 0x51, 0x51, 0x52, 0x52, 0x52, 0x52,
  0x52, 0x49, 0x5b, 0xf6, 0xff, 0xff, 0xff, 0xff, 0xff, 0xff, 0xff, 0xff,
  0x00, 0x00, 0xff, 0xff, 0xff, 0xff, 0xff, 0xff, 0xff, 0xff, 0xff, 0xff,
  0xf6, 0xa4, 0x49, 0x00, 0x49, 0x49, 0x49, 0x49, 0x49, 0x49, 0x49, 0x49,
  0x49, 0x49, 0x49, 0x49, 0x49, 0x49, 0x00, 0x49, 0x49, 0x00, 0x49, 0x00,
  0x00, 0x49, 0x49, 0x49, 0x00, 0x00, 0x49, 0x49, 0x49, 0x49, 0x49, 0x49,
  0x49, 0x48, 0x00, 0x49, 0x49, 0x49, 0x00, 0x49, 0x00, 0x00, 0x00, 0x00,
  0x00, 0x00, 0x00, 0x00, 0x00, 0x00, 0x49, 0x49, 0x49, 0x49, 0x51, 0x51,
  0x52, 0x00, 0x00, 0x00, 0x00, 0x0a, 0x52, 0xa4, 0xad, 0xad, 0xb6, 0xae,
  0xad, 0xa5, 0xa5, 0xa5, 0x64, 0xa5, 0xa4, 0x5b, 0x64, 0xa5, 0x65, 0xae,
  0x64, 0x07, 0xf6, 0x07, 0x07, 0xa4, 0x53, 0x53, 0x0a, 0x00, 0x00, 0x00,
  0x49, 0x52, 0x00, 0x49, 0x49, 0x49, 0x49, 0x49, 0x49, 0x49, 0x49, 0x49,
  0x49, 0x49, 0x49, 0x49, 0x51, 0x51, 0x51, 0x49, 0x00, 0x49, 0x49, 0x49,
  0x49, 0x49, 0x49, 0x49, 0x49, 0x49, 0x49, 0x49, 0x49, 0x49, 0x49, 0x49,
  0x49, 0x51, 0x51, 0x51, 0x49, 0x49, 0x49, 0x49, 0x49, 0x49, 0x49, 0x49,
  0x49, 0x49, 0x51, 0x51, 0x51, 0x51, 0x51, 0x51, 0x51, 0x51, 0x52, 0x51,
  0x51, 0x51, 0x51, 0x52, 0x52, 0x52, 0x52, 0x51, 0x52, 0x07, 0xff, 0xff,
  0xff, 0xff, 0xff, 0xff, 0xff, 0xff, 0xff, 0xff, 0x00, 0x00, 0xff, 0xff,
  0xff, 0xff, 0xff, 0xff, 0xff, 0xff, 0xff, 0xff, 0xff, 0xff, 0xff, 0x07,
  0x9b, 0x49, 0x00, 0x49, 0x49, 0x49, 0x49, 0x49, 0x49, 0x49, 0x49, 0x49,
  0x49, 0x49, 0x49, 0x49, 0x49, 0x49, 0x49, 0x49, 0x49, 0x49, 0x49, 0x49,
  0x49, 0x00, 0x00, 0x49, 0x49, 0x49, 0x49, 0x49, 0x49, 0x49, 0x49, 0x00,
  0x49, 0x49, 0x49, 0x49, 0x00, 0x00, 0x00, 0x00, 0x00, 0x00, 0x00, 0x00,
  0x00, 0x00, 0x49, 0x49, 0x49, 0x49, 0x49, 0x52, 0x49, 0x00, 0x00, 0x52,
  0xad, 0xa5, 0x07, 0xad, 0x5b, 0x52, 0x0a, 0x00, 0x52, 0x53, 0x0a, 0x0a,
  0x0a, 0x0a, 0x0a, 0x0a, 0x0a, 0x0a, 0x0a, 0x0a, 0x5c, 0x5b, 0x0a, 0x53,
  0xa4, 0x64, 0xae, 0x07, 0x07, 0xae, 0xa4, 0x0a, 0x00, 0x49, 0x49, 0x49,
  0x49, 0x49, 0x49, 0x49, 0x49, 0x49, 0x49, 0x49, 0x49, 0x49, 0x49, 0x49,
  0x49, 0x49, 0x51, 0x52, 0x00, 0x49, 0x49, 0x49, 0x51, 0x51, 0x51, 0x49,
  0x49, 0x49, 0x49, 0x49, 0x49, 0x49, 0x49, 0x49, 0x51, 0x51, 0x51, 0x51,
  0x51, 0x49, 0x49, 0x49, 0x49, 0x49, 0x49, 0x49, 0x49, 0x49, 0x51, 0x51,
  0x51, 0x51, 0x51, 0x51, 0x51, 0x52, 0x51, 0x51, 0x51, 0x51, 0x52, 0x52,
  0x51, 0x51, 0x5a, 0x07, 0xff, 0xff, 0xff, 0xff, 0xff, 0xff, 0xff, 0xff,
  0xff, 0xff, 0xff, 0xff, 0x00, 0x00, 0xff, 0xff, 0xff, 0xff, 0xff, 0xff,
  0xff, 0xff, 0xff, 0xff, 0xff, 0xff, 0xff, 0xff, 0xff, 0xff, 0x07, 0xa3,
  0x51, 0x49, 0x49, 0x49, 0x49, 0x49, 0x49, 0x49, 0x49, 0x49, 0x49, 0x49,
  0x49, 0x49, 0x49, 0x49, 0x49, 0x49, 0x49, 0x49, 0x49, 0x49, 0x00, 0x49,
  0x49, 0x49, 0x49, 0x49, 0x49, 0x49, 0x49, 0x00, 0x00, 0x00, 0x00, 0x49,
  0x00, 0x00, 0x00, 0x00, 0x00, 0x00, 0x00, 0x00, 0x00, 0x00, 0x00, 0x49,
  0x49, 0x49, 0x49, 0x52, 0x00, 0x00, 0xad, 0xae, 0xae, 0x5c, 0x52, 0x00,
  0x0a, 0x00, 0x0a, 0x5b, 0x4a, 0x0a, 0x49, 0x49, 0x49, 0x49, 0x49, 0x4a,
  0x49, 0x4a, 0x0a, 0x0a, 0x0a, 0x52, 0x5b, 0x53, 0x0a, 0x0a, 0x0a, 0x12,
  0x5b, 0xa5, 0xad, 0x07, 0xf7, 0x52, 0x00, 0x00, 0x49, 0x49, 0x49, 0x49,
  0x49, 0x49, 0x49, 0x49, 0x49, 0x49, 0x49, 0x49, 0x49, 0x49, 0x49, 0x51,
  0x49, 0x00, 0x49, 0x49, 0x51, 0x51, 0x49, 0x49, 0x49, 0x49, 0x49, 0x49,
  0x49, 0x49, 0x49, 0x49, 0x51, 0x51, 0x51, 0x51, 0x51, 0x49, 0x49, 0x49,
  0x49, 0x49, 0x49, 0x49, 0x51, 0x51, 0x51, 0x51, 0x51, 0x51, 0x51, 0x51,
  0x52, 0x51, 0x51, 0x52, 0x52, 0x51, 0x52, 0x49, 0x5b, 0x07, 0xff, 0xff,
  0xff, 0xff, 0xff, 0xff, 0xff, 0xff, 0xff, 0xff, 0xff, 0xff, 0xff, 0xff,
  0x00, 0x00, 0xff, 0xff, 0xff, 0xff, 0xff, 0xff, 0xff, 0xff, 0xff, 0xff,
  0xff, 0xff, 0xff, 0xff, 0xff, 0xff, 0xff, 0xff, 0xff, 0x08, 0xa4, 0x52,
  0x00, 0x49, 0x49, 0x49, 0x49, 0x49, 0x49, 0x49, 0x49, 0x49, 0x49, 0x49,
  0x49, 0x49, 0x49, 0x49, 0x49, 0x49, 0x00, 0x00, 0x49, 0x49, 0x49, 0x49,
  0x49, 0x49, 0x49, 0x00, 0x49, 0x00, 0x00, 0x49, 0x00, 0x00, 0x00, 0x00,
  0x00, 0x00, 0x00, 0x00, 0x00, 0x00, 0x49, 0x49, 0x49, 0x49, 0x49, 0x49,
  0x00, 0xa5, 0xa5, 0xa5, 0x0a, 0x00, 0x0a, 0x49, 0x00, 0x53, 0x53, 0x0a,
  0x0a, 0x49, 0x49, 0x0a, 0x49, 0x0a, 0x49, 0x4a, 0x4a, 0x49, 0x4a, 0x4a,
  0x0a, 0x0a, 0x0a, 0x52, 0x5b, 0x5b, 0x0a, 0x0a, 0x0a, 0x00, 0x0a, 0x53,
  0xa5, 0x07, 0xf7, 0x52, 0x00, 0x49, 0x49, 0x49, 0x49, 0x49, 0x49, 0x49,
  0x49, 0x49, 0x49, 0x49, 0x49, 0x49, 0x49, 0x51, 0x49, 0x00, 0x49, 0x49,
  0x51, 0x51, 0x51, 0x49, 0x49, 0x49, 0x49, 0x49, 0x49, 0x49, 0x49, 0x49,
  0x51, 0x51, 0x51, 0x51, 0x51, 0x51, 0x49, 0x49, 0x49, 0x49, 0x51, 0x51,
  0x51, 0x51, 0x51, 0x51, 0x51, 0x51, 0x51, 0x52, 0x52, 0x52, 0x51, 0x51,
  0x49, 0x51, 0x9b, 0x07, 0xff, 0xff, 0xff, 0xff, 0xff, 0xff, 0xff, 0xff,
  0xff, 0xff, 0xff, 0xff, 0xff, 0xff, 0xff, 0xff, 0x00, 0x00, 0xff, 0xff,
  0xff, 0xff, 0xff, 0xff, 0xff, 0xff, 0xff, 0xff, 0xff, 0xff, 0xff, 0xff,
  0xff, 0xff, 0xff, 0xff, 0xff, 0xff, 0xff, 0xff, 0xf6, 0xac, 0x52, 0x49,
  0x00, 0x00, 0x49, 0x49, 0x49, 0x49, 0x49, 0x49, 0x49, 0x49, 0x49, 0x49,
  0x49, 0x49, 0x49, 0x00, 0x49, 0x49, 0x49, 0x49, 0x49, 0x49, 0x49, 0x49,
  0x00, 0x00, 0x00, 0x00, 0x49, 0x00, 0x00, 0x00, 0x00, 0x00, 0x00, 0x00,
  0x00, 0x00, 0x00, 0x49, 0x49, 0x49, 0x49, 0x00, 0xad, 0xa4, 0x53, 0x00,
  0x00, 0x49, 0x0a, 0x0a, 0x5b, 0x52, 0x0a, 0x49, 0x49, 0x49, 0x49, 0x0a,
  0x0a, 0x0a, 0x0a, 0x0a, 0x0a, 0x4a, 0x4a, 0x4a, 0x4a, 0x4a, 0x4a, 0x4a,
  0x4a, 0x53, 0x9c, 0x53, 0x00, 0x0a, 0x49, 0x0a, 0x0a, 0x0a, 0x9c, 0xa5,
  0x00, 0x49, 0x49, 0x49, 0x49, 0x49, 0x49, 0x49, 0x49, 0x49, 0x49, 0x49,
  0x49, 0x49, 0x49, 0x51, 0x49, 0x00, 0x49, 0x51, 0x51, 0x51, 0x51, 0x49,
  0x49, 0x49, 0x49, 0x49, 0x49, 0x49, 0x49, 0x49, 0x51, 0x51, 0x51, 0x51,
  0x51, 0x51, 0x49, 0x51, 0x49, 0x49, 0x51, 0x51, 0x51, 0x51, 0x51, 0x52,
  0x52, 0x52, 0x52, 0x52, 0x51, 0x49, 0x49, 0x52, 0xac, 0xf6, 0xff, 0xff,
  0xff, 0xff, 0xff, 0xff, 0xff, 0xff, 0xff, 0xff, 0xff, 0xff, 0xff, 0xff,
  0xff, 0xff, 0xff, 0xff, 0x00, 0x00, 0xff, 0xff, 0xff, 0xff, 0xff, 0xff,
  0xff, 0xff, 0xff, 0xff, 0xff, 0xff, 0xff, 0xff, 0xff, 0xff, 0xff, 0xff,
  0xff, 0xff, 0xff, 0xff, 0xff, 0xff, 0xff, 0xf6, 0x07, 0x9b, 0x52, 0x00,
  0x00, 0x00, 0x49, 0x49, 0x49, 0x49, 0x49, 0x49, 0x49, 0x49, 0x49, 0x00,
  0x00, 0x49, 0x49, 0x49, 0x49, 0x49, 0x49, 0x49, 0x00, 0x00, 0x00, 0x00,
  0x49, 0x49, 0x00, 0x00, 0x00, 0x00, 0x00, 0x00, 0x00, 0x00, 0x00, 0x49,
  0x49, 0x49, 0x00, 0xa5, 0x53, 0x00, 0x00, 0x0a, 0x0a, 0x00, 0x0a, 0x5b,
  0x0a, 0x0a, 0x0a, 0x0a, 0x0a, 0x0a, 0x0a, 0x0a, 0x49, 0x49, 0x4a, 0x4a,
  0x4a, 0x0a, 0x0a, 0x49, 0x49, 0x0a, 0x0a, 0x0a, 0x0a, 0x0a, 0x0a, 0x53,
  0x5c, 0x4a, 0x00, 0x0a, 0x0a, 0x0a, 0x00, 0x0a, 0x49, 0x49, 0x49, 0x49,
  0x49, 0x49, 0x49, 0x49, 0x49, 0x49, 0x49, 0x49, 0x49, 0x49, 0x49, 0x51,
  0x49, 0x00, 0x49, 0x51, 0x51, 0x51, 0x51, 0x49, 0x49, 0x49, 0x49, 0x49,
  0x49, 0x49, 0x49, 0x49, 0x51, 0x51, 0x51, 0x51, 0x51, 0x49, 0x49, 0x51,
  0x49, 0x51, 0x51, 0x51, 0x51, 0x51, 0x51, 0x52, 0x52, 0x52, 0x49, 0x49,
  0x52, 0xa4, 0x08, 0xff, 0xff, 0xff, 0xff, 0xff, 0xff, 0xff, 0xff, 0xff,
  0xff, 0xff, 0xff, 0xff, 0xff, 0xff, 0xff, 0xff, 0xff, 0xff, 0xff, 0xff,
  0x00, 0x00, 0xff, 0xff, 0xff, 0xff, 0xff, 0xff, 0xff, 0xff, 0xff, 0xff,
  0xff, 0xff, 0xff, 0xff, 0xff, 0xff, 0xff, 0xff, 0xff, 0xff, 0xff, 0xff,
  0xff, 0xff, 0xff, 0xff, 0xff, 0xff, 0xff, 0xff, 0x07, 0xa4, 0x52, 0x00,
  0x00, 0x00, 0x49, 0x49, 0x49, 0x49, 0x49, 0x00, 0x00, 0x49, 0x49, 0x49,
  0x49, 0x49, 0x49, 0x49, 0x49, 0x00, 0x00, 0x00, 0x00, 0x49, 0x00, 0x00,
  0x00, 0x00, 0x00, 0x00, 0x00, 0x00, 0x00, 0x49, 0x49, 0x49, 0x49, 0x52,
  0x0a, 0x00, 0x49, 0x49, 0x00, 0x52, 0x53, 0x00, 0x0a, 0x49, 0x0a, 0x49,
  0x49, 0x0a, 0x49, 0x49, 0x49, 0x49, 0x4a, 0x4a, 0x4a, 0x4a, 0x4a, 0x4a,
  0x49, 0x49, 0x52, 0x52, 0x52, 0x52, 0x52, 0x4a, 0x0a, 0x52, 0x5b, 0x0a,
  0x0a, 0x0a, 0x0a, 0x0a, 0x49, 0x49, 0x49, 0x49, 0x49, 0x49, 0x49, 0x49,
  0x49, 0x49, 0x49, 0x49, 0x49, 0x49, 0x49, 0x51, 0x49, 0x00, 0x49, 0x51,
  0x51, 0x51, 0x51, 0x51, 0x49, 0x49, 0x49, 0x49, 0x49, 0x49, 0x49, 0x49,
  0x49, 0x51, 0x51, 0x51, 0x51, 0x49, 0x49, 0x51, 0x51, 0x51, 0x51, 0x52,
  0x52, 0x51, 0x51, 0x49, 0x51, 0xa4, 0x07, 0xf6, 0xff, 0xff, 0xff, 0xff,
  0xff, 0xff, 0xff, 0xff, 0xff, 0xff, 0xff, 0xff, 0xff, 0xff, 0xff, 0xff,
  0xff, 0xff, 0xff, 0xff, 0xff, 0xff, 0xff, 0xff, 0x00, 0x00, 0xff, 0xff,
  0xff, 0xff, 0xff, 0xff, 0xff, 0xff, 0xff, 0xff, 0xff, 0xff, 0xff, 0xff,
  0xff, 0xff, 0xff, 0xff, 0xff, 0xff, 0xff, 0xff, 0xff, 0xff, 0xff, 0xff,
  0xff, 0xff, 0xff, 0xff, 0xff, 0xff, 0xff, 0xff, 0xf6, 0xf7, 0xa3, 0x52,
  0x49, 0x00, 0x00, 0x49, 0x49, 0x00, 0x49, 0x49, 0x49, 0x49, 0x49, 0x49,
  0x49, 0x00, 0x00, 0x00, 0x00, 0x49, 0x00, 0x00, 0x00, 0x00, 0x00, 0x00,
  0x00, 0x00, 0x00, 0x49, 0x49, 0x49, 0x52, 0x00, 0x00, 0x0a, 0x49, 0x0a,
  0x52, 0x52, 0x0a, 0x49, 0x0a, 0x49, 0x49, 0x49, 0x49, 0x0a, 0x0a, 0x0a,
  0x0a, 0x0a, 0x0a, 0x0a, 0x0a, 0x0a, 0x0a, 0x0a, 0x4a, 0x4a, 0x4a, 0x0a,
  0x4a, 0x4a, 0x4a, 0x4a, 0x52, 0x4a, 0x0a, 0x53, 0x53, 0x0a, 0x49, 0x49,
  0x49, 0x49, 0x49, 0x49, 0x49, 0x49, 0x49, 0x49, 0x49, 0x49, 0x51, 0x49,
  0x49, 0x49, 0x49, 0x51, 0x49, 0x49, 0x49, 0x49, 0x51, 0x51, 0x51, 0x51,
  0x49, 0x49, 0x49, 0x49, 0x49, 0x49, 0x49, 0x49, 0x51, 0x51, 0x51, 0x51,
  0x51, 0x51, 0x51, 0x51, 0x51, 0x51, 0x51, 0x49, 0x49, 0x52, 0xf7, 0xf6,
  0xff, 0xff, 0xff, 0xff, 0xff, 0xff, 0xff, 0xff, 0xff, 0xff, 0xff, 0xff,
  0xff, 0xff, 0xff, 0xff, 0xff, 0xff, 0xff, 0xff, 0xff, 0xff, 0xff, 0xff,
  0xff, 0xff, 0xff, 0xff, 0x00, 0x00, 0xff, 0xff, 0xff, 0xff, 0xff, 0xff,
  0xff, 0xff, 0xff, 0xff, 0xff, 0xff, 0xff, 0xff, 0xff, 0xff, 0xff, 0xff,
  0xff, 0xff, 0xff, 0xff, 0xff, 0xff, 0xff, 0xff, 0xff, 0xff, 0xff, 0xff,
  0xff, 0xff, 0xff, 0xff, 0xff, 0xff, 0xff, 0xff, 0xff, 0xff, 0xf7, 0x52,
  0x00, 0x00, 0x00, 0x49, 0x49, 0x49, 0x49, 0x49, 0x49, 0x49, 0x00, 0x00,
  0x00, 0x00, 0x00, 0x00, 0x00, 0x00, 0x00, 0x00, 0x00, 0x00, 0x00, 0x49,
  0x49, 0x49, 0x49, 0x00, 0x00, 0x0a, 0x0a, 0x53, 0x0a, 0x00, 0x0a, 0x00,
  0x0a, 0x0a, 0x0a, 0x0a, 0x0a, 0x4b, 0x53, 0x5c, 0x5d, 0x9d, 0x5d, 0x5c,
  0x54, 0x5c, 0x5c, 0x5c, 0x53, 0x53, 0x0a, 0x0a, 0x0a, 0x0a, 0x0a, 0x4a,
  0x4a, 0x4a, 0x4a, 0x0a, 0x0a, 0x5b, 0x52, 0x0a, 0x49, 0x49, 0x49, 0x49,
  0x49, 0x49, 0x49, 0x49, 0x49, 0x51, 0x49, 0x49, 0x51, 0x51, 0x51, 0x51,
  0x49, 0x49, 0x49, 0x51, 0x51, 0x51, 0x51, 0x51, 0x49, 0x49, 0x49, 0x49,
  0x49, 0x51, 0x49, 0x51, 0x51, 0x51, 0x51, 0x51, 0x49, 0x49, 0x49, 0x49,
  0x49, 0x49, 0x9b, 0x07, 0xff, 0xff, 0xff, 0xff, 0xff, 0xff, 0xff, 0xff,
  0xff, 0xff, 0xff, 0xff, 0xff, 0xff, 0xff, 0xff, 0xff, 0xff, 0xff, 0xff,
  0xff, 0xff, 0xff, 0xff, 0xff, 0xff, 0xff, 0xff, 0xff, 0xff, 0xff, 0xff,
  0x00, 0x00, 0xff, 0xff, 0xff, 0xff, 0xff, 0xff, 0xff, 0xff, 0xff, 0xff,
  0xff, 0xff, 0xff, 0xff, 0xff, 0xff, 0xff, 0xff, 0xff, 0xff, 0xff, 0xff,
  0xff, 0xff, 0xff, 0xff, 0xff, 0xff, 0xff, 0xff, 0xff, 0xff, 0xff, 0xff,
  0xff, 0xff, 0xff, 0xff, 0xff, 0xff, 0xff, 0xff, 0xff, 0xf5, 0x9b, 0x49,
  0x00, 0x00, 0x49, 0x49, 0x49, 0x49, 0x49, 0x00, 0x00, 0x00, 0x00, 0x00,
  0x00, 0x00, 0x00, 0x00, 0x00, 0x00, 0x00, 0x00, 0x49, 0x49, 0x00, 0x00,
  0x00, 0x0a, 0x53, 0x4a, 0x53, 0x5c, 0x5c, 0x9d, 0x9d, 0xa5, 0xa5, 0xa6,
  0xa6, 0xa5, 0x9d, 0xa5, 0xa6, 0xa6, 0xa6, 0xa6, 0xa5, 0x5d, 0x5d, 0x9d,
  0xa6, 0xa6, 0xa5, 0xa5, 0x5d, 0x5c, 0x53, 0x53, 0x4b, 0x4a, 0x53, 0x53,
  0x53, 0x0a, 0x53, 0x5c, 0x0a, 0x0a, 0x0a, 0x49, 0x49, 0x49, 0x49, 0x49,
  0x51, 0x51, 0x49, 0x49, 0x51, 0x51, 0x51, 0x51, 0x49, 0x49, 0x49, 0x49,
  0x51, 0x51, 0x51, 0x51, 0x49, 0x49, 0x49, 0x49, 0x49, 0x51, 0x49, 0x52,
  0x51, 0x51, 0x52, 0x49, 0x49, 0x51, 0x52, 0xac, 0x08, 0xff, 0xff, 0xff,
  0xff, 0xff, 0xff, 0xff, 0xff, 0xff, 0xff, 0xff, 0xff, 0xff, 0xff, 0xff,
  0xff, 0xff, 0xff, 0xff, 0xff, 0xff, 0xff, 0xff, 0xff, 0xff, 0xff, 0xff,
  0xff, 0xff, 0xff, 0xff, 0xff, 0xff, 0xff, 0xff, 0x00, 0x00, 0xff, 0xff,
  0xff, 0xff, 0xff, 0xff, 0xff, 0xff, 0xff, 0xff, 0xff, 0xff, 0xff, 0xff,
  0xff, 0xff, 0xff, 0xff, 0xff, 0xff, 0xff, 0xff, 0xff, 0xff, 0xff, 0xff,
  0xff, 0xff, 0xff, 0xff, 0xff, 0xff, 0xff, 0xff, 0xff, 0xff, 0xff, 0xff,
  0xff, 0xff, 0xff, 0xff, 0xff, 0xff, 0xff, 0xff, 0x07, 0xa4, 0x51, 0x00,
  0x00, 0x49, 0x49, 0x49, 0x00, 0x00, 0x00, 0x49, 0x49, 0x00, 0x00, 0x00,
  0x00, 0x00, 0x00, 0x00, 0x00, 0x00, 0x00, 0x0a, 0x53, 0x5c, 0x5c, 0x5d,
  0xa5, 0xa5, 0xa6, 0xa6, 0xa6, 0xa6, 0xa6, 0xa6, 0xa6, 0xa6, 0xa6, 0xa6,
  0xa6, 0xa6, 0xa6, 0xa6, 0xa6, 0xa6, 0x9e, 0x5d, 0x9d, 0xa6, 0xa6, 0xa6,
  0xa6, 0xae, 0xaf, 0xae, 0xae, 0xa6, 0xa5, 0xa6, 0xa6, 0xae, 0xa5, 0x5d,
  0xa5, 0x5c, 0x52, 0x49, 0x49, 0x49, 0x49, 0x49, 0x51, 0x51, 0x51, 0x51,
  0x51, 0x51, 0x49, 0x51, 0x51, 0x49, 0x49, 0x49, 0x51, 0x51, 0x51, 0x51,
  0x51, 0x51, 0x49, 0x51, 0x51, 0x51, 0x51, 0x52, 0x52, 0x51, 0x52, 0x9b,
  0xf5, 0xf6, 0xff, 0xff, 0xff, 0xff, 0xff, 0xff, 0xff, 0xff, 0xff, 0xff,
  0xff, 0xff, 0xff, 0xff, 0xff, 0xff, 0xff, 0xff, 0xff, 0xff, 0xff, 0xff,
  0xff, 0xff, 0xff, 0xff, 0xff, 0xff, 0xff, 0xff, 0xff, 0xff, 0xff, 0xff,
  0xff, 0xff, 0xff, 0xff, 0x00, 0x00, 0xff, 0xff, 0xff, 0xff, 0xff, 0xff,
  0xff, 0xff, 0xff, 0xff, 0xff, 0xff, 0xff, 0xff, 0xff, 0xff, 0xff, 0xff,
  0xff, 0xff, 0xff, 0xff, 0xff, 0xff, 0xff, 0xff, 0xff, 0xff, 0xff, 0xff,
  0xff, 0xff, 0xff, 0xff, 0xff, 0xff, 0xff, 0xff, 0xff, 0xff, 0xff, 0xff,
  0xff, 0xff, 0xff, 0xff, 0xff, 0xff, 0xff, 0x08, 0xa4, 0x49, 0x49, 0x49,
  0x49, 0x00, 0x00, 0x00, 0x49, 0x00, 0x00, 0x00, 0x00, 0x00, 0x00, 0x00,
  0x00, 0x00, 0x00, 0x0a, 0x5c, 0x5c, 0x5d, 0x5d, 0xa6, 0xa6, 0xa6, 0xa6,
  0xa6, 0xa6, 0xa6, 0xa6, 0xa6, 0xa6, 0x9d, 0x5d, 0x5d, 0xa6, 0xa6, 0xa6,
  0xa6, 0xa6, 0xa6, 0xa6, 0xa6, 0xa6, 0x5e, 0xa6, 0xa6, 0xa7, 0xaf, 0xaf,
  0xaf, 0xaf, 0xaf, 0xaf, 0xa6, 0xaf, 0xaf, 0xa6, 0xa5, 0xa6, 0xa5, 0x52,
  0x49, 0x49, 0x49, 0x49, 0x51, 0x51, 0x51, 0x51, 0x51, 0x52, 0x49, 0x51,
  0x52, 0x51, 0x49, 0x49, 0x52, 0x51, 0x51, 0x51, 0x51, 0x51, 0x51, 0x51,
  0x52, 0x52, 0x51, 0x52, 0xa4, 0x07, 0xf6, 0xff, 0xff, 0xff, 0xff, 0xff,
  0xff, 0xff, 0xff, 0xff, 0xff, 0xff, 0xff, 0xff, 0xff, 0xff, 0xff, 0xff,
  0xff, 0xff, 0xff, 0xff, 0xff, 0xff, 0xff, 0xff, 0xff, 0xff, 0xff, 0xff,
  0xff, 0xff, 0xff, 0xff, 0xff, 0xff, 0xff, 0xff, 0xff, 0xff, 0xff, 0xff,
  0x00, 0x00, 0xff, 0xff, 0xff, 0xff, 0xff, 0xff, 0xff, 0xff, 0xff, 0xff,
  0xff, 0xff, 0xff, 0xff, 0xff, 0xff, 0xff, 0xff, 0xff, 0xff, 0xff, 0xff,
  0xff, 0xff, 0xff, 0xff, 0xff, 0xff, 0xff, 0xff, 0xff, 0xff, 0xff, 0xff,
  0xff, 0xff, 0xff, 0xff, 0xff, 0xff, 0xff, 0xff, 0xff, 0xff, 0xff, 0xff,
  0xff, 0xff, 0xff, 0x08, 0xa4, 0x49, 0x49, 0x49, 0x49, 0x00, 0x00, 0x00,
  0x49, 0x00, 0x00, 0x00, 0x00, 0x00, 0x00, 0x00, 0x00, 0x00, 0x00, 0x0a,
  0x5c, 0x5c, 0x5d, 0x5d, 0xa6, 0xa6, 0xa6, 0xa6, 0xa6, 0xa6, 0xa6, 0xa6,
  0xa6, 0xa6, 0x9d, 0x5d, 0x5d, 0xa6, 0xa6, 0xa6, 0xa6, 0xa6, 0xa6, 0xa6,
  0xa6, 0xa6, 0x5e, 0xa6, 0xa6, 0xa7, 0xaf, 0xaf, 0xaf, 0xaf, 0xaf, 0xaf,
  0xa6, 0xaf, 0xaf, 0xa6, 0xa5, 0xa6, 0xa5, 0x52, 0x49, 0x49, 0x49, 0x49,
  0x51, 0x51, 0x51, 0x51, 0x51, 0x52, 0x49, 0x51, 0x52, 0x51, 0x49, 0x49,
  0x52, 0x51, 0x51, 0x51, 0x51, 0x51, 0x51, 0x51, 0x52, 0x52, 0x51, 0x52,
  0xa4, 0x07, 0xf6, 0xff, 0xff, 0xff, 0xff, 0xff, 0xff, 0xff, 0xff, 0xff,
  0xff, 0xff, 0xff, 0xff, 0xff, 0xff, 0xff, 0xff, 0xff, 0xff, 0xff, 0xff,
  0xff, 0xff, 0xff, 0xff, 0xff, 0xff, 0xff, 0xff, 0xff, 0xff, 0xff, 0xff,
  0xff, 0xff, 0xff, 0xff, 0xff, 0xff, 0xff, 0xff, 0x00, 0x00, 0xff, 0xff,
  0xff, 0xff, 0xff, 0xff, 0xff, 0xff, 0xff, 0xff, 0xff, 0xff, 0xff, 0xff,
  0xff, 0xff, 0xff, 0xff, 0xff, 0xff, 0xff, 0xff, 0xff, 0xff, 0xff, 0xff,
  0xff, 0xff, 0xff, 0xff, 0xff, 0xff, 0xff, 0xff, 0xff, 0xff, 0xff, 0xff,
  0xff, 0xff, 0xff, 0xff, 0xff, 0xff, 0xff, 0xff, 0xff, 0xff, 0xff, 0xff,
  0xff, 0xff, 0xac, 0x49, 0x00, 0x00, 0x00, 0x00, 0x49, 0x49, 0x00, 0x00,
  0x00, 0x00, 0x00, 0x00, 0x00, 0x00, 0x00, 0x0a, 0x5c, 0x9d, 0xa6, 0xa5,
  0xa6, 0xa6, 0xa6, 0xa6, 0xa6, 0xa6, 0xa6, 0x5d, 0x5d, 0x54, 0x54, 0x54,
  0x54, 0x54, 0x54, 0x54, 0x5d, 0x54, 0x54, 0x54, 0x54, 0x9e, 0xa6, 0xa6,
  0xa7, 0xa7, 0xaf, 0xaf, 0xaf, 0xaf, 0xaf, 0xaf, 0xaf, 0xa6, 0xa6, 0xaf,
  0xa6, 0xa6, 0xa6, 0x5c, 0x49, 0x49, 0x49, 0x49, 0x51, 0x51, 0x51, 0x51,
  0x51, 0x52, 0x49, 0x49, 0x52, 0x51, 0x49, 0x49, 0x51, 0x51, 0x51, 0x51,
  0x51, 0x52, 0x51, 0x51, 0x51, 0x52, 0xf7, 0xf6, 0xff, 0xff, 0xff, 0xff,
  0xff, 0xff, 0xff, 0xff, 0xff, 0xff, 0xff, 0xff, 0xff, 0xff, 0xff, 0xff,
  0xff, 0xff, 0xff, 0xff, 0xff, 0xff, 0xff, 0xff, 0xff, 0xff, 0xff, 0xff,
  0xff, 0xff, 0xff, 0xff, 0xff, 0xff, 0xff, 0xff, 0xff, 0xff, 0xff, 0xff,
  0xff, 0xff, 0xff, 0xff, 0x00, 0x00, 0xff, 0xff, 0xff, 0xff, 0xff, 0xff,
  0xff, 0xff, 0xff, 0xff, 0xff, 0xff, 0xff, 0xff, 0xff, 0xff, 0xff, 0xff,
  0xff, 0xff, 0xff, 0xff, 0xff, 0xff, 0xff, 0xff, 0xff, 0xff, 0xff, 0xff,
  0xff, 0xff, 0xff, 0xff, 0xff, 0xff, 0xff, 0xff, 0xff, 0xff, 0xff, 0xff,
  0xff, 0xff, 0xff, 0xff, 0xff, 0xff, 0xff, 0xff, 0xff, 0xff, 0xff, 0xff,
  0xf7, 0x52, 0x00, 0x00, 0x49, 0x49, 0x00, 0x00, 0x00, 0x00, 0x00, 0x00,
  0x00, 0x00, 0x00, 0x4a, 0xa5, 0xa5, 0x5d, 0xa5, 0xa6, 0xa6, 0xa6, 0x5d,
  0x5d, 0x5d, 0x5d, 0x5d, 0x9d, 0x9e, 0x5d, 0x5d, 0x54, 0x9d, 0x54, 0x9d,
  0x5d, 0x9d, 0x9e, 0x9e, 0x5d, 0x54, 0x54, 0x9e, 0xa6, 0xaf, 0xaf, 0xaf,
  0xaf, 0xaf, 0xaf, 0xaf, 0xaf, 0xaf, 0xaf, 0xaf, 0xaf, 0xa6, 0xa6, 0xa5,
  0x4a, 0x0a, 0x49, 0x49, 0x51, 0x51, 0x51, 0x51, 0x52, 0x52, 0x49, 0x49,
  0x52, 0x52, 0x51, 0x52, 0x51, 0x51, 0x51, 0x52, 0x52, 0x52, 0x51, 0x52,
  0xed, 0xff, 0xff, 0xff, 0xff, 0xff, 0xff, 0xff, 0xff, 0xff, 0xff, 0xff,
  0xff, 0xff, 0xff, 0xff, 0xff, 0xff, 0xff, 0xff, 0xff, 0xff, 0xff, 0xff,
  0xff, 0xff, 0xff, 0xff, 0xff, 0xff, 0xff, 0xff, 0xff, 0xff, 0xff, 0xff,
  0xff, 0xff, 0xff, 0xff, 0xff, 0xff, 0xff, 0xff, 0xff, 0xff, 0xff, 0xff,
  0x00, 0x00, 0xff, 0xff, 0xff, 0xff, 0xff, 0xff, 0xff, 0xff, 0xff, 0xff,
  0xff, 0xff, 0xff, 0xff, 0xff, 0xff, 0xff, 0xff, 0xff, 0xff, 0xff, 0xff,
  0xff, 0xff, 0xff, 0xff, 0xff, 0xff, 0xff, 0xff, 0xff, 0xff, 0xff, 0xff,
  0xff, 0xff, 0xff, 0xff, 0xff, 0xff, 0xff, 0xff, 0xff, 0xff, 0xff, 0xff,
  0xff, 0xff, 0xff, 0xff, 0xff, 0xff, 0xff, 0xff, 0xff, 0xff, 0x08, 0x5b,
  0x00, 0x00, 0x49, 0x00, 0x00, 0x00, 0x00, 0x00, 0x00, 0x00, 0x00, 0x53,
  0xa5, 0x5d, 0x5d, 0xa5, 0xa6, 0x5d, 0x5d, 0xa6, 0xa6, 0xa6, 0xa6, 0xa6,
  0xa6, 0xa6, 0x9d, 0x9d, 0x55, 0x54, 0x9d, 0x9d, 0x9e, 0xa6, 0x9e, 0xa6,
  0xa6, 0xa6, 0xa6, 0xa6, 0xa7, 0xa6, 0xaf, 0xa7, 0xaf, 0xaf, 0xaf, 0xaf,
  0xaf, 0xaf, 0xaf, 0xa7, 0xaf, 0xaf, 0xa6, 0xa6, 0x5c, 0x0a, 0x49, 0x49,
  0x49, 0x51, 0x51, 0x51, 0x52, 0x52, 0x49, 0x49, 0x49, 0x52, 0x51, 0x51,
  0x51, 0x52, 0x52, 0x52, 0x51, 0x5b, 0x07, 0xff, 0xff, 0xff, 0xff, 0xff,
  0xff, 0xff, 0xff, 0xff, 0xff, 0xff, 0xff, 0xff, 0xff, 0xff, 0xff, 0xff,
  0xff, 0xff, 0xff, 0xff, 0xff, 0xff, 0xff, 0xff, 0xff, 0xff, 0xff, 0xff,
  0xff, 0xff, 0xff, 0xff, 0xff, 0xff, 0xff, 0xff, 0xff, 0xff, 0xff, 0xff,
  0xff, 0xff, 0xff, 0xff, 0xff, 0xff, 0xff, 0xff, 0x00, 0x00, 0xff, 0xff,
  0xff, 0xff, 0xff, 0xff, 0xff, 0xff, 0xff, 0xff, 0xff, 0xff, 0xff, 0xff,
  0xff, 0xff, 0xff, 0xff, 0xff, 0xff, 0xff, 0xff, 0xff, 0xff, 0xff, 0xff,
  0xff, 0xff, 0xff, 0xff, 0xff, 0xff, 0xff, 0xff, 0xff, 0xff, 0xff, 0xff,
  0xff, 0xff, 0xff, 0xff, 0xff, 0xff, 0xff, 0xff, 0xff, 0xff, 0xff, 0xff,
  0xff, 0xff, 0xff, 0xff, 0xff, 0xff, 0xff, 0xff, 0xff, 0xf7, 0x52, 0x00,
  0x00, 0x00, 0x00, 0x00, 0x00, 0x00, 0x00, 0x53, 0x9d, 0x9d, 0xa6, 0xa5,
  0x5d, 0xa6, 0xa6, 0xa6, 0xa6, 0xa6, 0xa6, 0xa6, 0xa5, 0x9d, 0xa6, 0xa6,
  0xa6, 0x5d, 0x9d, 0x5d, 0xa6, 0x5d, 0x5d, 0x5d, 0xa6, 0xa6, 0xa6, 0xaf,
  0x5e, 0x66, 0xa7, 0xa7, 0xa7, 0xaf, 0xaf, 0xaf, 0xaf, 0xaf, 0xb7, 0xaf,
  0xaf, 0xaf, 0xaf, 0xa6, 0xa5, 0x0a, 0x49, 0x49, 0x51, 0x51, 0x51, 0x51,
  0x52, 0x52, 0x49, 0x49, 0x49, 0x51, 0x52, 0x52, 0x52, 0x52, 0x49, 0xa3,
  0xf6, 0xff, 0xff, 0xff, 0xff, 0xff, 0xff, 0xff, 0xff, 0xff, 0xff, 0xff,
  0xff, 0xff, 0xff, 0xff, 0xff, 0xff, 0xff, 0xff, 0xff, 0xff, 0xff, 0xff,
  0xff, 0xff, 0xff, 0xff, 0xff, 0xff, 0xff, 0xff, 0xff, 0xff, 0xff, 0xff,
  0xff, 0xff, 0xff, 0xff, 0xff, 0xff, 0xff, 0xff, 0xff, 0xff, 0xff, 0xff,
  0xff, 0xff, 0xff, 0xff, 0x00, 0x00, 0xff, 0xff, 0xff, 0xff, 0xff, 0xff,
  0xff, 0xff, 0xff, 0xff, 0xff, 0xff, 0xff, 0xff, 0xff, 0xff, 0xff, 0xff,
  0xff, 0xff, 0xff, 0xff, 0xff, 0xff, 0xff, 0xff, 0xff, 0xff, 0xff, 0xff,
  0xff, 0xff, 0xff, 0xff, 0xff, 0xff, 0xff, 0xff, 0xff, 0xff, 0xff, 0xff,
  0xff, 0xff, 0xff, 0xff, 0xff, 0xff, 0xff, 0xff, 0xff, 0xff, 0xff, 0xff,
  0xff, 0xff, 0xff, 0xff, 0xff, 0xff, 0xff, 0xff, 0xf7, 0x00, 0x00, 0x00,
  0x00, 0x00, 0x00, 0x53, 0x9d, 0xa6, 0x5d, 0x5d, 0xa6, 0xa6, 0xa6, 0xa6,
  0xa6, 0xa6, 0xa6, 0xa6, 0xa6, 0x9d, 0x5d, 0x5d, 0x9d, 0x5d, 0xa6, 0x5d,
  0x5d, 0x5d, 0xa6, 0x5d, 0xa6, 0xa6, 0xa6, 0xaf, 0xa6, 0xa6, 0x5d, 0xa6,
  0xa6, 0xaf, 0xaf, 0xaf, 0xaf, 0xaf, 0xaf, 0xaf, 0xaf, 0xaf, 0xaf, 0xaf,
  0xa6, 0x53, 0x49, 0x49, 0x51, 0x51, 0x51, 0x52, 0x52, 0x51, 0x51, 0x49,
  0x49, 0x52, 0x52, 0x52, 0x52, 0xa4, 0xf6, 0xff, 0xff, 0xff, 0xff, 0xff,
  0xff, 0xff, 0xff, 0xff, 0xff, 0xff, 0xff, 0xff, 0xff, 0xff, 0xff, 0xff,
  0xff, 0xff, 0xff, 0xff, 0xff, 0xff, 0xff, 0xff, 0xff, 0xff, 0xff, 0xff,
  0xff, 0xff, 0xff, 0xff, 0xff, 0xff, 0xff, 0xff, 0xff, 0xff, 0xff, 0xff,
  0xff, 0xff, 0xff, 0xff, 0xff, 0xff, 0xff, 0xff, 0xff, 0xff, 0xff, 0xff,
  0x00, 0x00, 0xff, 0xff, 0xff, 0xff, 0xff, 0xff, 0xff, 0xff, 0xff, 0xff,
  0xff, 0xff, 0xff, 0xff, 0xff, 0xff, 0xff, 0xff, 0xff, 0xff, 0xff, 0xff,
  0xff, 0xff, 0xff, 0xff, 0xff, 0xff, 0xff, 0xff, 0xff, 0xff, 0xff, 0xff,
  0xff, 0xff, 0xff, 0xff, 0xff, 0xff, 0xff, 0xff, 0xff, 0xff, 0xff, 0xff,
  0xff, 0xff, 0xff, 0xff, 0xff, 0xff, 0xff, 0xff, 0xff, 0xff, 0xff, 0xff,
  0xff, 0xff, 0xff, 0xff, 0xff, 0x07, 0x00, 0x00, 0x00, 0x00, 0x00, 0x53,
  0xa5, 0x5d, 0x5d, 0xa5, 0xa6, 0xa6, 0xa6, 0xa6, 0xa6, 0xa6, 0xa6, 0x9d,
  0xa6, 0x9d, 0x5d, 0x5d, 0xa6, 0xa5, 0x5d, 0xa6, 0x5d, 0xa6, 0xa6, 0xa5,
  0xa6, 0xa6, 0xa6, 0xaf, 0xa7, 0xa7, 0xa6, 0x66, 0xa6, 0xa7, 0xaf, 0xaf,
  0xaf, 0xaf, 0xaf, 0xaf, 0xaf, 0xaf, 0xaf, 0xb7, 0xaf, 0xa5, 0x0a, 0x49,
  0x51, 0x52, 0x52, 0x52, 0x52, 0x52, 0x49, 0x49, 0x51, 0x51, 0x52, 0xf7,
  0xff, 0xff, 0xff, 0xff, 0xff, 0xff, 0xff, 0xff, 0xff, 0xff, 0xff, 0xff,
  0xff, 0xff, 0xff, 0xff, 0xff, 0xff, 0xff, 0xff, 0xff, 0xff, 0xff, 0xff,
  0xff, 0xff, 0xff, 0xff, 0xff, 0xff, 0xff, 0xff, 0xff, 0xff, 0xff, 0xff,
  0xff, 0xff, 0xff, 0xff, 0xff, 0xff, 0xff, 0xff, 0xff, 0xff, 0xff, 0xff,
  0xff, 0xff, 0xff, 0xff, 0xff, 0xff, 0xff, 0xff, 0x00, 0x00, 0xff, 0xff,
  0xff, 0xff, 0xff, 0xff, 0xff, 0xff, 0xff, 0xff, 0xff, 0xff, 0xff, 0xff,
  0xff, 0xff, 0xff, 0xff, 0xff, 0xff, 0xff, 0xff, 0xff, 0xff, 0xff, 0xff,
  0xff, 0xff, 0xff, 0xff, 0xff, 0xff, 0xff, 0xff, 0xff, 0xff, 0xff, 0xff,
  0xff, 0xff, 0xff, 0xff, 0xff, 0xff, 0xff, 0xff, 0xff, 0xff, 0xff, 0xff,
  0xff, 0xff, 0xff, 0xff, 0xff, 0xff, 0xff, 0xff, 0xff, 0xff, 0xff, 0xff,
  0xff, 0xff, 0x07, 0x00, 0x00, 0x00, 0x00, 0x5b, 0x9d, 0x5d, 0x9d, 0xa6,
  0xa5, 0x9d, 0xa6, 0xa6, 0xa6, 0xa6, 0xa5, 0x9d, 0x9d, 0x5d, 0x9d, 0x5d,
  0x9d, 0x5d, 0x5d, 0xa5, 0xa6, 0x5d, 0xa6, 0xa6, 0x65, 0xa6, 0xa6, 0xa6,
  0xa6, 0xa6, 0xa6, 0xa6, 0xa6, 0xa6, 0xaf, 0xaf, 0xaf, 0xaf, 0xb7, 0xaf,
  0xaf, 0xaf, 0xaf, 0xb7, 0xb7, 0xae, 0x52, 0x49, 0x51, 0x51, 0x52, 0x52,
  0x52, 0x51, 0x49, 0x49, 0x52, 0xf7, 0xff, 0xff, 0xff, 0xff, 0xff, 0xff,
  0xff, 0xff, 0xff, 0xff, 0xff, 0xff, 0xff, 0xff, 0xff, 0xff, 0xff, 0xff,
  0xff, 0xff, 0xff, 0xff, 0xff, 0xff, 0xff, 0xff, 0xff, 0xff, 0xff, 0xff,
  0xff, 0xff, 0xff, 0xff, 0xff, 0xff, 0xff, 0xff, 0xff, 0xff, 0xff, 0xff,
  0xff, 0xff, 0xff, 0xff, 0xff, 0xff, 0xff, 0xff, 0xff, 0xff, 0xff, 0xff,
  0xff, 0xff, 0xff, 0xff, 0x00, 0x00, 0xff, 0xff, 0xff, 0xff, 0xff, 0xff,
  0xff, 0xff, 0xff, 0xff, 0xff, 0xff, 0xff, 0xff, 0xff, 0xff, 0xff, 0xff,
  0xff, 0xff, 0xff, 0xff, 0xff, 0xff, 0xff, 0xff, 0xff, 0xff, 0xff, 0xff,
  0xff, 0xff, 0xff, 0xff, 0xff, 0xff, 0xff, 0xff, 0xff, 0xff, 0xff, 0xff,
  0xff, 0xff, 0xff, 0xff, 0xff, 0xff, 0xff, 0xff, 0xff, 0xff, 0xff, 0xff,
  0xff, 0xff, 0xff, 0xff, 0xff, 0xff, 0xff, 0xff, 0xff, 0xff, 0xff, 0x9b,
  0x00, 0x00, 0x00, 0x5c, 0x5d, 0x9d, 0x9d, 0xa6, 0x9d, 0xa6, 0xa6, 0xa6,
  0xa6, 0xa6, 0x9d, 0x5d, 0x5d, 0x5d, 0x5d, 0x5d, 0x5d, 0x5d, 0x5d, 0xa5,
  0xa6, 0xa6, 0xa6, 0xa6, 0xa6, 0xa6, 0xa6, 0xa6, 0xa6, 0xa6, 0xa6, 0xa6,
  0xa6, 0xa6, 0xaf, 0xaf, 0xaf, 0xaf, 0xb7, 0xaf, 0xaf, 0xaf, 0xaf, 0xaf,
  0xb7, 0xb7, 0x5c, 0x0a, 0x49, 0x51, 0x52, 0x52, 0x52, 0x49, 0x49, 0xf7,
  0xff, 0xff, 0xff, 0xff, 0xff, 0xff, 0xff, 0xff, 0xff, 0xff, 0xff, 0xff,
  0xff, 0xff, 0xff, 0xff, 0xff, 0xff, 0xff, 0xff, 0xff, 0xff, 0xff, 0xff,
  0xff, 0xff, 0xff, 0xff, 0xff, 0xff, 0xff, 0xff, 0xff, 0xff, 0xff, 0xff,
  0xff, 0xff, 0xff, 0xff, 0xff, 0xff, 0xff, 0xff, 0xff, 0xff, 0xff, 0xff,
  0xff, 0xff, 0xff, 0xff, 0xff, 0xff, 0xff, 0xff, 0xff, 0xff, 0xff, 0xff,
  0x00, 0x00, 0xff, 0xff, 0xff, 0xff, 0xff, 0xff, 0xff, 0xff, 0xff, 0xff,
  0xff, 0xff, 0xff, 0xff, 0xff, 0xff, 0xff, 0xff, 0xff, 0xff, 0xff, 0xff,
  0xff, 0xff, 0xff, 0xff, 0xff, 0xff, 0xff, 0xff, 0xff, 0xff, 0xff, 0xff,
  0xff, 0xff, 0xff, 0xff, 0xff, 0xff, 0xff, 0xff, 0xff, 0xff, 0xff, 0xff,
  0xff, 0xff, 0xff, 0xff, 0xff, 0xff, 0xff, 0xff, 0xff, 0xff, 0xff, 0xff,
  0xff, 0xff, 0xff, 0xff, 0xff, 0xff, 0xff, 0xff, 0x00, 0x00, 0x00, 0x5b,
  0x5d, 0x9d, 0xa5, 0xa5, 0xa5, 0xa6, 0xa6, 0xa6, 0xa6, 0xa6, 0x5d, 0x5d,
  0x5d, 0x5d, 0x5d, 0xa5, 0x5d, 0x5d, 0x5d, 0x5d, 0xa6, 0xa6, 0xae, 0xa6,
  0xa6, 0xa6, 0xa6, 0xa6, 0xa6, 0xa6, 0x5e, 0xa6, 0xa6, 0xa7, 0xa7, 0xaf,
  0xaf, 0xaf, 0xaf, 0xaf, 0xaf, 0xaf, 0xaf, 0xaf, 0xb7, 0xaf, 0xaf, 0x0a,
  0x49, 0x51, 0x52, 0x52, 0x49, 0xa4, 0xff, 0xff, 0xff, 0xff, 0xff, 0xff,
  0xff, 0xff, 0xff, 0xff, 0xff, 0xff, 0xff, 0xff, 0xff, 0xff, 0xff, 0xff,
  0xff, 0xff, 0xff, 0xff, 0xff, 0xff, 0xff, 0xff, 0xff, 0xff, 0xff, 0xff,
  0xff, 0xff, 0xff, 0xff, 0xff, 0xff, 0xff, 0xff, 0xff, 0xff, 0xff, 0xff,
  0xff, 0xff, 0xff, 0xff, 0xff, 0xff, 0xff, 0xff, 0xff, 0xff, 0xff, 0xff,
  0xff, 0xff, 0xff, 0xff, 0xff, 0xff, 0xff, 0xff, 0x00, 0x00, 0xff, 0xff,
  0xff, 0xff, 0xff, 0xff, 0xff, 0xff, 0xff, 0xff, 0xff, 0xff, 0xff, 0xff,
  0xff, 0xff, 0xff, 0xff, 0xff, 0xff, 0xff, 0xff, 0xff, 0xff, 0xff, 0xff,
  0xff, 0xff, 0xff, 0xff, 0xff, 0xff, 0xff, 0xff, 0xff, 0xff, 0xff, 0xff,
  0xff, 0xff, 0xff, 0xff, 0xff, 0xff, 0xff, 0xff, 0xff, 0xff, 0xff, 0xff,
  0xff, 0xff, 0xff, 0xff, 0xff, 0xff, 0xff, 0xff, 0xff, 0xff, 0xff, 0xff,
  0xff, 0xff, 0xf6, 0xa4, 0x0a, 0x00, 0x00, 0x5c, 0x9d, 0x9d, 0x9d, 0xa5,
  0xa5, 0xa5, 0xa5, 0xa6, 0xa6, 0x9d, 0x5d, 0x5d, 0x5d, 0x9d, 0x5d, 0x5d,
  0xa5, 0x5d, 0xa5, 0x5d, 0xa5, 0xa6, 0xae, 0xa6, 0xa6, 0x65, 0x66, 0xa6,
  0xa6, 0xa6, 0xa6, 0xa6, 0xa6, 0xa6, 0xaf, 0xaf, 0xaf, 0xaf, 0xaf, 0xaf,
  0xaf, 0xaf, 0xaf, 0xaf, 0xaf, 0xaf, 0xb7, 0x5c, 0x49, 0x51, 0x52, 0x52,
  0x00, 0xff, 0xff, 0xff, 0xff, 0xff, 0xff, 0xff, 0xff, 0xff, 0xff, 0xff,
  0xff, 0xff, 0xff, 0xff, 0xff, 0xff, 0xff, 0xff, 0xff, 0xff, 0xff, 0xff,
  0xff, 0xff, 0xff, 0xff, 0xff, 0xff, 0xff, 0xff, 0xff, 0xff, 0xff, 0xff,
  0xff, 0xff, 0xff, 0xff, 0xff, 0xff, 0xff, 0xff, 0xff, 0xff, 0xff, 0xff,
  0xff, 0xff, 0xff, 0xff, 0xff, 0xff, 0xff, 0xff, 0xff, 0xff, 0xff, 0xff,
  0xff, 0xff, 0xff, 0xff, 0x00, 0x00, 0xff, 0xff, 0xff, 0xff, 0xff, 0xff,
  0xff, 0xff, 0xff, 0xff, 0xff, 0xff, 0xff, 0xff, 0xff, 0xff, 0xff, 0xff,
  0xff, 0xff, 0xff, 0xff, 0xff, 0xff, 0xff, 0xff, 0xff, 0xff, 0xff, 0xff,
  0xff, 0xff, 0xff, 0xff, 0xff, 0xff, 0xff, 0xff, 0xff, 0xff, 0xff, 0xff,
  0xff, 0xff, 0xff, 0xff, 0xff, 0xff, 0xff, 0xff, 0xff, 0xff, 0xff, 0xff,
  0xff, 0xff, 0xff, 0xff, 0xff, 0xff, 0xff, 0xff, 0xff, 0x5b, 0x00, 0x0a,
  0x49, 0x00, 0x00, 0x53, 0xa5, 0xa5, 0x9d, 0xa5, 0xa5, 0xa5, 0xa5, 0xa5,
  0x9d, 0x5c, 0x5d, 0x5d, 0x5d, 0x9d, 0x9d, 0x5d, 0x5d, 0x5d, 0xa6, 0x5d,
  0xa6, 0xa6, 0xa6, 0xae, 0xa6, 0xa6, 0xa6, 0xa6, 0xa6, 0xa6, 0xa6, 0xa6,
  0xa6, 0xa6, 0xa7, 0xaf, 0xaf, 0xaf, 0xaf, 0xaf, 0xaf, 0xaf, 0xaf, 0xaf,
  0xaf, 0xaf, 0xaf, 0xa6, 0x0a, 0x49, 0x52, 0x52, 0x49, 0xff, 0xff, 0xff,
  0xff, 0xff, 0xff, 0xff, 0xff, 0xff, 0xff, 0xff, 0xff, 0xff, 0xff, 0xff,
  0xff, 0xff, 0xff, 0xff, 0xff, 0xff, 0xff, 0xff, 0xff, 0xff, 0xff, 0xff,
  0xff, 0xff, 0xff, 0xff, 0xff, 0xff, 0xff, 0xff, 0xff, 0xff, 0xff, 0xff,
  0xff, 0xff, 0xff, 0xff, 0xff, 0xff, 0xff, 0xff, 0xff, 0xff, 0xff, 0xff,
  0xff, 0xff, 0xff, 0xff, 0xff, 0xff, 0xff, 0xff, 0xff, 0xff, 0xff, 0xff,
  0x00, 0x00, 0xff, 0xff, 0xff, 0xff, 0xff, 0xff, 0xff, 0xff, 0xff, 0xff,
  0xff, 0xff, 0xff, 0xff, 0xff, 0xff, 0xff, 0xff, 0xff, 0xff, 0xff, 0xff,
  0xff, 0xff, 0xff, 0xff, 0xff, 0xff, 0xff, 0xff, 0xff, 0xff, 0xff, 0xff,
  0xff, 0xff, 0xff, 0xff, 0xff, 0xff, 0xff, 0xff, 0xff, 0xff, 0xff, 0xff,
  0xff, 0xff, 0xff, 0xff, 0xff, 0xff, 0xff, 0xff, 0xff, 0xff, 0xff, 0xff,
  0xff, 0xff, 0xff, 0xf6, 0x52, 0x0a, 0x0a, 0x0a, 0x49, 0x49, 0x00, 0x5c,
  0xa5, 0x5d, 0x9d, 0xa5, 0xa5, 0x9d, 0xa5, 0x5d, 0x54, 0x5c, 0x5c, 0x5d,
  0x5d, 0x5d, 0x5d, 0xa5, 0x5d, 0x5d, 0x5d, 0x5d, 0x5d, 0xa6, 0xa6, 0xa6,
  0xa5, 0x65, 0xa6, 0xa6, 0xa6, 0x5e, 0xa6, 0xa6, 0xa6, 0xa6, 0xaf, 0xaf,
  0xaf, 0xaf, 0xaf, 0xaf, 0xaf, 0xaf, 0xaf, 0xaf, 0xaf, 0xb7, 0xaf, 0xaf,
  0x0a, 0x49, 0x52, 0x52, 0x5b, 0xff, 0xf6, 0xff, 0xff, 0xff, 0xff, 0xff,
  0xff, 0xff, 0xff, 0xff, 0xff, 0xff, 0xff, 0xff, 0xff, 0xff, 0xff, 0xff,
  0xff, 0xff, 0xff, 0xff, 0xff, 0xff, 0xff, 0xff, 0xff, 0xff, 0xff, 0xff,
  0xff, 0xff, 0xff, 0xff, 0xff, 0xff, 0xff, 0xff, 0xff, 0xff, 0xff, 0xff,
  0xff, 0xff, 0xff, 0xff, 0xff, 0xff, 0xff, 0xff, 0xff, 0xff, 0xff, 0xff,
  0xff, 0xff, 0xff, 0xff, 0xff, 0xff, 0xff, 0xff, 0x00, 0x00, 0xff, 0xff,
  0xff, 0xff, 0xff, 0xff, 0xff, 0xff, 0xff, 0xff, 0xff, 0xff, 0xff, 0xff,
  0xff, 0xff, 0xff, 0xff, 0xff, 0xff, 0xff, 0xff, 0xff, 0xff, 0xff, 0xff,
  0xff, 0xff, 0xff, 0xff, 0xff, 0xff, 0xff, 0xff, 0xff, 0xff, 0xff, 0xff,
  0xff, 0xff, 0xff, 0xff, 0xff, 0xff, 0xff, 0xff, 0xff, 0xff, 0xff, 0xff,
  0xff, 0xff, 0xff, 0xff, 0xff, 0xff, 0xff, 0xff, 0xff, 0xff, 0xf7, 0x0a,
  0x4a, 0x0a, 0x0a, 0x0a, 0x0a, 0x49, 0x00, 0x5c, 0x5d, 0x5d, 0x9d, 0xa5,
  0x5d, 0x5d, 0x5c, 0x53, 0x5c, 0x5c, 0x5c, 0x5c, 0x5d, 0x5d, 0x5d, 0x5d,
  0x5c, 0x5d, 0x5c, 0x5c, 0x5c, 0x5d, 0x5d, 0x5d, 0x5d, 0x5d, 0x5d, 0xa5,
  0x5d, 0x5d, 0x5d, 0xa6, 0xa6, 0xa6, 0xa6, 0xaf, 0xaf, 0xaf, 0xaf, 0xaf,
  0xaf, 0xaf, 0xaf, 0xaf, 0xaf, 0xb7, 0xaf, 0xaf, 0x0a, 0x49, 0x52, 0x49,
  0x07, 0xff, 0xff, 0xff, 0xff, 0xff, 0xff, 0xff, 0xff, 0xff, 0xff, 0xff,
  0xff, 0xff, 0xff, 0xff, 0xff, 0xff, 0xff, 0xff, 0xff, 0xff, 0xff, 0xff,
  0xff, 0xff, 0xff, 0xff, 0xff, 0xff, 0xff, 0xff, 0xff, 0xff, 0xff, 0xff,
  0xff, 0xff, 0xff, 0xff, 0xff, 0xff, 0xff, 0xff, 0xff, 0xff, 0xff, 0xff,
  0xff, 0xff, 0xff, 0xff, 0xff, 0xff, 0xff, 0xff, 0xff, 0xff, 0xff, 0xff,
  0xff, 0xff, 0xff, 0xff, 0x00, 0x00, 0xff, 0xff, 0xff, 0xff, 0xff, 0xff,
  0xff, 0xff, 0xff, 0xff, 0xff, 0xff, 0xff, 0xff, 0xff, 0xff, 0xff, 0xff,
  0xff, 0xff, 0xff, 0xff, 0xff, 0xff, 0xff, 0xff, 0xff, 0xff, 0xff, 0xff,
  0xff, 0xff, 0xff, 0xff, 0xff, 0xff, 0xff, 0xff, 0xff, 0xff, 0xff, 0xff,
  0xff, 0xff, 0xff, 0xff, 0xff, 0xff, 0xff, 0xff, 0xff, 0xff, 0xff, 0xff,
  0xff, 0xff, 0xff, 0xff, 0xff, 0xf7, 0x4a, 0x4a, 0x0a, 0x0a, 0x0a, 0x0a,
  0x0a, 0x0a, 0x00, 0x5c, 0x9d, 0x5d, 0x5d, 0x5d, 0x5c, 0x54, 0x53, 0x54,
  0x54, 0x54, 0x54, 0x5c, 0x5c, 0x5c, 0x5c, 0x5c, 0x5c, 0x54, 0x54, 0x54,
  0x5c, 0x5c, 0x5d, 0x5d, 0x5c, 0x5c, 0x5c, 0x5c, 0x5c, 0x5d, 0x5d, 0xa6,
  0xa6, 0xa6, 0xa6, 0xaf, 0xaf, 0xaf, 0xaf, 0xaf, 0xaf, 0xaf, 0xaf, 0xaf,
  0xb7, 0xb7, 0xaf, 0xef, 0x0a, 0x00, 0x49, 0x9b, 0xff, 0xff, 0xff, 0xff,
  0xff, 0xff, 0xff, 0xff, 0xff, 0xff, 0xff, 0xff, 0xff, 0xff, 0xff, 0xff,
  0xff, 0xff, 0xff, 0xff, 0xff, 0xff, 0xff, 0xff, 0xff, 0xff, 0xff, 0xff,
  0xff, 0xff, 0xff, 0xff, 0xff, 0xff, 0xff, 0xff, 0xff, 0xff, 0xff, 0xff,
  0xff, 0xff, 0xff, 0xff, 0xff, 0xff, 0xff, 0xff, 0xff, 0xff, 0xff, 0xff,
  0xff, 0xff, 0xff, 0xff, 0xff, 0xff, 0xff, 0xff, 0xff, 0xff, 0xff, 0xff,
  0x00, 0x00, 0xff, 0xff, 0xff, 0xff, 0xff, 0xff, 0xff, 0xff, 0xff, 0xff,
  0xff, 0xff, 0xff, 0xff, 0xff, 0xff, 0xff, 0xff, 0xff, 0xff, 0xff, 0xff,
  0xff, 0xff, 0xff, 0xff, 0xff, 0xff, 0xff, 0xff, 0xff, 0xff, 0xff, 0xff,
  0xff, 0xff, 0xff, 0xff, 0xff, 0xff, 0xff, 0xff, 0xff, 0xff, 0xff, 0xff,
  0xff, 0xff, 0xff, 0xff, 0xff, 0xff, 0xff, 0xff, 0xff, 0xff, 0xff, 0xff,
  0xff, 0x52, 0x52, 0x52, 0x0a, 0x0a, 0x0a, 0x0a, 0x4a, 0x49, 0x00, 0x5c,
  0x9d, 0x5d, 0x5d, 0x5c, 0x54, 0x53, 0x54, 0x5c, 0x54, 0x54, 0x5c, 0x5c,
  0x54, 0x54, 0x54, 0x54, 0x53, 0x53, 0x53, 0x53, 0x54, 0x54, 0x5c, 0x5c,
  0x54, 0x54, 0x5c, 0x54, 0x54, 0x54, 0x5d, 0x5d, 0xa6, 0xa6, 0xa6, 0xa6,
  0xa7, 0xaf, 0xaf, 0xaf, 0xaf, 0xaf, 0xaf, 0xaf, 0xb7, 0xb7, 0xb7, 0xae,
  0x00, 0x00, 0x00, 0x5b, 0xa4, 0x08, 0xff, 0xff, 0xff, 0xff, 0xff, 0xff,
  0xff, 0xff, 0xff, 0xff, 0xff, 0xff, 0xff, 0xff, 0xff, 0xff, 0xff, 0xff,
  0xff, 0xff, 0xff, 0xff, 0xff, 0xff, 0xff, 0xff, 0xff, 0xff, 0xff, 0xff,
  0xff, 0xff, 0xff, 0xff, 0xff, 0xff, 0xff, 0xff, 0xff, 0xff, 0xff, 0xff,
  0xff, 0xff, 0xff, 0xff, 0xff, 0xff, 0xff, 0xff, 0xff, 0xff, 0xff, 0xff,
  0xff, 0xff, 0xff, 0xff, 0xff, 0xff, 0xff, 0xff, 0x00, 0x00, 0xff, 0xff,
  0xff, 0xff, 0xff, 0xff, 0xff, 0xff, 0xff, 0xff, 0xff, 0xff, 0xff, 0xff,
  0xff, 0xff, 0xff, 0xff, 0xff, 0xff, 0xff, 0xff, 0xff, 0xff, 0xff, 0xff,
  0xff, 0xff, 0xff, 0xff, 0xff, 0xff, 0xff, 0xff, 0xff, 0xff, 0xff, 0xff,
  0xff, 0xff, 0xff, 0xff, 0xff, 0xff, 0xff, 0xff, 0xff, 0xff, 0xff, 0xff,
  0xff, 0xff, 0xff, 0xff, 0xff, 0xff, 0xff, 0xff, 0x07, 0x4a, 0x52, 0x52,
  0x49, 0x0a, 0x0a, 0x49, 0x4a, 0x49, 0x00, 0x5c, 0x9d, 0x5c, 0x5c, 0x54,
  0x53, 0x53, 0x54, 0x5c, 0x54, 0x54, 0x54, 0x54, 0x53, 0x53, 0x53, 0x53,
  0x53, 0x53, 0x53, 0x53, 0x53, 0x54, 0x53, 0x53, 0x53, 0x53, 0x54, 0x54,
  0x54, 0x54, 0x54, 0x5d, 0x5d, 0x5e, 0x66, 0xa6, 0xa6, 0xa6, 0xaf, 0xaf,
  0xaf, 0xaf, 0xaf, 0xaf, 0xb7, 0xb7, 0xb7, 0xa5, 0x00, 0x00, 0x49, 0x53,
  0x53, 0x53, 0xf6, 0xff, 0xff, 0xff, 0xff, 0xff, 0xff, 0xff, 0xff, 0xff,
  0xff, 0xff, 0xff, 0xff, 0xff, 0xff, 0xff, 0xff, 0xff, 0xff, 0xff, 0xff,
  0xff, 0xff, 0xff, 0xff, 0xff, 0xff, 0xff, 0xff, 0xff, 0xff, 0xff, 0xff,
  0xff, 0xff, 0xff, 0xff, 0xff, 0xff, 0xff, 0xff, 0xff, 0xff, 0xff, 0xff,
  0xff, 0xff, 0xff, 0xff, 0xff, 0xff, 0xff, 0xff, 0xff, 0xff, 0xff, 0xff,
  0xff, 0xff, 0xff, 0xff, 0x00, 0x00, 0xff, 0xff, 0xff, 0xff, 0xff, 0xff,
  0xff, 0xff, 0xff, 0xff, 0xff, 0xff, 0xff, 0xff, 0xff, 0xff, 0xff, 0xff,
  0xff, 0xff, 0xff, 0xff, 0xff, 0xff, 0xff, 0xff, 0xff, 0xff, 0xff, 0xff,
  0xff, 0xff, 0xff, 0xff, 0xff, 0xff, 0xff, 0xff, 0xff, 0xff, 0xff, 0xff,
  0xff, 0xff, 0xff, 0xff, 0xff, 0xff, 0xff, 0xff, 0xff, 0xff, 0xff, 0xff,
  0xff, 0xff, 0xff, 0xff, 0x5b, 0x4a, 0x52, 0x4a, 0x00, 0x00, 0x00, 0x00,
  0x52, 0x4a, 0x0a, 0x5c, 0x5c, 0x54, 0x54, 0x53, 0x53, 0x54, 0x5c, 0x5c,
  0x54, 0x54, 0x54, 0x53, 0x53, 0x53, 0x53, 0x53, 0x53, 0x53, 0x53, 0x53,
  0x53, 0x53, 0x53, 0x53, 0x0b, 0x0b, 0x53, 0x53, 0x53, 0x53, 0x54, 0x54,
  0x5d, 0x5d, 0x66, 0xa6, 0xa6, 0xa6, 0xaf, 0xaf, 0xaf, 0xaf, 0xaf, 0xaf,
  0xaf, 0xb7, 0xb7, 0x5c, 0x00, 0x00, 0x0a, 0x4a, 0x5c, 0x53, 0x5b, 0xf6,
  0xff, 0xff, 0xff, 0xff, 0xff, 0xff, 0xff, 0xff, 0xff, 0xff, 0xff, 0xff,
  0xff, 0xff, 0xff, 0xff, 0xff, 0xff, 0xff, 0xff, 0xff, 0xff, 0xff, 0xff,
  0xff, 0xff, 0xff, 0xff, 0xff, 0xff, 0xff, 0xff, 0xff, 0xff, 0xff, 0xff,
  0xff, 0xff, 0xff, 0xff, 0xff, 0xff, 0xff, 0xff, 0xff, 0xff, 0xff, 0xff,
  0xff, 0xff, 0xff, 0xff, 0xff, 0xff, 0xff, 0xff, 0xff, 0xff, 0xff, 0xff,
  0x00, 0x00, 0xff, 0xff, 0xff, 0xff, 0xff, 0xff, 0xff, 0xff, 0xff, 0xff,
  0xff, 0xff, 0xff, 0xff, 0xff, 0xff, 0xff, 0xff, 0xff, 0xff, 0xff, 0xff,
  0xff, 0xff, 0xff, 0xff, 0xff, 0xff, 0xff, 0xff, 0xff, 0xff, 0xff, 0xff,
  0xff, 0xff, 0xff, 0xff, 0xff, 0xff, 0xff, 0xff, 0xff, 0xff, 0xff, 0xff,
  0xff, 0xff, 0xff, 0xff, 0xff, 0xff, 0xff, 0xff, 0xff, 0xff, 0xff, 0xf6,
  0x0a, 0x0a, 0x52, 0x0a, 0x0a, 0x4a, 0x0a, 0x0a, 0x52, 0x4a, 0x0a, 0x5c,
  0x5c, 0x5c, 0x53, 0x53, 0x54, 0x5c, 0x5c, 0x5c, 0x5c, 0x53, 0x53, 0x53,
  0x53, 0x53, 0x53, 0x53, 0x53, 0x53, 0x53, 0x53, 0x53, 0x53, 0x53, 0x53,
  0x53, 0x53, 0x53, 0x53, 0x4b, 0x53, 0x53, 0x54, 0x54, 0x5d, 0x5d, 0x66,
  0xa6, 0xa6, 0xa6, 0xa6, 0xaf, 0xaf, 0xaf, 0xaf, 0xaf, 0xb7, 0xb7, 0x53,
  0x00, 0x52, 0x0a, 0x4a, 0x0a, 0x54, 0x53, 0xa4, 0xff, 0xff, 0xff, 0xff,
  0xff, 0xff, 0xff, 0xff, 0xff, 0xff, 0xff, 0xff, 0xff, 0xff, 0xff, 0xff,
  0xff, 0xff, 0xff, 0xff, 0xff, 0xff, 0xff, 0xff, 0xff, 0xff, 0xff, 0xff,
  0xff, 0xff, 0xff, 0xff, 0xff, 0xff, 0xff, 0xff, 0xff, 0xff, 0xff, 0xff,
  0xff, 0xff, 0xff, 0xff, 0xff, 0xff, 0xff, 0xff, 0xff, 0xff, 0xff, 0xff,
  0xff, 0xff, 0xff, 0xff, 0xff, 0xff, 0xff, 0xff, 0x00, 0x00, 0xff, 0xff,
  0xff, 0xff, 0xff, 0xff, 0xff, 0xff, 0xff, 0xff, 0xff, 0xff, 0xff, 0xff,
  0xff, 0xff, 0xff, 0xff, 0xff, 0xff, 0xff, 0xff, 0xff, 0xff, 0xff, 0xff,
  0xff, 0xff, 0xff, 0xff, 0xff, 0xff, 0xff, 0xff, 0xff, 0xff, 0xff, 0xff,
  0xff, 0xff, 0xff, 0xff, 0xff, 0xff, 0xff, 0xff, 0xff, 0xff, 0xff, 0xff,
  0xff, 0xff, 0xff, 0xff, 0xff, 0xff, 0xff, 0xad, 0x0a, 0x52, 0x53, 0x5b,
  0x5b, 0x5b, 0x5b, 0x5b, 0x5b, 0x4a, 0x0a, 0x5c, 0x54, 0x54, 0x53, 0x54,
  0x5c, 0x5c, 0x5c, 0x5c, 0x54, 0x53, 0x53, 0x53, 0x53, 0x53, 0x53, 0x53,
  0x53, 0x53, 0x53, 0x53, 0x53, 0x53, 0x53, 0x53, 0x53, 0x53, 0x53, 0x53,
  0x53, 0x53, 0x53, 0x53, 0x54, 0x5d, 0x5d, 0x66, 0xa6, 0xa6, 0xa6, 0xa6,
  0xaf, 0xaf, 0xaf, 0xaf, 0xaf, 0xaf, 0xaf, 0x0a, 0x53, 0x5b, 0x53, 0x52,
  0x4a, 0x0a, 0x53, 0x5c, 0xf7, 0xff, 0xff, 0xff, 0xff, 0xff, 0xff, 0xff,
  0xff, 0xff, 0xff, 0xff, 0xff, 0xff, 0xff, 0xff, 0xff, 0xff, 0xff, 0xff,
  0xff, 0xff, 0xff, 0xff, 0xff, 0xff, 0xff, 0xff, 0xff, 0xff, 0xff, 0xff,
  0xff, 0xff, 0xff, 0xff, 0xff, 0xff, 0xff, 0xff, 0xff, 0xff, 0xff, 0xff,
  0xff, 0xff, 0xff, 0xff, 0xff, 0xff, 0xff, 0xff, 0xff, 0xff, 0xff, 0xff,
  0xff, 0xff, 0xff, 0xff, 0x00, 0x00, 0xff, 0xff, 0xff, 0xff, 0xff, 0xff,
  0xff, 0xff, 0xff, 0xff, 0xff, 0xff, 0xff, 0xff, 0xff, 0xff, 0xff, 0xff,
  0xff, 0xff, 0xff, 0xff, 0xff, 0xff, 0xff, 0xff, 0xff, 0xff, 0xff, 0xff,
  0xff, 0xff, 0xff, 0xff, 0xff, 0xff, 0xff, 0xff, 0xff, 0xff, 0xff, 0xff,
  0xff, 0xff, 0xff, 0xff, 0xff, 0xff, 0xff, 0xff, 0xff, 0xff, 0xff, 0xff,
  0xff, 0xff, 0xff, 0xad, 0x0a, 0x52, 0x53, 0x5b, 0x5b, 0x5b, 0x5b, 0x5b,
  0x5b, 0x4a, 0x0a, 0x5c, 0x54, 0x54, 0x53, 0x54, 0x5c, 0x5c, 0x5c, 0x5c,
  0x54, 0x53, 0x53, 0x53, 0x53, 0x53, 0x53, 0x53, 0x53, 0x53, 0x53, 0x53,
  0x53, 0x53, 0x53, 0x53, 0x53, 0x53, 0x53, 0x53, 0x53, 0x53, 0x53, 0x53,
  0x54, 0x5d, 0x5d, 0x66, 0xa6, 0xa6, 0xa6, 0xa6, 0xaf, 0xaf, 0xaf, 0xaf,
  0xaf, 0xaf, 0xaf, 0x0a, 0x53, 0x5b, 0x53, 0x52, 0x4a, 0x0a, 0x53, 0x5c,
  0xf7, 0xff, 0xff, 0xff, 0xff, 0xff, 0xff, 0xff, 0xff, 0xff, 0xff, 0xff,
  0xff, 0xff, 0xff, 0xff, 0xff, 0xff, 0xff, 0xff, 0xff, 0xff, 0xff, 0xff,
  0xff, 0xff, 0xff, 0xff, 0xff, 0xff, 0xff, 0xff, 0xff, 0xff, 0xff, 0xff,
  0xff, 0xff, 0xff, 0xff, 0xff, 0xff, 0xff, 0xff, 0xff, 0xff, 0xff, 0xff,
  0xff, 0xff, 0xff, 0xff, 0xff, 0xff, 0xff, 0xff, 0xff, 0xff, 0xff, 0xff,
  0x00, 0x00, 0xff, 0xff, 0xff, 0xff, 0xff, 0xff, 0xff, 0xff, 0xff, 0xff,
  0xff, 0xff, 0xff, 0xff, 0xff, 0xff, 0xff, 0xff, 0xff, 0xff, 0xff, 0xff,
  0xff, 0xff, 0xff, 0xff, 0xff, 0xff, 0xff, 0xff, 0xff, 0xff, 0xff, 0xff,
  0xff, 0xff, 0xff, 0xff, 0xff, 0xff, 0xff, 0xff, 0xff, 0xff, 0xff, 0xff,
  0xff, 0xff, 0xff, 0xff, 0xff, 0xff, 0xff, 0xff, 0xff, 0xff, 0xf7, 0x53,
  0x5c, 0x5c, 0x5c, 0x5c, 0x5c, 0x5b, 0x53, 0x53, 0x53, 0x0a, 0x0a, 0x5c,
  0x53, 0x53, 0x54, 0x5c, 0x5c, 0x5c, 0x5c, 0x5c, 0x54, 0x54, 0x53, 0x53,
  0x53, 0x53, 0x53, 0x53, 0x53, 0x53, 0x53, 0x53, 0x53, 0x53, 0x53, 0x53,
  0x53, 0x53, 0x53, 0x54, 0x53, 0x54, 0x53, 0x53, 0x54, 0x5c, 0x5d, 0x5d,
  0xa6, 0xa6, 0xa6, 0xa6, 0xaf, 0xaf, 0xaf, 0xaf, 0xaf, 0xaf, 0xae, 0x0a,
  0x52, 0x5b, 0x5c, 0x5b, 0x53, 0x52, 0x53, 0x54, 0x5c, 0xf7, 0xff, 0xff,
  0xff, 0xff, 0xff, 0xff, 0xff, 0xff, 0xff, 0xff, 0xff, 0xff, 0xff, 0xff,
  0xff, 0xff, 0xff, 0xff, 0xff, 0xff, 0xff, 0xff, 0xff, 0xff, 0xff, 0xff,
  0xff, 0xff, 0xff, 0xff, 0xff, 0xff, 0xff, 0xff, 0xff, 0xff, 0xff, 0xff,
  0xff, 0xff, 0xff, 0xff, 0xff, 0xff, 0xff, 0xff, 0xff, 0xff, 0xff, 0xff,
  0xff, 0xff, 0xff, 0xff, 0xff, 0xff, 0xff, 0xff, 0x00, 0x00, 0xff, 0xff,
  0xff, 0xff, 0xff, 0xff, 0xff, 0xff, 0xff, 0xff, 0xff, 0xff, 0xff, 0xff,
  0xff, 0xff, 0xff, 0xff, 0xff, 0xff, 0xff, 0xff, 0xff, 0xff, 0xff, 0xff,
  0xff, 0xff, 0xff, 0xff, 0xff, 0xff, 0xff, 0xff, 0xff, 0xff, 0xff, 0xff,
  0xff, 0xff, 0xff, 0xff, 0xff, 0xff, 0xff, 0xff, 0xff, 0xff, 0xff, 0xff,
  0xff, 0xff, 0xff, 0xff, 0xff, 0xa4, 0x5b, 0x5c, 0x5c, 0x5c, 0x5c, 0x5c,
  0x5c, 0x53, 0x53, 0x52, 0x52, 0x0a, 0x52, 0x5c, 0x53, 0x53, 0x5c, 0x5c,
  0x5c, 0x5c, 0x5c, 0x5c, 0x5c, 0x53, 0x53, 0x53, 0x53, 0x53, 0x53, 0x53,
  0x53, 0x53, 0x53, 0x53, 0x53, 0x53, 0x53, 0x53, 0x53, 0x53, 0x53, 0x54,
  0x5c, 0x54, 0x54, 0x5c, 0x54, 0x5c, 0x5d, 0x5d, 0x66, 0xa6, 0xa6, 0xa6,
  0xae, 0xaf, 0xaf, 0xaf, 0xaf, 0xaf, 0xae, 0x00, 0x0a, 0x53, 0x5b, 0x53,
  0x53, 0x53, 0x53, 0x53, 0x5c, 0x5c, 0xae, 0xff, 0xff, 0xff, 0xff, 0xff,
  0xff, 0xff, 0xff, 0xff, 0xff, 0xff, 0xff, 0xff, 0xff, 0xff, 0xff, 0xff,
  0xff, 0xff, 0xff, 0xff, 0xff, 0xff, 0xff, 0xff, 0xff, 0xff, 0xff, 0xff,
  0xff, 0xff, 0xff, 0xff, 0xff, 0xff, 0xff, 0xff, 0xff, 0xff, 0xff, 0xff,
  0xff, 0xff, 0xff, 0xff, 0xff, 0xff, 0xff, 0xff, 0xff, 0xff, 0xff, 0xff,
  0xff, 0xff, 0xff, 0xff, 0x00, 0x00, 0xff, 0xff, 0xff, 0xff, 0xff, 0xff,
  0xff, 0xff, 0xff, 0xff, 0xff, 0xff, 0xff, 0xff, 0xff, 0xff, 0xff, 0xff,
  0xff, 0xff, 0xff, 0xff, 0xff, 0xff, 0xff, 0xff, 0xff, 0xff, 0xff, 0xff,
  0xff, 0xff, 0xff, 0xff, 0xff, 0xff, 0xff, 0xff, 0xff, 0xff, 0xff, 0xff,
  0xff, 0xff, 0xff, 0xff, 0xff, 0xff, 0xff, 0xff, 0xff, 0xff, 0xff, 0xff,
  0xad, 0x5b, 0x5c, 0x53, 0x5c, 0x5c, 0x5c, 0x5b, 0x53, 0x52, 0x4a, 0x00,
  0x00, 0x0a, 0x53, 0x5c, 0x53, 0x5c, 0x5c, 0x5c, 0x5d, 0x5c, 0x5c, 0x5c,
  0x54, 0x53, 0x53, 0x53, 0x53, 0x53, 0x53, 0x53, 0x53, 0x53, 0x53, 0x53,
  0x53, 0x54, 0x54, 0x54, 0x53, 0x53, 0x53, 0x54, 0x5c, 0x5c, 0x5c, 0x5c,
  0x5c, 0x5c, 0x5c, 0x5d, 0x5d, 0xa6, 0xa6, 0xa6, 0xae, 0xaf, 0xaf, 0xaf,
  0xaf, 0xaf, 0xa6, 0x00, 0x0a, 0x4a, 0x5b, 0x53, 0x53, 0x53, 0x5c, 0x53,
  0x5c, 0x5c, 0x5c, 0xad, 0xff, 0xff, 0xff, 0xff, 0xff, 0xff, 0xff, 0xff,
  0xff, 0xff, 0xff, 0xff, 0xff, 0xff, 0xff, 0xff, 0xff, 0xff, 0xff, 0xff,
  0xff, 0xff, 0xff, 0xff, 0xff, 0xff, 0xff, 0xff, 0xff, 0xff, 0xff, 0xff,
  0xff, 0xff, 0xff, 0xff, 0xff, 0xff, 0xff, 0xff, 0xff, 0xff, 0xff, 0xff,
  0xff, 0xff, 0xff, 0xff, 0xff, 0xff, 0xff, 0xff, 0xff, 0xff, 0xff, 0xff,
  0x00, 0x00, 0xff, 0xff, 0xff, 0xff, 0xff, 0xff, 0xff, 0xff, 0xff, 0xff,
  0xff, 0xff, 0xff, 0xff, 0xff, 0xff, 0xff, 0xff, 0xff, 0xff, 0xff, 0xff,
  0xff, 0xff, 0xff, 0xff, 0xff, 0xff, 0xff, 0xff, 0xff, 0xff, 0xff, 0xff,
  0xff, 0xff, 0xff, 0xff, 0xff, 0xff, 0xff, 0xff, 0xff, 0xff, 0xff, 0xff,
  0xff, 0xff, 0xff, 0xff, 0xff, 0xff, 0xff, 0x07, 0x53, 0x53, 0x5c, 0x5c,
  0x5c, 0x5c, 0x5b, 0x52, 0x0a, 0x00, 0x00, 0x00, 0x00, 0x0a, 0x53, 0x54,
  0x5c, 0x5c, 0x5d, 0x5d, 0x5c, 0x5c, 0x5c, 0x5c, 0x54, 0x5c, 0x5c, 0x5c,
  0x5c, 0x5c, 0x5c, 0x5c, 0x5c, 0x5c, 0x5c, 0x5c, 0x5c, 0x5c, 0x5c, 0x5c,
  0x54, 0x54, 0x53, 0x54, 0x5c, 0x5d, 0x5d, 0x5c, 0x5d, 0x5d, 0x5d, 0x5d,
  0x5d, 0x65, 0xa6, 0xa6, 0xae, 0xaf, 0xaf, 0xaf, 0xaf, 0xaf, 0xa6, 0x00,
  0x0a, 0x0a, 0x53, 0x53, 0x53, 0x53, 0x5c, 0x5c, 0x5c, 0x54, 0x5c, 0x65,
  0x07, 0xff, 0xff, 0xff, 0xff, 0xff, 0xff, 0xff, 0xff, 0xff, 0xff, 0xff,
  0xff, 0xff, 0xff, 0xff, 0xff, 0xff, 0xff, 0xff, 0xff, 0xff, 0xff, 0xff,
  0xff, 0xff, 0xff, 0xff, 0xff, 0xff, 0xff, 0xff, 0xff, 0xff, 0xff, 0xff,
  0xff, 0xff, 0xff, 0xff, 0xff, 0xff, 0xff, 0xff, 0xff, 0xff, 0xff, 0xff,
  0xff, 0xff, 0xff, 0xff, 0xff, 0xff, 0xff, 0xff, 0x00, 0x00, 0xff, 0xff,
  0xff, 0xff, 0xff, 0xff, 0xff, 0xff, 0xff, 0xff, 0xff, 0xff, 0xff, 0xff,
  0xff, 0xff, 0xff, 0xff, 0xff, 0xff, 0xff, 0xff, 0xff, 0xff, 0xff, 0xff,
  0xff, 0xff, 0xff, 0xff, 0xff, 0xff, 0xff, 0xff, 0xff, 0xff, 0xff, 0xff,
  0xff, 0xff, 0xff, 0xff, 0xff, 0xff, 0xff, 0xff, 0xff, 0xff, 0xff, 0xff,
  0xff, 0xff, 0xf6, 0x53, 0x53, 0x5c, 0x5c, 0x5c, 0x53, 0x0a, 0x0a, 0x0a,
  0x0a, 0x00, 0x00, 0x00, 0x00, 0x0a, 0x5b, 0x5c, 0x5d, 0x5d, 0x5d, 0x5d,
  0x5d, 0x5c, 0x5c, 0x5c, 0x5c, 0x5d, 0x5d, 0x5d, 0x5d, 0x5d, 0x5d, 0x5d,
  0x5d, 0x5d, 0x9d, 0x5d, 0x5d, 0x5d, 0x5d, 0x5d, 0x5d, 0x5d, 0x5d, 0x5d,
  0x5d, 0x65, 0x65, 0x5d, 0x5d, 0x5d, 0x5d, 0x5d, 0x5d, 0x5d, 0xa6, 0xa6,
  0xae, 0xaf, 0xaf, 0xaf, 0xaf, 0xaf, 0xae, 0x00, 0x0a, 0x0a, 0x4a, 0x5c,
  0x53, 0x53, 0x53, 0x5c, 0x5d, 0x54, 0x5c, 0xa5, 0xa5, 0xf6, 0xff, 0xff,
  0xff, 0xff, 0xff, 0xff, 0xff, 0xff, 0xff, 0xff, 0xff, 0xff, 0xff, 0xff,
  0xff, 0xff, 0xff, 0xff, 0xff, 0xff, 0xff, 0xff, 0xff, 0xff, 0xff, 0xff,
  0xff, 0xff, 0xff, 0xff, 0xff, 0xff, 0xff, 0xff, 0xff, 0xff, 0xff, 0xff,
  0xff, 0xff, 0xff, 0xff, 0xff, 0xff, 0xff, 0xff, 0xff, 0xff, 0xff, 0xff,
  0xff, 0xff, 0xff, 0xff, 0x00, 0x00, 0xff, 0xff, 0xff, 0xff, 0xff, 0xff,
  0xff, 0xff, 0xff, 0xff, 0xff, 0xff, 0xff, 0xff, 0xff, 0xff, 0xff, 0xff,
  0xff, 0xff, 0xff, 0xff, 0xff, 0xff, 0xff, 0xff, 0xff, 0xff, 0xff, 0xff,
  0xff, 0xff, 0xff, 0xff, 0xff, 0xff, 0xff, 0xff, 0xff, 0xff, 0xff, 0xff,
  0xff, 0xff, 0xff, 0xff, 0xff, 0xff, 0xff, 0xff, 0xff, 0xff, 0x5b, 0x53,
  0x5c, 0x5b, 0x5b, 0x52, 0x0a, 0x0a, 0x00, 0x00, 0x0a, 0x0a, 0x00, 0x00,
  0x00, 0x53, 0x5c, 0x5d, 0x5d, 0x65, 0x5d, 0x5d, 0x5d, 0x5c, 0x5c, 0x5d,
  0x5d, 0xa5, 0xa6, 0xa5, 0x5d, 0xa6, 0xa6, 0xa6, 0xa6, 0xa6, 0xa6, 0xa6,
  0xa6, 0xa6, 0xa6, 0xa6, 0xa6, 0xa6, 0xa6, 0xa6, 0x66, 0xa6, 0x65, 0x5d,
  0x5d, 0x5d, 0x5d, 0x5d, 0x5d, 0x5d, 0x66, 0xa6, 0xae, 0xaf, 0xaf, 0xaf,
  0xaf, 0xaf, 0xae, 0x00, 0x0a, 0x0a, 0x0a, 0x53, 0x53, 0x53, 0x53, 0x53,
  0xa5, 0x5c, 0x5c, 0x5d, 0xa5, 0xae, 0xff, 0xff, 0xff, 0xff, 0xff, 0xff,
  0xff, 0xff, 0xff, 0xff, 0xff, 0xff, 0xff, 0xff, 0xff, 0xff, 0xff, 0xff,
  0xff, 0xff, 0xff, 0xff, 0xff, 0xff, 0xff, 0xff, 0xff, 0xff, 0xff, 0xff,
  0xff, 0xff, 0xff, 0xff, 0xff, 0xff, 0xff, 0xff, 0xff, 0xff, 0xff, 0xff,
  0xff, 0xff, 0xff, 0xff, 0xff, 0xff, 0xff, 0xff, 0xff, 0xff, 0xff, 0xff,
  0x00, 0x00, 0xff, 0xff, 0xff, 0xff, 0xff, 0xff, 0xff, 0xff, 0xff, 0xff,
  0xff, 0xff, 0xff, 0xff, 0xff, 0xff, 0xff, 0xff, 0xff, 0xff, 0xff, 0xff,
  0xff, 0xff, 0xff, 0xff, 0xff, 0xff, 0xff, 0xff, 0xff, 0xff, 0xff, 0xff,
  0xff, 0xff, 0xff, 0xff, 0xff, 0xff, 0xff, 0xff, 0xff, 0xff, 0xff, 0xff,
  0xff, 0xff, 0xff, 0xff, 0xff, 0xa4, 0x53, 0x5c, 0x5b, 0x5b, 0x4a, 0x0a,
  0x0a, 0x0a, 0x0a, 0x0a, 0x4a, 0x4a, 0x00, 0x0a, 0x52, 0x5c, 0x5d, 0x5d,
  0xa5, 0xa5, 0x65, 0x65, 0x5d, 0x5c, 0x5d, 0x65, 0xa5, 0xa6, 0xa6, 0xa6,
  0xa6, 0xa6, 0xa6, 0xa6, 0xa6, 0xa6, 0xa6, 0xa6, 0xa6, 0xa7, 0xa7, 0xa7,
  0xaf, 0xa6, 0xae, 0xae, 0xae, 0xae, 0xa6, 0x65, 0x65, 0x5d, 0x5d, 0x5d,
  0x5d, 0x5d, 0x65, 0x66, 0xa6, 0xaf, 0xaf, 0xaf, 0xaf, 0xaf, 0xae, 0x0a,
  0x0a, 0x0a, 0x0a, 0x52, 0x5c, 0x53, 0x5c, 0x53, 0x5c, 0xa5, 0x5c, 0x5c,
  0xa5, 0xa6, 0x08, 0xff, 0xff, 0xff, 0xff, 0xff, 0xff, 0xff, 0xff, 0xff,
  0xff, 0xff, 0xff, 0xff, 0xff, 0xff, 0xff, 0xff, 0xff, 0xff, 0xff, 0xff,
  0xff, 0xff, 0xff, 0xff, 0xff, 0xff, 0xff, 0xff, 0xff, 0xff, 0xff, 0xff,
  0xff, 0xff, 0xff, 0xff, 0xff, 0xff, 0xff, 0xff, 0xff, 0xff, 0xff, 0xff,
  0xff, 0xff, 0xff, 0xff, 0xff, 0xff, 0xff, 0xff, 0x00, 0x00, 0xff, 0xff,
  0xff, 0xff, 0xff, 0xff, 0xff, 0xff, 0xff, 0xff, 0xff, 0xff, 0xff, 0xff,
  0xff, 0xff, 0xff, 0xff, 0xff, 0xff, 0xff, 0xff, 0xff, 0xff, 0xff, 0xff,
  0xff, 0xff, 0xff, 0xff, 0xff, 0xff, 0xff, 0xff, 0xff, 0xff, 0xff, 0xff,
  0xff, 0xff, 0xff, 0xff, 0xff, 0xff, 0xff, 0xff, 0xff, 0xff, 0xff, 0xff,
  0xf7, 0x53, 0x5c, 0x53, 0x53, 0x53, 0x4a, 0x0a, 0x0a, 0x52, 0x53, 0x53,
  0x4a, 0x0a, 0x0a, 0x52, 0x5c, 0x5d, 0x5d, 0x65, 0xa6, 0xa6, 0xa5, 0x65,
  0x5d, 0x5d, 0x65, 0xa5, 0xa6, 0xa6, 0xa6, 0xa6, 0xa6, 0xa6, 0xa6, 0xa6,
  0xa6, 0xa6, 0xa6, 0xa7, 0xa7, 0xaf, 0xaf, 0xaf, 0xaf, 0xaf, 0xaf, 0xaf,
  0xaf, 0xaf, 0xae, 0xa6, 0xa6, 0x66, 0xa6, 0xa5, 0xa5, 0xa6, 0xa6, 0xa6,
  0xa6, 0xae, 0xaf, 0xaf, 0xaf, 0xaf, 0xae, 0x0a, 0x00, 0x00, 0x0a, 0x0a,
  0x5c, 0x54, 0x5c, 0x53, 0x5c, 0xa5, 0x5c, 0x5d, 0xa5, 0xa5, 0xad, 0xff,
  0xff, 0xff, 0xff, 0xff, 0xff, 0xff, 0xff, 0xff, 0xff, 0xff, 0xff, 0xff,
  0xff, 0xff, 0xff, 0xff, 0xff, 0xff, 0xff, 0xff, 0xff, 0xff, 0xff, 0xff,
  0xff, 0xff, 0xff, 0xff, 0xff, 0xff, 0xff, 0xff, 0xff, 0xff, 0xff, 0xff,
  0xff, 0xff, 0xff, 0xff, 0xff, 0xff, 0xff, 0xff, 0xff, 0xff, 0xff, 0xff,
  0xff, 0xff, 0xff, 0xff, 0x00, 0x00, 0xff, 0xff, 0xff, 0xff, 0xff, 0xff,
  0xff, 0xff, 0xff, 0xff, 0xff, 0xff, 0xff, 0xff, 0xff, 0xff, 0xff, 0xff,
  0xff, 0xff, 0xff, 0xff, 0xff, 0xff, 0xff, 0xff, 0xff, 0xff, 0xff, 0xff,
  0xff, 0xff, 0xff, 0xff, 0xff, 0xff, 0xff, 0xff, 0xff, 0xff, 0xff, 0xff,
  0xff, 0xff, 0xff, 0xff, 0xff, 0xff, 0xff, 0xf6, 0x52, 0x5b, 0x53, 0x53,
  0x53, 0x53, 0x0a, 0x52, 0x53, 0x52, 0x0a, 0x0a, 0x0a, 0x0a, 0x52, 0x53,
  0x5c, 0x5d, 0xa5, 0xa5, 0xa5, 0xa5, 0xa5, 0x65, 0x5d, 0x5d, 0x65, 0xa6,
  0xa6, 0xa6, 0xa6, 0xa6, 0xa6, 0xa6, 0xa6, 0xa6, 0xa6, 0xaf, 0xa6, 0xaf,
  0xaf, 0xaf, 0xaf, 0xaf, 0xaf, 0xaf, 0xaf, 0xaf, 0xaf, 0xaf, 0xaf, 0xae,
  0xae, 0xa6, 0xa6, 0xa6, 0xa6, 0xa6, 0xa6, 0xa6, 0xa6, 0xa6, 0xae, 0xaf,
  0xaf, 0xaf, 0xae, 0x00, 0x00, 0x00, 0x0a, 0x0a, 0x5c, 0x54, 0xa5, 0x54,
  0xa5, 0x5c, 0x5c, 0x5c, 0xa6, 0x65, 0xa5, 0x07, 0xff, 0xff, 0xff, 0xff,
  0xff, 0xff, 0xff, 0xff, 0xff, 0xff, 0xff, 0xff, 0xff, 0xff, 0xff, 0xff,
  0xff, 0xff, 0xff, 0xff, 0xff, 0xff, 0xff, 0xff, 0xff, 0xff, 0xff, 0xff,
  0xff, 0xff, 0xff, 0xff, 0xff, 0xff, 0xff, 0xff, 0xff, 0xff, 0xff, 0xff,
  0xff, 0xff, 0xff, 0xff, 0xff, 0xff, 0xff, 0xff, 0xff, 0xff, 0xff, 0xff,
  0x00, 0x00, 0xff, 0xff, 0xff, 0xff, 0xff, 0xff, 0xff, 0xff, 0xff, 0xff,
  0xff, 0xff, 0xff, 0xff, 0xff, 0xff, 0xff, 0xff, 0xff, 0xff, 0xff, 0xff,
  0xff, 0xff, 0xff, 0xff, 0xff, 0xff, 0xff, 0xff, 0xff, 0xff, 0xff, 0xff,
  0xff, 0xff, 0xff, 0xff, 0xff, 0xff, 0xff, 0xff, 0xff, 0xff, 0xff, 0xff,
  0xff, 0xff, 0xff, 0x5b, 0x53, 0x5b, 0x53, 0x53, 0x53, 0x53, 0x53, 0x53,
  0x52, 0x0a, 0x0a, 0x0a, 0x00, 0x52, 0x5b, 0x5c, 0x5d, 0xa5, 0x65, 0x65,
  0xa6, 0x65, 0x65, 0x5d, 0x5d, 0x65, 0xa6, 0xa6, 0xa6, 0xa6, 0xa6, 0xa6,
  0xa6, 0xa6, 0xa6, 0xa6, 0xaf, 0xaf, 0xaf, 0xaf, 0xaf, 0xaf, 0xaf, 0xaf,
  0xaf, 0xaf, 0xaf, 0xaf, 0xaf, 0xaf, 0xaf, 0xaf, 0xaf, 0xa6, 0xae, 0xae,
  0xae, 0xae, 0xae, 0xae, 0xa6, 0xa6, 0xa6, 0xaf, 0xaf, 0xaf, 0xaf, 0x00,
  0x00, 0x00, 0x0a, 0x0a, 0x53, 0x5c, 0x65, 0x53, 0x5c, 0x5c, 0x53, 0x5d,
  0xa5, 0x65, 0xa5, 0xad, 0xff, 0xff, 0xff, 0xff, 0xff, 0xff, 0xff, 0xff,
  0xff, 0xff, 0xff, 0xff, 0xff, 0xff, 0xff, 0xff, 0xff, 0xff, 0xff, 0xff,
  0xff, 0xff, 0xff, 0xff, 0xff, 0xff, 0xff, 0xff, 0xff, 0xff, 0xff, 0xff,
  0xff, 0xff, 0xff, 0xff, 0xff, 0xff, 0xff, 0xff, 0xff, 0xff, 0xff, 0xff,
  0xff, 0xff, 0xff, 0xff, 0xff, 0xff, 0xff, 0xff, 0x00, 0x00, 0xff, 0xff,
  0xff, 0xff, 0xff, 0xff, 0xff, 0xff, 0xff, 0xff, 0xff, 0xff, 0xff, 0xff,
  0xff, 0xff, 0xff, 0xff, 0xff, 0xff, 0xff, 0xff, 0xff, 0xff, 0xff, 0xff,
  0xff, 0xff, 0xff, 0xff, 0xff, 0xff, 0xff, 0xff, 0xff, 0xff, 0xff, 0xff,
  0xff, 0xff, 0xff, 0xff, 0xff, 0xff, 0xff, 0xff, 0xff, 0xff, 0xa5, 0x53,
  0x5c, 0x5b, 0x53, 0x53, 0x52, 0x53, 0x53, 0x4a, 0x00, 0x00, 0x00, 0x00,
  0x0a, 0x53, 0x54, 0x5c, 0x9d, 0x5d, 0xa5, 0xa6, 0xa5, 0xa5, 0xa6, 0x5d,
  0x5d, 0xa5, 0xa6, 0xa6, 0xa6, 0xa6, 0xa6, 0xa6, 0xa6, 0xa6, 0xa7, 0xaf,
  0xaf, 0xaf, 0xaf, 0xaf, 0xaf, 0xaf, 0xaf, 0xaf, 0xaf, 0xb7, 0xb7, 0xb7,
  0xaf, 0xaf, 0xaf, 0xaf, 0xaf, 0xae, 0xaf, 0xae, 0xaf, 0xaf, 0xaf, 0xaf,
  0xaf, 0xae, 0xae, 0xae, 0xaf, 0xaf, 0xae, 0x00, 0x00, 0x00, 0x0a, 0x0a,
  0x53, 0x5c, 0x65, 0x5c, 0x5d, 0x5c, 0x53, 0x5c, 0x5c, 0x5c, 0x65, 0xa5,
  0x08, 0xff, 0xff, 0xff, 0xff, 0xff, 0xff, 0xff, 0xff, 0xff, 0xff, 0xff,
  0xff, 0xff, 0xff, 0xff, 0xff, 0xff, 0xff, 0xff, 0xff, 0xff, 0xff, 0xff,
  0xff, 0xff, 0xff, 0xff, 0xff, 0xff, 0xff, 0xff, 0xff, 0xff, 0xff, 0xff,
  0xff, 0xff, 0xff, 0xff, 0xff, 0xff, 0xff, 0xff, 0xff, 0xff, 0xff, 0xff,
  0xff, 0xff, 0xff, 0xff, 0x00, 0x00, 0xff, 0xff, 0xff, 0xff, 0xff, 0xff,
  0xff, 0xff, 0xff, 0xff, 0xff, 0xff, 0xff, 0xff, 0xff, 0xff, 0xff, 0xff,
  0xff, 0xff, 0xff, 0xff, 0xff, 0xff, 0xff, 0xff, 0xff, 0xff, 0xff, 0xff,
  0xff, 0xff, 0xff, 0xff, 0xff, 0xff, 0xff, 0xff, 0xff, 0xff, 0xff, 0xff,
  0xff, 0xff, 0xff, 0xff, 0xff, 0xf6, 0x53, 0x5c, 0x5c, 0x53, 0x53, 0x53,
  0x53, 0x52, 0x4a, 0x0a, 0x0a, 0x00, 0x00, 0x0a, 0x53, 0x53, 0x54, 0x5d,
  0x5d, 0x5d, 0x65, 0xa5, 0xa6, 0xa6, 0xa6, 0x5d, 0x5d, 0xa6, 0xa6, 0xa6,
  0xa6, 0xa6, 0xa6, 0xa6, 0xa6, 0xa6, 0xa6, 0xa7, 0xaf, 0xaf, 0xaf, 0xaf,
  0xaf, 0xaf, 0xaf, 0xb7, 0xb7, 0xb7, 0xb7, 0xb7, 0xaf, 0xaf, 0xaf, 0xaf,
  0xaf, 0xaf, 0xaf, 0xaf, 0xae, 0xaf, 0xaf, 0xaf, 0xaf, 0xaf, 0xaf, 0xae,
  0xae, 0xaf, 0xae, 0x00, 0x00, 0x00, 0x0a, 0x0a, 0x53, 0x5c, 0x53, 0x5d,
  0x5d, 0x54, 0x54, 0x5c, 0x5c, 0x5c, 0x5d, 0x65, 0xf7, 0xff, 0xff, 0xff,
  0xff, 0xff, 0xff, 0xff, 0xff, 0xff, 0xff, 0xff, 0xff, 0xff, 0xff, 0xff,
  0xff, 0xff, 0xff, 0xff, 0xff, 0xff, 0xff, 0xff, 0xff, 0xff, 0xff, 0xff,
  0xff, 0xff, 0xff, 0xff, 0xff, 0xff, 0xff, 0xff, 0xff, 0xff, 0xff, 0xff,
  0xff, 0xff, 0xff, 0xff, 0xff, 0xff, 0xff, 0xff, 0xff, 0xff, 0xff, 0xff,
  0x00, 0x00, 0xff, 0xff, 0xff, 0xff, 0xff, 0xff, 0xff, 0xff, 0xff, 0xff,
  0xff, 0xff, 0xff, 0xff, 0xff, 0xff, 0xff, 0xff, 0xff, 0xff, 0xff, 0xff,
  0xff, 0xff, 0xff, 0xff, 0xff, 0xff, 0xff, 0xff, 0xff, 0xff, 0xff, 0xff,
  0xff, 0xff, 0xff, 0xff, 0xff, 0xff, 0xff, 0xff, 0xff, 0xff, 0xff, 0xff,
  0xff, 0xa4, 0x5c, 0x5c, 0x53, 0x53, 0x53, 0x53, 0x52, 0x4a, 0x0a, 0x0a,
  0x4a, 0x0a, 0x00, 0x52, 0x5b, 0x53, 0x5c, 0x5d, 0x65, 0xa5, 0xa6, 0xa6,
  0xa6, 0xa6, 0xa5, 0x5d, 0x5d, 0xa6, 0xa6, 0xa6, 0xa6, 0xa6, 0xa6, 0xa6,
  0xa6, 0xa6, 0xa6, 0xa6, 0xaf, 0xaf, 0xaf, 0xaf, 0xaf, 0xaf, 0xaf, 0xb7,
  0xb7, 0xb7, 0xaf, 0xb7, 0xaf, 0xaf, 0xaf, 0xaf, 0xaf, 0xaf, 0xaf, 0xaf,
  0xaf, 0xaf, 0xaf, 0xaf, 0xaf, 0xaf, 0xaf, 0xaf, 0xa6, 0xaf, 0xaf, 0x00,
  0x00, 0x00, 0x0a, 0x4a, 0x5c, 0x5c, 0x5c, 0x5c, 0x5d, 0x5c, 0x5c, 0x5c,
  0x5c, 0x5c, 0x65, 0xa5, 0xa5, 0xff, 0xff, 0xff, 0xff, 0xff, 0xff, 0xff,
  0xff, 0xff, 0xff, 0xff, 0xff, 0xff, 0xff, 0xff, 0xff, 0xff, 0xff, 0xff,
  0xff, 0xff, 0xff, 0xff, 0xff, 0xff, 0xff, 0xff, 0xff, 0xff, 0xff, 0xff,
  0xff, 0xff, 0xff, 0xff, 0xff, 0xff, 0xff, 0xff, 0xff, 0xff, 0xff, 0xff,
  0xff, 0xff, 0xff, 0xff, 0xff, 0xff, 0xff, 0xff, 0x00, 0x00, 0xff, 0xff,
  0xff, 0xff, 0xff, 0xff, 0xff, 0xff, 0xff, 0xff, 0xff, 0xff, 0xff, 0xff,
  0xff, 0xff, 0xff, 0xff, 0xff, 0xff, 0xff, 0xff, 0xff, 0xff, 0xff, 0xff,
  0xff, 0xff, 0xff, 0xff, 0xff, 0xff, 0xff, 0xff, 0xff, 0xff, 0xff, 0xff,
  0xff, 0xff, 0xff, 0xff, 0xff, 0xff, 0xff, 0xff, 0xf6, 0x53, 0x9c, 0x5b,
  0x53, 0x53, 0x53, 0x4a, 0x0a, 0x0a, 0x0a, 0xa5, 0x0a, 0xa5, 0x53, 0x53,
  0x53, 0x5c, 0x5d, 0x5d, 0xa5, 0xa6, 0xa6, 0xa5, 0xa6, 0xa6, 0xa5, 0x65,
  0xa5, 0xa6, 0xa6, 0xa6, 0xa6, 0xa6, 0xa6, 0xa6, 0xa6, 0xa6, 0xa6, 0xa6,
  0xaf, 0xaf, 0xaf, 0xaf, 0xaf, 0xaf, 0xaf, 0xaf, 0xaf, 0xaf, 0xaf, 0xaf,
  0xaf, 0xaf, 0xaf, 0xaf, 0xaf, 0xaf, 0xaf, 0xaf, 0xaf, 0xaf, 0xaf, 0xaf,
  0xaf, 0xaf, 0xaf, 0xaf, 0xae, 0xa6, 0xaf, 0x00, 0x00, 0x00, 0x00, 0x52,
  0x53, 0x5c, 0x54, 0x5d, 0x65, 0xa5, 0x53, 0x65, 0x53, 0x5c, 0x65, 0xa5,
  0xa5, 0xf6, 0xff, 0xff, 0xff, 0xff, 0xff, 0xff, 0xff, 0xff, 0xff, 0xff,
  0xff, 0xff, 0xff, 0xff, 0xff, 0xff, 0xff, 0xff, 0xff, 0xff, 0xff, 0xff,
  0xff, 0xff, 0xff, 0xff, 0xff, 0xff, 0xff, 0xff, 0xff, 0xff, 0xff, 0xff,
  0xff, 0xff, 0xff, 0xff, 0xff, 0xff, 0xff, 0xff, 0xff, 0xff, 0xff, 0xff,
  0xff, 0xff, 0xff, 0xff, 0x00, 0x00, 0xff, 0xff, 0xff, 0xff, 0xff, 0xff,
  0xff, 0xff, 0xff, 0xff, 0xff, 0xff, 0xff, 0xff, 0xff, 0xff, 0xff, 0xff,
  0xff, 0xff, 0xff, 0xff, 0xff, 0xff, 0xff, 0xff, 0xff, 0xff, 0xff, 0xff,
  0xff, 0xff, 0xff, 0xff, 0xff, 0xff, 0xff, 0xff, 0xff, 0xff, 0xff, 0xff,
  0xff, 0xff, 0xff, 0xff, 0xf7, 0x5c, 0x5c, 0x53, 0x53, 0x53, 0x4a, 0x4a,
  0x0a, 0x0a, 0x5c, 0xa5, 0x07, 0x53, 0x53, 0x54, 0x54, 0x5d, 0x65, 0xa5,
  0xa6, 0xa6, 0xa6, 0xa6, 0xa6, 0xa6, 0x65, 0x65, 0xa6, 0xa6, 0xa6, 0xa6,
  0xa6, 0xa6, 0xa6, 0xa6, 0xa6, 0xa6, 0xa6, 0xa6, 0xa6, 0xaf, 0xaf, 0xaf,
  0xaf, 0xaf, 0xaf, 0xaf, 0xaf, 0xaf, 0xaf, 0xaf, 0xaf, 0xaf, 0xaf, 0xaf,
  0xaf, 0xaf, 0xaf, 0xaf, 0xaf, 0xaf, 0xaf, 0xaf, 0xaf, 0xaf, 0xaf, 0xaf,
  0xaf, 0xae, 0xae, 0x0a, 0x00, 0x00, 0x00, 0x4a, 0x53, 0x53, 0x54, 0xa5,
  0xa6, 0xa5, 0xae, 0x5d, 0x53, 0x5c, 0x65, 0xa5, 0xa5, 0x08, 0xff, 0xff,
  0xff, 0xff, 0xff, 0xff, 0xff, 0xff, 0xff, 0xff, 0xff, 0xff, 0xff, 0xff,
  0xff, 0xff, 0xff, 0xff, 0xff, 0xff, 0xff, 0xff, 0xff, 0xff, 0xff, 0xff,
  0xff, 0xff, 0xff, 0xff, 0xff, 0xff, 0xff, 0xff, 0xff, 0xff, 0xff, 0xff,
  0xff, 0xff, 0xff, 0xff, 0xff, 0xff, 0xff, 0xff, 0xff, 0xff, 0xff, 0xff,
  0x00, 0x00, 0xff, 0xff, 0xff, 0xff, 0xff, 0xff, 0xff, 0xff, 0xff, 0xff,
  0xff, 0xff, 0xff, 0xff, 0xff, 0xff, 0xff, 0xff, 0xff, 0xff, 0xff, 0xff,
  0xff, 0xff, 0xff, 0xff, 0xff, 0xff, 0xff, 0xff, 0xff, 0xff, 0xff, 0xff,
  0xff, 0xff, 0xff, 0xff, 0xff, 0xff, 0xff, 0xff, 0xff, 0xff, 0xff, 0xff,
  0x5c, 0x5c, 0x5c, 0x53, 0x53, 0x0a, 0x52, 0x0a, 0x0a, 0x0a, 0x0a, 0x53,
  0x5c, 0x53, 0x5c, 0x5c, 0x5d, 0xa5, 0xa5, 0xa6, 0xa6, 0xa6, 0xa6, 0xa6,
  0xa6, 0x5d, 0x5d, 0x65, 0xa6, 0x65, 0x65, 0xa6, 0x5d, 0xa5, 0xa6, 0xa6,
  0xa6, 0xa6, 0xa6, 0xa6, 0xa6, 0xa6, 0xa7, 0xaf, 0xaf, 0xaf, 0xaf, 0xaf,
  0xaf, 0xaf, 0xaf, 0xaf, 0xaf, 0xaf, 0xaf, 0xb7, 0xaf, 0xaf, 0xaf, 0xaf,
  0xaf, 0xaf, 0xaf, 0xaf, 0xaf, 0xaf, 0xaf, 0xaf, 0xaf, 0xaf, 0xae, 0x53,
  0x00, 0x00, 0x0a, 0x4a, 0x5c, 0x53, 0xa5, 0xa6, 0xae, 0xae, 0xa5, 0xae,
  0xa5, 0x5c, 0x65, 0x65, 0xa5, 0x07, 0xff, 0xff, 0xff, 0xff, 0xff, 0xff,
  0xff, 0xff, 0xff, 0xff, 0xff, 0xff, 0xff, 0xff, 0xff, 0xff, 0xff, 0xff,
  0xff, 0xff, 0xff, 0xff, 0xff, 0xff, 0xff, 0xff, 0xff, 0xff, 0xff, 0xff,
  0xff, 0xff, 0xff, 0xff, 0xff, 0xff, 0xff, 0xff, 0xff, 0xff, 0xff, 0xff,
  0xff, 0xff, 0xff, 0xff, 0xff, 0xff, 0xff, 0xff, 0x00, 0x00, 0xff, 0xff,
  0xff, 0xff, 0xff, 0xff, 0xff, 0xff, 0xff, 0xff, 0xff, 0xff, 0xff, 0xff,
  0xff, 0xff, 0xff, 0xff, 0xff, 0xff, 0xff, 0xff, 0xff, 0xff, 0xff, 0xff,
  0xff, 0xff, 0xff, 0xff, 0xff, 0xff, 0xff, 0xff, 0xff, 0xff, 0xff, 0xff,
  0xff, 0xff, 0xff, 0xff, 0xff, 0xff, 0xff, 0x08, 0x5c, 0x64, 0x53, 0x53,
  0x0a, 0x52, 0x0a, 0x0a, 0x00, 0x0a, 0x53, 0x07, 0xee, 0x53, 0x5c, 0x5d,
  0x5d, 0xa5, 0xa6, 0xa6, 0xa6, 0xa6, 0xa6, 0xa6, 0xa6, 0x5d, 0x5d, 0x65,
  0xa6, 0xa6, 0x66, 0x5e, 0xa6, 0xa5, 0x5d, 0xa5, 0xa6, 0xa6, 0x5d, 0x5d,
  0x5d, 0x5d, 0x5e, 0x5e, 0xa6, 0xae, 0xaf, 0xaf, 0xaf, 0xaf, 0xae, 0xaf,
  0xaf, 0xaf, 0xaf, 0xaf, 0xb7, 0xaf, 0xa6, 0xa7, 0xaf, 0xaf, 0xaf, 0xaf,
  0xaf, 0xaf, 0xaf, 0xaf, 0xaf, 0xaf, 0xae, 0xae, 0x4a, 0x00, 0x00, 0x53,
  0x53, 0x5c, 0xa5, 0x65, 0xa5, 0xae, 0xa5, 0x65, 0xae, 0x65, 0xa5, 0x65,
  0xa5, 0x07, 0xff, 0xff, 0xff, 0xff, 0xff, 0xff, 0xff, 0xff, 0xff, 0xff,
  0xff, 0xff, 0xff, 0xff, 0xff, 0xff, 0xff, 0xff, 0xff, 0xff, 0xff, 0xff,
  0xff, 0xff, 0xff, 0xff, 0xff, 0xff, 0xff, 0xff, 0xff, 0xff, 0xff, 0xff,
  0xff, 0xff, 0xff, 0xff, 0xff, 0xff, 0xff, 0xff, 0xff, 0xff, 0xff, 0xff,
  0xff, 0xff, 0xff, 0xff, 0x00, 0x00, 0xff, 0xff, 0xff, 0xff, 0xff, 0xff,
  0xff, 0xff, 0xff, 0xff, 0xff, 0xff, 0xff, 0xff, 0xff, 0xff, 0xff, 0xff,
  0xff, 0xff, 0xff, 0xff, 0xff, 0xff, 0xff, 0xff, 0xff, 0xff, 0xff, 0xff,
  0xff, 0xff, 0xff, 0xff, 0xff, 0xff, 0xff, 0xff, 0xff, 0xff, 0xff, 0xff,
  0xff, 0xff, 0xff, 0xf7, 0x5c, 0x5c, 0x53, 0x53, 0x4a, 0x4a, 0x0a, 0x00,
  0x00, 0x0a, 0x0a, 0x53, 0x5b, 0x5c, 0x5c, 0x5d, 0x5d, 0xa6, 0xa6, 0xa6,
  0xa6, 0xa6, 0xa6, 0xa6, 0xa6, 0x65, 0x5d, 0xa6, 0x66, 0x65, 0x65, 0x65,
  0x5d, 0x5d, 0x5d, 0x5d, 0x5d, 0x5d, 0x5d, 0x5d, 0x5d, 0x5d, 0x5d, 0x5d,
  0xa6, 0xa6, 0xa6, 0xaf, 0xaf, 0xaf, 0xaf, 0xaf, 0xaf, 0xaf, 0xaf, 0xb7,
  0xaf, 0xa6, 0xa6, 0xaf, 0xaf, 0xaf, 0xaf, 0xaf, 0xaf, 0xaf, 0xaf, 0xaf,
  0xaf, 0xaf, 0xaf, 0xaf, 0xa5, 0x0a, 0x0a, 0x53, 0x5c, 0x5b, 0x64, 0x5c,
  0x65, 0x64, 0xae, 0x65, 0x65, 0xae, 0xa5, 0xa5, 0xa5, 0xf6, 0xff, 0xff,
  0xff, 0xff, 0xff, 0xff, 0xff, 0xff, 0xff, 0xff, 0xff, 0xff, 0xff, 0xff,
  0xff, 0xff, 0xff, 0xff, 0xff, 0xff, 0xff, 0xff, 0xff, 0xff, 0xff, 0xff,
  0xff, 0xff, 0xff, 0xff, 0xff, 0xff, 0xff, 0xff, 0xff, 0xff, 0xff, 0xff,
  0xff, 0xff, 0xff, 0xff, 0xff, 0xff, 0xff, 0xff, 0xff, 0xff, 0xff, 0xff,
  0x00, 0x00, 0xff, 0xff, 0xff, 0xff, 0xff, 0xff, 0xff, 0xff, 0xff, 0xff,
  0xff, 0xff, 0xff, 0xff, 0xff, 0xff, 0xff, 0xff, 0xff, 0xff, 0xff, 0xff,
  0xff, 0xff, 0xff, 0xff, 0xff, 0xff, 0xff, 0xff, 0xff, 0xff, 0xff, 0xff,
  0xff, 0xff, 0xff, 0xff, 0xff, 0xff, 0xff, 0xff, 0xff, 0xff, 0xff, 0xa4,
  0x5c, 0x53, 0x53, 0x53, 0x52, 0x0a, 0x00, 0x00, 0x00, 0x4a, 0x4a, 0x00,
  0x4a, 0x5c, 0x5d, 0x5d, 0xa6, 0xa6, 0xa6, 0xa6, 0xa6, 0xa6, 0xa6, 0xa6,
  0xa6, 0xa6, 0x5d, 0x5d, 0x5d, 0x65, 0x65, 0x5d, 0x5d, 0x5d, 0x5d, 0x5d,
  0x5d, 0x5d, 0x55, 0x5d, 0x5d, 0x5d, 0x5d, 0x5d, 0x5d, 0x5d, 0xa6, 0xa7,
  0xaf, 0xaf, 0xaf, 0xaf, 0xaf, 0xaf, 0xaf, 0xaf, 0xaf, 0xa6, 0xa6, 0xaf,
  0xaf, 0xaf, 0xaf, 0xaf, 0xaf, 0xaf, 0xaf, 0xaf, 0xaf, 0xaf, 0xaf, 0xaf,
  0xaf, 0x53, 0x0a, 0x52, 0x5b, 0x0a, 0x5c, 0x5c, 0x5c, 0x65, 0xa5, 0xa6,
  0x65, 0xae, 0xae, 0xae, 0xa5, 0xf6, 0xff, 0xff, 0xff, 0xff, 0xff, 0xff,
  0xff, 0xff, 0xff, 0xff, 0xff, 0xff, 0xff, 0xff, 0xff, 0xff, 0xff, 0xff,
  0xff, 0xff, 0xff, 0xff, 0xff, 0xff, 0xff, 0xff, 0xff, 0xff, 0xff, 0xff,
  0xff, 0xff, 0xff, 0xff, 0xff, 0xff, 0xff, 0xff, 0xff, 0xff, 0xff, 0xff,
  0xff, 0xff, 0xff, 0xff, 0xff, 0xff, 0xff, 0xff, 0x00, 0x00, 0xff, 0xff,
  0xff, 0xff, 0xff, 0xff, 0xff, 0xff, 0xff, 0xff, 0xff, 0xff, 0xff, 0xff,
  0xff, 0xff, 0xff, 0xff, 0xff, 0xff, 0xff, 0xff, 0xff, 0xff, 0xff, 0xff,
  0xff, 0xff, 0xff, 0xff, 0xff, 0xff, 0xff, 0xff, 0xff, 0xff, 0xff, 0xff,
  0xff, 0xff, 0xff, 0xff, 0xff, 0xff, 0xff, 0x5c, 0x5c, 0x53, 0x53, 0x53,
  0x4a, 0x0a, 0x00, 0x00, 0x00, 0x52, 0x4a, 0x0a, 0x9c, 0x5c, 0x5d, 0xa5,
  0xa6, 0xa6, 0xa6, 0xa6, 0xa6, 0xa6, 0xa6, 0xa6, 0xa6, 0xa6, 0x5d, 0x5d,
  0x5d, 0x5d, 0x5d, 0x5d, 0x9e, 0xa6, 0x9e, 0x9e, 0x9e, 0x5e, 0x5e, 0x5e,
  0x9e, 0x9e, 0xa6, 0xa6, 0xa6, 0xa6, 0xa6, 0xa6, 0xa6, 0xaf, 0xaf, 0xaf,
  0xaf, 0xaf, 0xaf, 0xaf, 0xaf, 0xaf, 0xa6, 0xaf, 0xaf, 0xaf, 0xaf, 0xaf,
  0xaf, 0xaf, 0xaf, 0xaf, 0xaf, 0xaf, 0xaf, 0xaf, 0xaf, 0xa5, 0x0a, 0x52,
  0x53, 0x0a, 0x52, 0x5c, 0xa5, 0x65, 0x65, 0xa5, 0xa5, 0xa5, 0xae, 0xae,
  0xae, 0x08, 0xff, 0xff, 0xff, 0xff, 0xff, 0xff, 0xff, 0xff, 0xff, 0xff,
  0xff, 0xff, 0xff, 0xff, 0xff, 0xff, 0xff, 0xff, 0xff, 0xff, 0xff, 0xff,
  0xff, 0xff, 0xff, 0xff, 0xff, 0xff, 0xff, 0xff, 0xff, 0xff, 0xff, 0xff,
  0xff, 0xff, 0xff, 0xff, 0xff, 0xff, 0xff, 0xff, 0xff, 0xff, 0xff, 0xff,
  0xff, 0xff, 0xff, 0xff, 0x00, 0x00, 0xff, 0xff, 0xff, 0xff, 0xff, 0xff,
  0xff, 0xff, 0xff, 0xff, 0xff, 0xff, 0xff, 0xff, 0xff, 0xff, 0xff, 0xff,
  0xff, 0xff, 0xff, 0xff, 0xff, 0xff, 0xff, 0xff, 0xff, 0xff, 0xff, 0xff,
  0xff, 0xff, 0xff, 0xff, 0xff, 0xff, 0xff, 0xff, 0xff, 0xff, 0xff, 0xff,
  0xff, 0xff, 0xff, 0x5c, 0x5c, 0x53, 0x53, 0x53, 0x4a, 0x0a, 0x00, 0x00,
  0x00, 0x52, 0x4a, 0x0a, 0x9c, 0x5c, 0x5d, 0xa5, 0xa6, 0xa6, 0xa6, 0xa6,
  0xa6, 0xa6, 0xa6, 0xa6, 0xa6, 0xa6, 0x5d, 0x5d, 0x5d, 0x5d, 0x5d, 0x5d,
  0x9e, 0xa6, 0x9e, 0x9e, 0x9e, 0x5e, 0x5e, 0x5e, 0x9e, 0x9e, 0xa6, 0xa6,
  0xa6, 0xa6, 0xa6, 0xa6, 0xa6, 0xaf, 0xaf, 0xaf, 0xaf, 0xaf, 0xaf, 0xaf,
  0xaf, 0xaf, 0xa6, 0xaf, 0xaf, 0xaf, 0xaf, 0xaf, 0xaf, 0xaf, 0xaf, 0xaf,
  0xaf, 0xaf, 0xaf, 0xaf, 0xaf, 0xa5, 0x0a, 0x52, 0x53, 0x0a, 0x52, 0x5c,
  0xa5, 0x65, 0x65, 0xa5, 0xa5, 0xa5, 0xae, 0xae, 0xae, 0x08, 0xff, 0xff,
  0xff, 0xff, 0xff, 0xff, 0xff, 0xff, 0xff, 0xff, 0xff, 0xff, 0xff, 0xff,
  0xff, 0xff, 0xff, 0xff, 0xff, 0xff, 0xff, 0xff, 0xff, 0xff, 0xff, 0xff,
  0xff, 0xff, 0xff, 0xff, 0xff, 0xff, 0xff, 0xff, 0xff, 0xff, 0xff, 0xff,
  0xff, 0xff, 0xff, 0xff, 0xff, 0xff, 0xff, 0xff, 0xff, 0xff, 0xff, 0xff,
  0x00, 0x00, 0xff, 0xff, 0xff, 0xff, 0xff, 0xff, 0xff, 0xff, 0xff, 0xff,
  0xff, 0xff, 0xff, 0xff, 0xff, 0xff, 0xff, 0xff, 0xff, 0xff, 0xff, 0xff,
  0xff, 0xff, 0xff, 0xff, 0xff, 0xff, 0xff, 0xff, 0xff, 0xff, 0xff, 0xff,
  0xff, 0xff, 0xff, 0xff, 0xff, 0xff, 0xff, 0xff, 0xff, 0xff, 0xf6, 0x5c,
  0x5c, 0x53, 0x53, 0x52, 0x0a, 0x00, 0x00, 0x00, 0x00, 0x4a, 0x0a, 0x53,
  0x5c, 0x5d, 0x5d, 0xa5, 0xa6, 0xa6, 0xa6, 0xa6, 0xa6, 0xa6, 0xaf, 0xa6,
  0xa6, 0x66, 0x5d, 0x5d, 0xa5, 0xa5, 0x5d, 0x5d, 0x55, 0x55, 0x55, 0x55,
  0x55, 0x55, 0x56, 0x56, 0x56, 0x5e, 0x5e, 0x9e, 0xa7, 0xaf, 0xaf, 0xaf,
  0xaf, 0xaf, 0xaf, 0xaf, 0xaf, 0xaf, 0xaf, 0xaf, 0xa6, 0xa6, 0xa6, 0xaf,
  0xaf, 0xaf, 0xaf, 0xaf, 0xaf, 0xaf, 0xaf, 0xaf, 0xaf, 0xaf, 0xaf, 0xaf,
  0xaf, 0xaf, 0x53, 0x53, 0x4a, 0x52, 0x53, 0x53, 0x5c, 0x65, 0xa5, 0x65,
  0x65, 0xa5, 0xae, 0xae, 0xae, 0x08, 0xff, 0xff, 0xff, 0xff, 0xff, 0xff,
  0xff, 0xff, 0xff, 0xff, 0xff, 0xff, 0xff, 0xff, 0xff, 0xff, 0xff, 0xff,
  0xff, 0xff, 0xff, 0xff, 0xff, 0xff, 0xff, 0xff, 0xff, 0xff, 0xff, 0xff,
  0xff, 0xff, 0xff, 0xff, 0xff, 0xff, 0xff, 0xff, 0xff, 0xff, 0xff, 0xff,
  0xff, 0xff, 0xff, 0xff, 0xff, 0xff, 0xff, 0xff, 0x00, 0x00, 0xff, 0xff,
  0xff, 0xff, 0xff, 0xff, 0xff, 0xff, 0xff, 0xff, 0xff, 0xff, 0xff, 0xff,
  0xff, 0xff, 0xff, 0xff, 0xff, 0xff, 0xff, 0xff, 0xff, 0xff, 0xff, 0xff,
  0xff, 0xff, 0xff, 0xff, 0xff, 0xff, 0xff, 0xff, 0xff, 0xff, 0xff, 0xff,
  0xff, 0xff, 0xff, 0xff, 0xff, 0xff, 0x08, 0x5b, 0x53, 0x53, 0x53, 0x0a,
  0x00, 0x00, 0x00, 0x49, 0x00, 0x4a, 0x4a, 0x5c, 0x5c, 0x5d, 0x5d, 0xa5,
  0xa5, 0xa5, 0xa6, 0xa6, 0xa6, 0xa6, 0xa6, 0xa6, 0xa6, 0x5d, 0x5d, 0x5d,
  0x5c, 0x54, 0x4c, 0x4c, 0x4d, 0x55, 0x55, 0x56, 0x56, 0x56, 0x56, 0x5e,
  0x56, 0x5f, 0x56, 0x5f, 0x9f, 0x9f, 0xa7, 0xa7, 0xaf, 0xaf, 0xaf, 0xaf,
  0xaf, 0xaf, 0xaf, 0xaf, 0xa6, 0xae, 0xaf, 0xa6, 0xaf, 0xaf, 0xaf, 0xaf,
  0xb7, 0xaf, 0xaf, 0xaf, 0xaf, 0xaf, 0xaf, 0xaf, 0xaf, 0xaf, 0x5c, 0x53,
  0x54, 0x53, 0x53, 0x9c, 0x5c, 0xa5, 0xa5, 0xa5, 0xa5, 0x65, 0xae, 0xb7,
  0xae, 0x08, 0xff, 0xff, 0xff, 0xff, 0xff, 0xff, 0xff, 0xff, 0xff, 0xff,
  0xff, 0xff, 0xff, 0xff, 0xff, 0xff, 0xff, 0xff, 0xff, 0xff, 0xff, 0xff,
  0xff, 0xff, 0xff, 0xff, 0xff, 0xff, 0xff, 0xff, 0xff, 0xff, 0xff, 0xff,
  0xff, 0xff, 0xff, 0xff, 0xff, 0xff, 0xff, 0xff, 0xff, 0xff, 0xff, 0xff,
  0xff, 0xff, 0xff, 0xff, 0x00, 0x00, 0xff, 0xff, 0xff, 0xff, 0xff, 0xff,
  0xff, 0xff, 0xff, 0xff, 0xff, 0xff, 0xff, 0xff, 0xff, 0xff, 0xff, 0xff,
  0xff, 0xff, 0xff, 0xff, 0xff, 0xff, 0xff, 0xff, 0xff, 0xff, 0xff, 0xff,
  0xff, 0xff, 0xff, 0xff, 0xff, 0xff, 0xff, 0xff, 0xff, 0xff, 0xff, 0xff,
  0xff, 0xff, 0x07, 0x53, 0x53, 0x4a, 0x52, 0x0a, 0x00, 0x00, 0x0a, 0x0a,
  0x00, 0x4a, 0x53, 0x5c, 0x5c, 0x5d, 0x5d, 0xa5, 0xa6, 0x5d, 0x65, 0xa6,
  0xa6, 0xa6, 0xa6, 0xa6, 0xa6, 0x5d, 0x65, 0x5d, 0x5c, 0x53, 0x54, 0x54,
  0x4c, 0x4c, 0x4c, 0x4d, 0x4d, 0x4d, 0x4d, 0x4d, 0x56, 0x56, 0x57, 0x9f,
  0x9f, 0x9f, 0x9f, 0x5f, 0x5f, 0xa7, 0xaf, 0xb7, 0xb7, 0xb7, 0xa7, 0xa6,
  0xa6, 0xaf, 0xaf, 0xaf, 0xaf, 0xaf, 0xaf, 0xb7, 0xb7, 0xb7, 0xb7, 0xb7,
  0xaf, 0xaf, 0xaf, 0xaf, 0xaf, 0xaf, 0xa6, 0x54, 0x5c, 0x5c, 0x53, 0x5b,
  0x53, 0x65, 0xa6, 0xa5, 0x65, 0x65, 0xae, 0xaf, 0xae, 0xf6, 0xff, 0xff,
  0xff, 0xff, 0xff, 0xff, 0xff, 0xff, 0xff, 0xff, 0xff, 0xff, 0xff, 0xff,
  0xff, 0xff, 0xff, 0xff, 0xff, 0xff, 0xff, 0xff, 0xff, 0xff, 0xff, 0xff,
  0xff, 0xff, 0xff, 0xff, 0xff, 0xff, 0xff, 0xff, 0xff, 0xff, 0xff, 0xff,
  0xff, 0xff, 0xff, 0xff, 0xff, 0xff, 0xff, 0xff, 0xff, 0xff, 0xff, 0xff,
  0x00, 0x00, 0xff, 0xff, 0xff, 0xff, 0xff, 0xff, 0xff, 0xff, 0xff, 0xff,
  0xff, 0xff, 0xff, 0xff, 0xff, 0xff, 0xff, 0xff, 0xff, 0xff, 0xff, 0xff,
  0xff, 0xff, 0xff, 0xff, 0xff, 0xff, 0xff, 0xff, 0xff, 0xff, 0xff, 0xff,
  0xff, 0xff, 0xff, 0xff, 0xff, 0xff, 0xff, 0xff, 0xff, 0xff, 0x07, 0x53,
  0x53, 0x53, 0x0a, 0x0a, 0x00, 0x00, 0x00, 0x0a, 0x00, 0x53, 0x53, 0x53,
  0x5c, 0x5d, 0x5d, 0xa5, 0x5d, 0x5d, 0xa6, 0xa6, 0xa6, 0xa6, 0xa6, 0x66,
  0x65, 0x5d, 0x5d, 0x5d, 0xa5, 0x5d, 0x55, 0x4c, 0x4c, 0x55, 0x55, 0x55,
  0x55, 0x55, 0x55, 0x4d, 0x4d, 0x4d, 0x4d, 0x4d, 0x4d, 0x4d, 0x56, 0x56,
  0x56, 0x56, 0x5d, 0x5d, 0xa6, 0x5d, 0xa6, 0xaf, 0xa6, 0xa6, 0xaf, 0xaf,
  0xaf, 0xaf, 0xaf, 0xb7, 0xb7, 0xb7, 0xb7, 0xb7, 0xb7, 0xaf, 0xaf, 0xaf,
  0xaf, 0xaf, 0xa6, 0x5d, 0x65, 0xae, 0x5c, 0x12, 0x53, 0x5c, 0x65, 0xa5,
  0x65, 0xa6, 0xa6, 0xaf, 0xb7, 0xf6, 0xff, 0xff, 0xff, 0xff, 0xff, 0xff,
  0xff, 0xff, 0xff, 0xff, 0xff, 0xff, 0xff, 0xff, 0xff, 0xff, 0xff, 0xff,
  0xff, 0xff, 0xff, 0xff, 0xff, 0xff, 0xff, 0xff, 0xff, 0xff, 0xff, 0xff,
  0xff, 0xff, 0xff, 0xff, 0xff, 0xff, 0xff, 0xff, 0xff, 0xff, 0xff, 0xff,
  0xff, 0xff, 0xff, 0xff, 0xff, 0xff, 0xff, 0xff, 0x00, 0x00, 0xff, 0xff,
  0xff, 0xff, 0xff, 0xff, 0xff, 0xff, 0xff, 0xff, 0xff, 0xff, 0xff, 0xff,
  0xff, 0xff, 0xff, 0xff, 0xff, 0xff, 0xff, 0xff, 0xff, 0xff, 0xff, 0xff,
  0xff, 0xff, 0xff, 0xff, 0xff, 0xff, 0xff, 0xff, 0xff, 0xff, 0xff, 0xff,
  0xff, 0xff, 0xff, 0xff, 0xff, 0xff, 0xad, 0x53, 0x53, 0x53, 0x0a, 0x0a,
  0x00, 0x00, 0x0a, 0x0a, 0x0a, 0x52, 0x53, 0x54, 0x5c, 0x5d, 0x5d, 0x5d,
  0x5d, 0x5d, 0x5d, 0x5d, 0x5d, 0x5d, 0x5d, 0x5d, 0x5d, 0x65, 0x65, 0x65,
  0xa5, 0xa5, 0xa6, 0xa6, 0x9d, 0x55, 0x55, 0x55, 0x55, 0x55, 0x55, 0x55,
  0x55, 0x55, 0x55, 0x56, 0x56, 0x5e, 0x56, 0x5e, 0x5e, 0x5e, 0xa6, 0xa6,
  0xa6, 0xaf, 0xaf, 0xaf, 0xa6, 0xa6, 0xaf, 0xaf, 0xaf, 0xaf, 0xaf, 0xb7,
  0xb7, 0xb7, 0xb7, 0xb7, 0xb7, 0xb7, 0xaf, 0xaf, 0xaf, 0xaf, 0xaf, 0x5d,
  0x13, 0x65, 0x65, 0x13, 0x53, 0x53, 0x5c, 0x65, 0x65, 0x65, 0xa6, 0xb7,
  0xb7, 0xf6, 0xff, 0xff, 0xff, 0xff, 0xff, 0xff, 0xff, 0xff, 0xff, 0xff,
  0xff, 0xff, 0xff, 0xff, 0xff, 0xff, 0xff, 0xff, 0xff, 0xff, 0xff, 0xff,
  0xff, 0xff, 0xff, 0xff, 0xff, 0xff, 0xff, 0xff, 0xff, 0xff, 0xff, 0xff,
  0xff, 0xff, 0xff, 0xff, 0xff, 0xff, 0xff, 0xff, 0xff, 0xff, 0xff, 0xff,
  0xff, 0xff, 0xff, 0xff, 0x00, 0x00, 0xff, 0xff, 0xff, 0xff, 0xff, 0xff,
  0xff, 0xff, 0xff, 0xff, 0xff, 0xff, 0xff, 0xff, 0xff, 0xff, 0xff, 0xff,
  0xff, 0xff, 0xff, 0xff, 0xff, 0xff, 0xff, 0xff, 0xff, 0xff, 0xff, 0xff,
  0xff, 0xff, 0xff, 0xff, 0xff, 0xff, 0xff, 0xff, 0xff, 0xff, 0xff, 0xff,
  0xff, 0xff, 0xa4, 0x53, 0x53, 0x53, 0x4a, 0x00, 0x0a, 0x00, 0x0a, 0x0a,
  0x0a, 0x4a, 0x53, 0x5c, 0x5c, 0x5d, 0x5d, 0x5d, 0x5d, 0x5d, 0x5d, 0x5d,
  0x5d, 0x5d, 0x5d, 0x55, 0x5d, 0xa6, 0xa5, 0xa5, 0xa5, 0xa5, 0xa5, 0xa6,
  0xa6, 0xa6, 0xa6, 0xa6, 0x9e, 0x9e, 0x9e, 0x9e, 0x5d, 0x5d, 0x5e, 0x9e,
  0xa7, 0xa7, 0xa7, 0xaf, 0xaf, 0xaf, 0xaf, 0xaf, 0xb7, 0xaf, 0xaf, 0xaf,
  0xa6, 0xa6, 0xaf, 0xaf, 0xaf, 0xaf, 0xaf, 0xb7, 0xb7, 0xb7, 0xb7, 0xb7,
  0xb7, 0xb7, 0xaf, 0xaf, 0xaf, 0xaf, 0xaf, 0x5d, 0xa5, 0x07, 0x65, 0x53,
  0x53, 0x53, 0x5c, 0x5c, 0x5d, 0x65, 0xae, 0xaf, 0xb7, 0xf6, 0xff, 0xff,
  0xff, 0xff, 0xff, 0xff, 0xff, 0xff, 0xff, 0xff, 0xff, 0xff, 0xff, 0xff,
  0xff, 0xff, 0xff, 0xff, 0xff, 0xff, 0xff, 0xff, 0xff, 0xff, 0xff, 0xff,
  0xff, 0xff, 0xff, 0xff, 0xff, 0xff, 0xff, 0xff, 0xff, 0xff, 0xff, 0xff,
  0xff, 0xff, 0xff, 0xff, 0xff, 0xff, 0xff, 0xff, 0xff, 0xff, 0xff, 0xff,
  0x00, 0x00, 0xff, 0xff, 0xff, 0xff, 0xff, 0xff, 0xff, 0xff, 0xff, 0xff,
  0xff, 0xff, 0xff, 0xff, 0xff, 0xff, 0xff, 0xff, 0xff, 0xff, 0xff, 0xff,
  0xff, 0xff, 0xff, 0xff, 0xff, 0xff, 0xff, 0xff, 0xff, 0xff, 0xff, 0xff,
  0xff, 0xff, 0xff, 0xff, 0xff, 0xff, 0xff, 0xff, 0xff, 0xff, 0x5c, 0x53,
  0x53, 0x52, 0x4a, 0x0a, 0x0a, 0x49, 0x0a, 0x0a, 0x0a, 0x4a, 0x53, 0x5c,
  0x5c, 0x5d, 0x5d, 0x5d, 0x5d, 0x5d, 0x5d, 0x5d, 0x5d, 0x5d, 0x5d, 0x5d,
  0x54, 0x5d, 0xa5, 0xa5, 0xa5, 0xa5, 0xa6, 0xa5, 0xa6, 0xa6, 0xa6, 0xa6,
  0xae, 0xa6, 0xa6, 0xa6, 0xaf, 0xaf, 0xaf, 0xaf, 0xaf, 0xaf, 0xaf, 0xaf,
  0xaf, 0xb7, 0xb7, 0xb7, 0xb7, 0xb7, 0xb7, 0xaf, 0x65, 0xa6, 0xaf, 0xaf,
  0xaf, 0xaf, 0xb7, 0xb7, 0xb7, 0xb7, 0xb7, 0xb7, 0xb7, 0xb7, 0xaf, 0xb7,
  0xaf, 0xaf, 0xb7, 0x54, 0x52, 0x5c, 0x53, 0xa5, 0x53, 0x53, 0x53, 0x5c,
  0x5d, 0x65, 0xae, 0xaf, 0xb7, 0xf6, 0xff, 0xff, 0xff, 0xff, 0xff, 0xff,
  0xff, 0xff, 0xff, 0xff, 0xff, 0xff, 0xff, 0xff, 0xff, 0xff, 0xff, 0xff,
  0xff, 0xff, 0xff, 0xff, 0xff, 0xff, 0xff, 0xff, 0xff, 0xff, 0xff, 0xff,
  0xff, 0xff, 0xff, 0xff, 0xff, 0xff, 0xff, 0xff, 0xff, 0xff, 0xff, 0xff,
  0xff, 0xff, 0xff, 0xff, 0xff, 0xff, 0xff, 0xff, 0x00, 0x00, 0xff, 0xff,
  0xff, 0xff, 0xff, 0xff, 0xff, 0xff, 0xff, 0xff, 0xff, 0xff, 0xff, 0xff,
  0xff, 0xff, 0xff, 0xff, 0xff, 0xff, 0xff, 0xff, 0xff, 0xff, 0xff, 0xff,
  0xff, 0xff, 0xff, 0xff, 0xff, 0xff, 0xff, 0xff, 0xff, 0xff, 0xff, 0xff,
  0xff, 0xff, 0xff, 0xff, 0xff, 0xff, 0x5b, 0x53, 0x53, 0x0a, 0x53, 0x53,
  0x0a, 0x4a, 0x0a, 0x0a, 0x0a, 0x0a, 0x53, 0x5c, 0x5c, 0x5d, 0x5d, 0x5d,
  0x5d, 0x5d, 0x66, 0xa6, 0xa6, 0xa6, 0x5e, 0x5d, 0x5d, 0x54, 0xa5, 0xa6,
  0xa5, 0xa6, 0xa6, 0xa6, 0xa6, 0xa6, 0xa6, 0xa6, 0xa6, 0xa6, 0xa6, 0xa6,
  0xaf, 0xaf, 0xaf, 0xaf, 0xaf, 0xaf, 0xaf, 0xaf, 0xaf, 0xb7, 0xb7, 0xb7,
  0xb7, 0xb7, 0xaf, 0xa6, 0x66, 0xa6, 0xa6, 0xa6, 0xaf, 0xaf, 0xb7, 0xb7,
  0xb7, 0xb7, 0xb7, 0xb7, 0xb7, 0xaf, 0xaf, 0xb7, 0xaf, 0xaf, 0xaf, 0x5c,
  0x0a, 0x53, 0x5c, 0xb7, 0x53, 0x53, 0x53, 0x5c, 0x5d, 0xa5, 0xae, 0xaf,
  0x07, 0xff, 0xff, 0xff, 0xff, 0xff, 0xff, 0xff, 0xff, 0xff, 0xff, 0xff,
  0xff, 0xff, 0xff, 0xff, 0xff, 0xff, 0xff, 0xff, 0xff, 0xff, 0xff, 0xff,
  0xff, 0xff, 0xff, 0xff, 0xff, 0xff, 0xff, 0xff, 0xff, 0xff, 0xff, 0xff,
  0xff, 0xff, 0xff, 0xff, 0xff, 0xff, 0xff, 0xff, 0xff, 0xff, 0xff, 0xff,
  0xff, 0xff, 0xff, 0xff, 0x00, 0x00, 0xff, 0xff, 0xff, 0xff, 0xff, 0xff,
  0xff, 0xff, 0xff, 0xff, 0xff, 0xff, 0xff, 0xff, 0xff, 0xff, 0xff, 0xff,
  0xff, 0xff, 0xff, 0xff, 0xff, 0xff, 0xff, 0xff, 0xff, 0xff, 0xff, 0xff,
  0xff, 0xff, 0xff, 0xff, 0xff, 0xff, 0xff, 0xff, 0xff, 0xff, 0xff, 0xff,
  0xff, 0xf6, 0x53, 0x53, 0x53, 0x53, 0x53, 0x52, 0x0a, 0x4a, 0x0a, 0x4a,
  0x4a, 0x0a, 0x5c, 0x5c, 0x5d, 0x5d, 0x5d, 0x5d, 0x5d, 0xa6, 0xa6, 0xa6,
  0xa6, 0xa6, 0xa6, 0x66, 0x5d, 0x5d, 0xa6, 0xa6, 0xa6, 0xa6, 0xa6, 0xa6,
  0xa6, 0xa6, 0xa6, 0xa6, 0xa6, 0xa6, 0xa6, 0xa6, 0xaf, 0xaf, 0xaf, 0xaf,
  0xaf, 0xaf, 0xaf, 0xb7, 0xb7, 0xb7, 0xb7, 0xb7, 0xb7, 0xaf, 0xa6, 0x5d,
  0xa6, 0x66, 0x5e, 0xa6, 0xaf, 0xaf, 0xaf, 0xb7, 0xb7, 0xb7, 0xb7, 0xb7,
  0xb7, 0xaf, 0xaf, 0xb7, 0xaf, 0xaf, 0xaf, 0xae, 0xae, 0xae, 0xaf, 0xaf,
  0x54, 0x53, 0x53, 0x54, 0x5d, 0x5d, 0xa6, 0xaf, 0x07, 0xf6, 0xff, 0xff,
  0xff, 0xff, 0xff, 0xff, 0xff, 0xff, 0xff, 0xff, 0xff, 0xff, 0xff, 0xff,
  0xff, 0xff, 0xff, 0xff, 0xff, 0xff, 0xff, 0xff, 0xff, 0xff, 0xff, 0xff,
  0xff, 0xff, 0xff, 0xff, 0xff, 0xff, 0xff, 0xff, 0xff, 0xff, 0xff, 0xff,
  0xff, 0xff, 0xff, 0xff, 0xff, 0xff, 0xff, 0xff, 0xff, 0xff, 0xff, 0xff,
  0x00, 0x00, 0xff, 0xff, 0xff, 0xff, 0xff, 0xff, 0xff, 0xff, 0xff, 0xff,
  0xff, 0xff, 0xff, 0xff, 0xff, 0xff, 0xff, 0xff, 0xff, 0xff, 0xff, 0xff,
  0xff, 0xff, 0xff, 0xff, 0xff, 0xff, 0xff, 0xff, 0xff, 0xff, 0xff, 0xff,
  0xff, 0xff, 0xff, 0xff, 0xff, 0xff, 0xff, 0xff, 0xff, 0x07, 0x53, 0x53,
  0x53, 0x53, 0x53, 0x52, 0x4a, 0x0a, 0x0a, 0x52, 0x4a, 0x4a, 0x5c, 0x5c,
  0x5d, 0x5d, 0x5d, 0x5d, 0xa6, 0xa6, 0xa6, 0xa6, 0xa6, 0xa6, 0xa6, 0xa6,
  0x5d, 0x5d, 0xa6, 0xa6, 0xa6, 0xa6, 0xa6, 0xa6, 0xa6, 0xa6, 0xa6, 0xa6,
  0xa6, 0xa6, 0xa6, 0xa6, 0xaf, 0xaf, 0xaf, 0xaf, 0xaf, 0xaf, 0xaf, 0xaf,
  0xaf, 0xaf, 0xb7, 0xb7, 0xaf, 0x5e, 0x5d, 0x5d, 0x5e, 0x5e, 0xa6, 0xa6,
  0xa7, 0xa6, 0xa6, 0xaf, 0xaf, 0xb7, 0xb7, 0xaf, 0xb7, 0xaf, 0xaf, 0xaf,
  0xaf, 0xaf, 0xb7, 0xa6, 0x66, 0xaf, 0xaf, 0xaf, 0x5c, 0x5c, 0x53, 0x53,
  0x5c, 0x65, 0xa5, 0xae, 0xb7, 0xf6, 0xff, 0xff, 0xff, 0xff, 0xff, 0xff,
  0xff, 0xff, 0xff, 0xff, 0xff, 0xff, 0xff, 0xff, 0xff, 0xff, 0xff, 0xff,
  0xff, 0xff, 0xff, 0xff, 0xff, 0xff, 0xff, 0xff, 0xff, 0xff, 0xff, 0xff,
  0xff, 0xff, 0xff, 0xff, 0xff, 0xff, 0xff, 0xff, 0xff, 0xff, 0xff, 0xff,
  0xff, 0xff, 0xff, 0xff, 0xff, 0xff, 0xff, 0xff, 0x00, 0x00, 0xff, 0xff,
  0xff, 0xff, 0xff, 0xff, 0xff, 0xff, 0xff, 0xff, 0xff, 0xff, 0xff, 0xff,
  0xff, 0xff, 0xff, 0xff, 0xff, 0xff, 0xff, 0xff, 0xff, 0xff, 0xff, 0xff,
  0xff, 0xff, 0xff, 0xff, 0xff, 0xff, 0xff, 0xff, 0xff, 0xff, 0xff, 0xff,
  0xff, 0xff, 0xff, 0xff, 0xff, 0xa5, 0x53, 0x53, 0x53, 0x53, 0x53, 0x53,
  0x52, 0x52, 0x52, 0x53, 0x52, 0x53, 0x5c, 0x5c, 0x5d, 0x5d, 0x5d, 0x5d,
  0x66, 0xa6, 0xa6, 0xa6, 0xa6, 0xa6, 0xa6, 0xa6, 0xa6, 0x66, 0x65, 0xa6,
  0xa6, 0xa6, 0xa6, 0xa6, 0xa6, 0xa6, 0xa6, 0xa6, 0xa6, 0xa7, 0xa6, 0xaf,
  0xaf, 0xaf, 0xaf, 0xaf, 0xaf, 0xb7, 0xaf, 0xaf, 0xaf, 0xaf, 0xaf, 0xaf,
  0xa6, 0x5d, 0x5d, 0x66, 0x66, 0xa6, 0xa6, 0xa7, 0xaf, 0xaf, 0xaf, 0xaf,
  0xaf, 0xaf, 0xb7, 0xaf, 0xaf, 0xaf, 0xaf, 0xb7, 0xaf, 0xb7, 0xaf, 0xaf,
  0xaf, 0xaf, 0xa6, 0xa6, 0xa5, 0x54, 0x5c, 0x53, 0x53, 0x5c, 0xa5, 0xae,
  0xb7, 0x08, 0xff, 0xff, 0xff, 0xff, 0xff, 0xff, 0xff, 0xff, 0xff, 0xff,
  0xff, 0xff, 0xff, 0xff, 0xff, 0xff, 0xff, 0xff, 0xff, 0xff, 0xff, 0xff,
  0xff, 0xff, 0xff, 0xff, 0xff, 0xff, 0xff, 0xff, 0xff, 0xff, 0xff, 0xff,
  0xff, 0xff, 0xff, 0xff, 0xff, 0xff, 0xff, 0xff, 0xff, 0xff, 0xff, 0xff,
  0xff, 0xff, 0xff, 0xff, 0x00, 0x00, 0xff, 0xff, 0xff, 0xff, 0xff, 0xff,
  0xff, 0xff, 0xff, 0xff, 0xff, 0xff, 0xff, 0xff, 0xff, 0xff, 0xff, 0xff,
  0xff, 0xff, 0xff, 0xff, 0xff, 0xff, 0xff, 0xff, 0xff, 0xff, 0xff, 0xff,
  0xff, 0xff, 0xff, 0xff, 0xff, 0xff, 0xff, 0xff, 0xff, 0xff, 0xff, 0xff,
  0xff, 0x5b, 0x53, 0x53, 0x53, 0x0a, 0x53, 0x52, 0x53, 0x53, 0x53, 0x53,
  0x53, 0x5c, 0x5c, 0x5c, 0x5c, 0x5d, 0x5d, 0x5e, 0xa6, 0xa6, 0xa6, 0xa6,
  0xa6, 0xa6, 0xa6, 0xa6, 0xa6, 0xa6, 0xa6, 0xa6, 0xa6, 0xa6, 0xa6, 0xa6,
  0xa6, 0xa6, 0xa6, 0xa6, 0x9e, 0x5d, 0x55, 0xa6, 0xaf, 0xaf, 0xaf, 0xaf,
  0xaf, 0xb7, 0xaf, 0xaf, 0xb7, 0xb7, 0xb7, 0xaf, 0x66, 0xa6, 0xa6, 0xa6,
  0xa6, 0xaf, 0xaf, 0xaf, 0xaf, 0xaf, 0xaf, 0xaf, 0xaf, 0xaf, 0xaf, 0xaf,
  0xb7, 0xaf, 0xb7, 0xaf, 0xaf, 0xaf, 0xaf, 0xaf, 0xaf, 0xaf, 0xa6, 0x5d,
  0xa5, 0x5c, 0x5c, 0x5c, 0x54, 0x5c, 0x65, 0xae, 0xb7, 0x07, 0xff, 0xff,
  0xff, 0xff, 0xff, 0xff, 0xff, 0xff, 0xff, 0xff, 0xff, 0xff, 0xff, 0xff,
  0xff, 0xff, 0xff, 0xff, 0xff, 0xff, 0xff, 0xff, 0xff, 0xff, 0xff, 0xff,
  0xff, 0xff, 0xff, 0xff, 0xff, 0xff, 0xff, 0xff, 0xff, 0xff, 0xff, 0xff,
  0xff, 0xff, 0xff, 0xff, 0xff, 0xff, 0xff, 0xff, 0xff, 0xff, 0xff, 0xff,
  0x00, 0x00, 0xff, 0xff, 0xff, 0xff, 0xff, 0xff, 0xff, 0xff, 0xff, 0xff,
  0xff, 0xff, 0xff, 0xff, 0xff, 0xff, 0xff, 0xff, 0xff, 0xff, 0xff, 0xff,
  0xff, 0xff, 0xff, 0xff, 0xff, 0xff, 0xff, 0xff, 0xff, 0xff, 0xff, 0xff,
  0xff, 0xff, 0xff, 0xff, 0xff, 0xff, 0xff, 0xff, 0x07, 0x53, 0x53, 0x5c,
  0x53, 0x53, 0x53, 0x53, 0x53, 0x53, 0x53, 0x53, 0x53, 0x5c, 0x5c, 0x5c,
  0x5d, 0x5d, 0x5d, 0xa6, 0xa6, 0xa6, 0xa6, 0xa6, 0xa6, 0xa6, 0xa6, 0xa6,
  0xa6, 0xa6, 0xa6, 0xa6, 0xa6, 0xa6, 0x5d, 0x54, 0x54, 0x5d, 0x5d, 0x5d,
  0x54, 0x54, 0x5d, 0x5d, 0x5d, 0xa6, 0xaf, 0xaf, 0xaf, 0xaf, 0xb7, 0xaf,
  0xaf, 0xb7, 0xaf, 0xa6, 0xa6, 0xa6, 0xa7, 0xa7, 0xaf, 0xaf, 0xaf, 0xaf,
  0xaf, 0xaf, 0xaf, 0xaf, 0xb7, 0xaf, 0xaf, 0xb7, 0xaf, 0xaf, 0xaf, 0xaf,
  0xaf, 0xaf, 0xaf, 0xaf, 0xaf, 0xaf, 0xa6, 0xa6, 0x5c, 0xa5, 0xa5, 0x5c,
  0x5d, 0x53, 0x65, 0xae, 0xb7, 0x07, 0xff, 0xff, 0xff, 0xff, 0xff, 0xff,
  0xff, 0xff, 0xff, 0xff, 0xff, 0xff, 0xff, 0xff, 0xff, 0xff, 0xff, 0xff,
  0xff, 0xff, 0xff, 0xff, 0xff, 0xff, 0xff, 0xff, 0xff, 0xff, 0xff, 0xff,
  0xff, 0xff, 0xff, 0xff, 0xff, 0xff, 0xff, 0xff, 0xff, 0xff, 0xff, 0xff,
  0xff, 0xff, 0xff, 0xff, 0xff, 0xff, 0xff, 0xff, 0x00, 0x00, 0xff, 0xff,
  0xff, 0xff, 0xff, 0xff, 0xff, 0xff, 0xff, 0xff, 0xff, 0xff, 0xff, 0xff,
  0xff, 0xff, 0xff, 0xff, 0xff, 0xff, 0xff, 0xff, 0xff, 0xff, 0xff, 0xff,
  0xff, 0xff, 0xff, 0xff, 0xff, 0xff, 0xff, 0xff, 0xff, 0xff, 0xff, 0xff,
  0xff, 0xff, 0xff, 0xff, 0xa5, 0x53, 0x5c, 0x5c, 0x53, 0x53, 0x53, 0x53,
  0x53, 0x53, 0x53, 0x53, 0x53, 0x5c, 0x5c, 0x5c, 0x5d, 0x5d, 0x5d, 0xa6,
  0xa6, 0xa6, 0xa6, 0xa6, 0xaf, 0xaf, 0xae, 0xaf, 0xaf, 0xa6, 0xa6, 0xa6,
  0xa6, 0xa6, 0x5d, 0x5d, 0x54, 0x53, 0x4b, 0x54, 0x54, 0x55, 0x5e, 0xa6,
  0x4b, 0x54, 0x5d, 0xa6, 0x9e, 0x66, 0xaf, 0xaf, 0xb7, 0xaf, 0xa6, 0xa6,
  0xa6, 0xaf, 0xaf, 0xaf, 0xaf, 0xaf, 0xaf, 0xaf, 0xaf, 0xaf, 0xaf, 0xb7,
  0xaf, 0xaf, 0xaf, 0xaf, 0xaf, 0xaf, 0xaf, 0xaf, 0xaf, 0xaf, 0xaf, 0xb7,
  0x5d, 0x53, 0x5d, 0x5d, 0xa5, 0x65, 0x5c, 0x5c, 0x65, 0x5c, 0x5d, 0xae,
  0xae, 0xf6, 0xff, 0xff, 0xff, 0xff, 0xff, 0xff, 0xff, 0xff, 0xff, 0xff,
  0xff, 0xff, 0xff, 0xff, 0xff, 0xff, 0xff, 0xff, 0xff, 0xff, 0xff, 0xff,
  0xff, 0xff, 0xff, 0xff, 0xff, 0xff, 0xff, 0xff, 0xff, 0xff, 0xff, 0xff,
  0xff, 0xff, 0xff, 0xff, 0xff, 0xff, 0xff, 0xff, 0xff, 0xff, 0xff, 0xff,
  0xff, 0xff, 0xff, 0xff, 0x00, 0x00, 0xff, 0xff, 0xff, 0xff, 0xff, 0xff,
  0xff, 0xff, 0xff, 0xff, 0xff, 0xff, 0xff, 0xff, 0xff, 0xff, 0xff, 0xff,
  0xff, 0xff, 0xff, 0xff, 0xff, 0xff, 0xff, 0xff, 0xff, 0xff, 0xff, 0xff,
  0xff, 0xff, 0xff, 0xff, 0xff, 0xff, 0xff, 0xff, 0xff, 0xff, 0xff, 0xf6,
  0x53, 0x5b, 0x5c, 0x5c, 0x53, 0x4b, 0x53, 0x53, 0x53, 0x53, 0x5c, 0x53,
  0x54, 0x5c, 0x5c, 0x5c, 0x5d, 0x5d, 0x66, 0x66, 0xa6, 0xa6, 0xa6, 0xa6,
  0xaf, 0xaf, 0xae, 0xae, 0xae, 0xae, 0xa6, 0xa6, 0xa6, 0xa6, 0x5d, 0x54,
  0x0a, 0x0a, 0x4b, 0x5d, 0x5d, 0x5d, 0x5d, 0xa6, 0x4b, 0x0a, 0x0a, 0x4c,
  0x5d, 0x5e, 0xa6, 0xa6, 0xaf, 0xaf, 0xa6, 0xa6, 0xa7, 0xaf, 0xaf, 0xaf,
  0xaf, 0xaf, 0xaf, 0xaf, 0xaf, 0xb7, 0xb7, 0xb7, 0xb7, 0xaf, 0xaf, 0xaf,
  0xaf, 0xaf, 0xaf, 0xaf, 0xaf, 0xaf, 0xaf, 0xb7, 0x5c, 0x0b, 0x54, 0x9d,
  0xa5, 0x5d, 0x5c, 0x5d, 0xa5, 0x5d, 0x5d, 0xae, 0xae, 0xf6, 0xff, 0xff,
  0xff, 0xff, 0xff, 0xff, 0xff, 0xff, 0xff, 0xff, 0xff, 0xff, 0xff, 0xff,
  0xff, 0xff, 0xff, 0xff, 0xff, 0xff, 0xff, 0xff, 0xff, 0xff, 0xff, 0xff,
  0xff, 0xff, 0xff, 0xff, 0xff, 0xff, 0xff, 0xff, 0xff, 0xff, 0xff, 0xff,
  0xff, 0xff, 0xff, 0xff, 0xff, 0xff, 0xff, 0xff, 0xff, 0xff, 0xff, 0xff,
  0x00, 0x00, 0xff, 0xff, 0xff, 0xff, 0xff, 0xff, 0xff, 0xff, 0xff, 0xff,
  0xff, 0xff, 0xff, 0xff, 0xff, 0xff, 0xff, 0xff, 0xff, 0xff, 0xff, 0xff,
  0xff, 0xff, 0xff, 0xff, 0xff, 0xff, 0xff, 0xff, 0xff, 0xff, 0xff, 0xff,
  0xff, 0xff, 0xff, 0xff, 0xff, 0xff, 0xff, 0xf7, 0x5b, 0x5c, 0x5c, 0x5b,
  0x53, 0x53, 0x53, 0x53, 0x53, 0x53, 0x5c, 0x54, 0x5c, 0x5c, 0x5c, 0x5d,
  0x5d, 0x65, 0xa6, 0xa6, 0xa6, 0xa6, 0xa6, 0xae, 0xaf, 0xaf, 0xae, 0xae,
  0xae, 0xae, 0xae, 0xa6, 0xa6, 0xa6, 0x9d, 0x5d, 0x54, 0x5c, 0x5d, 0x5d,
  0x5d, 0x5d, 0x66, 0xa6, 0xa6, 0x4b, 0x0a, 0x0a, 0x55, 0xa6, 0xaf, 0x5e,
  0xa6, 0xa6, 0xaf, 0xaf, 0xaf, 0xaf, 0xaf, 0xaf, 0xaf, 0xaf, 0xaf, 0xaf,
  0xb7, 0xb7, 0xb7, 0xb7, 0xb7, 0xb7, 0xaf, 0xaf, 0xaf, 0xaf, 0xaf, 0xaf,
  0xaf, 0xaf, 0xaf, 0xb7, 0x5d, 0x5c, 0x9d, 0x5d, 0x53, 0x5c, 0x5c, 0x65,
  0x65, 0xa5, 0xa5, 0xae, 0xae, 0xf6, 0xff, 0xff, 0xff, 0xff, 0xff, 0xff,
  0xff, 0xff, 0xff, 0xff, 0xff, 0xff, 0xff, 0xff, 0xff, 0xff, 0xff, 0xff,
  0xff, 0xff, 0xff, 0xff, 0xff, 0xff, 0xff, 0xff, 0xff, 0xff, 0xff, 0xff,
  0xff, 0xff, 0xff, 0xff, 0xff, 0xff, 0xff, 0xff, 0xff, 0xff, 0xff, 0xff,
  0xff, 0xff, 0xff, 0xff, 0xff, 0xff, 0xff, 0xff, 0x00, 0x00, 0xff, 0xff,
  0xff, 0xff, 0xff, 0xff, 0xff, 0xff, 0xff, 0xff, 0xff, 0xff, 0xff, 0xff,
  0xff, 0xff, 0xff, 0xff, 0xff, 0xff, 0xff, 0xff, 0xff, 0xff, 0xff, 0xff,
  0xff, 0xff, 0xff, 0xff, 0xff, 0xff, 0xff, 0xff, 0xff, 0xff, 0xff, 0xff,
  0xff, 0xff, 0xff, 0x5b, 0x5c, 0x5c, 0x5c, 0x5b, 0x53, 0x53, 0x0a, 0x53,
  0x5c, 0x53, 0x5c, 0x5c, 0x5c, 0x5c, 0x5c, 0x5d, 0x65, 0x5d, 0xa6, 0xa6,
  0xa6, 0xa6, 0xa6, 0xae, 0xaf, 0xaf, 0xae, 0xae, 0xae, 0xa6, 0xa6, 0xae,
  0xa6, 0xa6, 0xa6, 0xa5, 0x9d, 0x9d, 0xa5, 0xa6, 0xa6, 0xa6, 0xa6, 0xae,
  0xa6, 0xa6, 0xa5, 0xa6, 0xa6, 0xaf, 0xef, 0x5e, 0xa6, 0xaf, 0xaf, 0xaf,
  0xaf, 0xaf, 0xaf, 0xaf, 0xaf, 0xaf, 0xaf, 0xb7, 0xb7, 0xb7, 0xb7, 0xb7,
  0xb7, 0xb7, 0xaf, 0xb7, 0xaf, 0xb7, 0xaf, 0xaf, 0xaf, 0xaf, 0xaf, 0xb7,
  0xae, 0xa6, 0x53, 0x53, 0x53, 0x53, 0x5c, 0x65, 0xa5, 0x65, 0xae, 0xae,
  0xae, 0xf6, 0xff, 0xff, 0xff, 0xff, 0xff, 0xff, 0xff, 0xff, 0xff, 0xff,
  0xff, 0xff, 0xff, 0xff, 0xff, 0xff, 0xff, 0xff, 0xff, 0xff, 0xff, 0xff,
  0xff, 0xff, 0xff, 0xff, 0xff, 0xff, 0xff, 0xff, 0xff, 0xff, 0xff, 0xff,
  0xff, 0xff, 0xff, 0xff, 0xff, 0xff, 0xff, 0xff, 0xff, 0xff, 0xff, 0xff,
  0xff, 0xff, 0xff, 0xff, 0x00, 0x00, 0xff, 0xff, 0xff, 0xff, 0xff, 0xff,
  0xff, 0xff, 0xff, 0xff, 0xff, 0xff, 0xff, 0xff, 0xff, 0xff, 0xff, 0xff,
  0xff, 0xff, 0xff, 0xff, 0xff, 0xff, 0xff, 0xff, 0xff, 0xff, 0xff, 0xff,
  0xff, 0xff, 0xff, 0xff, 0xff, 0xff, 0xff, 0xff, 0xff, 0xff, 0x07, 0x53,
  0x5c, 0x5b, 0x5b, 0x5b, 0x53, 0x53, 0x53, 0x53, 0x53, 0x53, 0x5c, 0x5c,
  0x5c, 0x5d, 0x5d, 0x5d, 0xa5, 0xa6, 0xa6, 0xa6, 0xa6, 0xa6, 0xa6, 0xa6,
  0xae, 0xaf, 0xae, 0xae, 0xae, 0xa6, 0xa6, 0xa6, 0xa6, 0xa6, 0xa6, 0xa5,
  0xa5, 0xa6, 0xa6, 0xa6, 0xa6, 0xa6, 0xaf, 0xaf, 0xaf, 0xaf, 0xb7, 0xb7,
  0xb7, 0xb7, 0xb7, 0x5d, 0xa7, 0xaf, 0xaf, 0xaf, 0xaf, 0xaf, 0xaf, 0xaf,
  0xaf, 0xaf, 0xaf, 0xb7, 0xb7, 0xb7, 0xb7, 0xb7, 0xb7, 0xb7, 0xb7, 0xaf,
  0xaf, 0xaf, 0xaf, 0xaf, 0xaf, 0xb7, 0xaf, 0xb7, 0xae, 0x54, 0x0a, 0x54,
  0x53, 0x0a, 0x54, 0x5d, 0xa5, 0x65, 0xae, 0xae, 0xae, 0xff, 0xff, 0xff,
  0xff, 0xff, 0xff, 0xff, 0xff, 0xff, 0xff, 0xff, 0xff, 0xff, 0xff, 0xff,
  0xff, 0xff, 0xff, 0xff, 0xff, 0xff, 0xff, 0xff, 0xff, 0xff, 0xff, 0xff,
  0xff, 0xff, 0xff, 0xff, 0xff, 0xff, 0xff, 0xff, 0xff, 0xff, 0xff, 0xff,
  0xff, 0xff, 0xff, 0xff, 0xff, 0xff, 0xff, 0xff, 0xff, 0xff, 0xff, 0xff,
  0x00, 0x00, 0xff, 0xff, 0xff, 0xff, 0xff, 0xff, 0xff, 0xff, 0xff, 0xff,
  0xff, 0xff, 0xff, 0xff, 0xff, 0xff, 0xff, 0xff, 0xff, 0xff, 0xff, 0xff,
  0xff, 0xff, 0xff, 0xff, 0xff, 0xff, 0xff, 0xff, 0xff, 0xff, 0xff, 0xff,
  0xff, 0xff, 0xff, 0xff, 0xff, 0xff, 0x9c, 0x5c, 0x5c, 0x5b, 0x53, 0x53,
  0x53, 0x53, 0x53, 0x53, 0x53, 0x53, 0x53, 0x5c, 0x5d, 0x5c, 0x5d, 0x5d,
  0xa5, 0xa6, 0xa6, 0xa6, 0xa6, 0xa6, 0xa6, 0xae, 0xae, 0xae, 0xa6, 0xae,
  0xaf, 0xa6, 0xa6, 0xa6, 0xa6, 0xa6, 0xa6, 0xa5, 0xa5, 0xa6, 0xa6, 0xae,
  0xaf, 0xaf, 0xaf, 0xb7, 0xb7, 0xef, 0xb7, 0xb7, 0xb7, 0xb7, 0xb7, 0x66,
  0xaf, 0xaf, 0xaf, 0xaf, 0xaf, 0xaf, 0xaf, 0xaf, 0xaf, 0xaf, 0xaf, 0xb7,
  0xb7, 0xb7, 0xb7, 0xb7, 0xb7, 0xb7, 0xaf, 0xaf, 0xaf, 0xaf, 0xaf, 0xaf,
  0xaf, 0xaf, 0xaf, 0xaf, 0xa6, 0x53, 0x54, 0x53, 0x4b, 0x0a, 0x4a, 0x5c,
  0xa5, 0x65, 0xa6, 0xae, 0xae, 0xff, 0xff, 0xff, 0xff, 0xff, 0xff, 0xff,
  0xff, 0xff, 0xff, 0xff, 0xff, 0xff, 0xff, 0xff, 0xff, 0xff, 0xff, 0xff,
  0xff, 0xff, 0xff, 0xff, 0xff, 0xff, 0xff, 0xff, 0xff, 0xff, 0xff, 0xff,
  0xff, 0xff, 0xff, 0xff, 0xff, 0xff, 0xff, 0xff, 0xff, 0xff, 0xff, 0xff,
  0xff, 0xff, 0xff, 0xff, 0xff, 0xff, 0xff, 0xff, 0x00, 0x00, 0xff, 0xff,
  0xff, 0xff, 0xff, 0xff, 0xff, 0xff, 0xff, 0xff, 0xff, 0xff, 0xff, 0xff,
  0xff, 0xff, 0xff, 0xff, 0xff, 0xff, 0xff, 0xff, 0xff, 0xff, 0xff, 0xff,
  0xff, 0xff, 0xff, 0xff, 0xff, 0xff, 0xff, 0xff, 0xff, 0xff, 0xff, 0xff,
  0xff, 0xf6, 0x53, 0x5c, 0x5b, 0x53, 0x53, 0x5b, 0x53, 0x0a, 0x53, 0x53,
  0x53, 0x5c, 0x54, 0x5c, 0x5d, 0x5c, 0x5d, 0x5d, 0xa5, 0xa6, 0xa6, 0xa6,
  0xa6, 0xa6, 0xa6, 0xae, 0xae, 0xae, 0xa6, 0xae, 0xae, 0xae, 0xae, 0xae,
  0xa6, 0xa6, 0xa6, 0xa5, 0xa6, 0xa6, 0xa6, 0xae, 0xaf, 0xaf, 0xaf, 0xb7,
  0xb7, 0xb7, 0xb7, 0xb7, 0xb7, 0xb7, 0xaf, 0xa7, 0xaf, 0xaf, 0xaf, 0xaf,
  0xaf, 0xaf, 0xaf, 0xaf, 0xaf, 0xaf, 0xaf, 0xb7, 0xb7, 0xb7, 0xb7, 0xb7,
  0xb7, 0xb7, 0xb7, 0xb7, 0xaf, 0xaf, 0xaf, 0xaf, 0xaf, 0xaf, 0xaf, 0xaf,
  0xa5, 0x54, 0x5c, 0x53, 0x5c, 0x53, 0x4a, 0x53, 0x5d, 0xa6, 0xa5, 0xa6,
  0xae, 0xff, 0xff, 0xff, 0xff, 0xff, 0xff, 0xff, 0xff, 0xff, 0xff, 0xff,
  0xff, 0xff, 0xff, 0xff, 0xff, 0xff, 0xff, 0xff, 0xff, 0xff, 0xff, 0xff,
  0xff, 0xff, 0xff, 0xff, 0xff, 0xff, 0xff, 0xff, 0xff, 0xff, 0xff, 0xff,
  0xff, 0xff, 0xff, 0xff, 0xff, 0xff, 0xff, 0xff, 0xff, 0xff, 0xff, 0xff,
  0xff, 0xff, 0xff, 0xff, 0x00, 0x00, 0xff, 0xff, 0xff, 0xff, 0xff, 0xff,
  0xff, 0xff, 0xff, 0xff, 0xff, 0xff, 0xff, 0xff, 0xff, 0xff, 0xff, 0xff,
  0xff, 0xff, 0xff, 0xff, 0xff, 0xff, 0xff, 0xff, 0xff, 0xff, 0xff, 0xff,
  0xff, 0xff, 0xff, 0xff, 0xff, 0xff, 0xff, 0xff, 0xff, 0xf6, 0x53, 0x5c,
  0x5b, 0x53, 0x53, 0x5b, 0x53, 0x0a, 0x53, 0x53, 0x53, 0x5c, 0x54, 0x5c,
  0x5d, 0x5c, 0x5d, 0x5d, 0xa5, 0xa6, 0xa6, 0xa6, 0xa6, 0xa6, 0xa6, 0xae,
  0xae, 0xae, 0xa6, 0xae, 0xae, 0xae, 0xae, 0xae, 0xa6, 0xa6, 0xa6, 0xa5,
  0xa6, 0xa6, 0xa6, 0xae, 0xaf, 0xaf, 0xaf, 0xb7, 0xb7, 0xb7, 0xb7, 0xb7,
  0xb7, 0xb7, 0xaf, 0xa7, 0xaf, 0xaf, 0xaf, 0xaf, 0xaf, 0xaf, 0xaf, 0xaf,
  0xaf, 0xaf, 0xaf, 0xb7, 0xb7, 0xb7, 0xb7, 0xb7, 0xb7, 0xb7, 0xb7, 0xb7,
  0xaf, 0xaf, 0xaf, 0xaf, 0xaf, 0xaf, 0xaf, 0xaf, 0xa5, 0x54, 0x5c, 0x53,
  0x5c, 0x53, 0x4a, 0x53, 0x5d, 0xa6, 0xa5, 0xa6, 0xae, 0xff, 0xff, 0xff,
  0xff, 0xff, 0xff, 0xff, 0xff, 0xff, 0xff, 0xff, 0xff, 0xff, 0xff, 0xff,
  0xff, 0xff, 0xff, 0xff, 0xff, 0xff, 0xff, 0xff, 0xff, 0xff, 0xff, 0xff,
  0xff, 0xff, 0xff, 0xff, 0xff, 0xff, 0xff, 0xff, 0xff, 0xff, 0xff, 0xff,
  0xff, 0xff, 0xff, 0xff, 0xff, 0xff, 0xff, 0xff, 0xff, 0xff, 0xff, 0xff,
  0x00, 0x00, 0xff, 0xff, 0xff, 0xff, 0xff, 0xff, 0xff, 0xff, 0xff, 0xff,
  0xff, 0xff, 0xff, 0xff, 0xff, 0xff, 0xff, 0xff, 0xff, 0xff, 0xff, 0xff,
  0xff, 0xff, 0xff, 0xff, 0xff, 0xff, 0xff, 0xff, 0xff, 0xff, 0xff, 0xff,
  0xff, 0xff, 0xff, 0xff, 0xff, 0xa4, 0x5b, 0x5c, 0x5b, 0x53, 0x53, 0x5b,
  0x5b, 0x53, 0x53, 0x53, 0x53, 0x53, 0x54, 0x5c, 0x5d, 0x5d, 0x5d, 0x65,
  0xa5, 0xa6, 0xa6, 0xa6, 0xa6, 0xa6, 0xae, 0xae, 0xae, 0xa6, 0xa6, 0xae,
  0xae, 0xae, 0xae, 0xa6, 0xa6, 0xa6, 0xa6, 0xa5, 0xa5, 0xa6, 0xa6, 0xae,
  0xaf, 0xaf, 0xaf, 0xb7, 0xb7, 0xb7, 0xaf, 0xb7, 0xb7, 0xb7, 0xaf, 0xaf,
  0xaf, 0xaf, 0xaf, 0xaf, 0xaf, 0xaf, 0xaf, 0xaf, 0xaf, 0xaf, 0xaf, 0xb7,
  0xb7, 0xb7, 0xb7, 0xb7, 0xb7, 0xb7, 0xb7, 0xb7, 0xaf, 0xaf, 0xaf, 0xb7,
  0xaf, 0xaf, 0xaf, 0xae, 0xa5, 0x5c, 0xa5, 0x53, 0x0a, 0x0a, 0x0a, 0x53,
  0x5c, 0xa6, 0x65, 0x65, 0xae, 0xf6, 0xff, 0xff, 0xff, 0xff, 0xff, 0xff,
  0xff, 0xff, 0xff, 0xff, 0xff, 0xff, 0xff, 0xff, 0xff, 0xff, 0xff, 0xff,
  0xff, 0xff, 0xff, 0xff, 0xff, 0xff, 0xff, 0xff, 0xff, 0xff, 0xff, 0xff,
  0xff, 0xff, 0xff, 0xff, 0xff, 0xff, 0xff, 0xff, 0xff, 0xff, 0xff, 0xff,
  0xff, 0xff, 0xff, 0xff, 0xff, 0xff, 0xff, 0xff, 0x00, 0x00, 0xff, 0xff,
  0xff, 0xff, 0xff, 0xff, 0xff, 0xff, 0xff, 0xff, 0xff, 0xff, 0xff, 0xff,
  0xff, 0xff, 0xff, 0xff, 0xff, 0xff, 0xff, 0xff, 0xff, 0xff, 0xff, 0xff,
  0xff, 0xff, 0xff, 0xff, 0xff, 0xff, 0xff, 0xff, 0xff, 0xff, 0xff, 0xff,
  0x08, 0x53, 0x5c, 0x5c, 0x5b, 0x53, 0x53, 0x5c, 0x53, 0x53, 0x53, 0x53,
  0x53, 0x53, 0x54, 0x5c, 0x5d, 0x5d, 0x5d, 0x65, 0xa5, 0xa6, 0xa6, 0xa6,
  0xa6, 0xa6, 0xa6, 0xa6, 0xaf, 0xae, 0xae, 0xa6, 0xae, 0xae, 0xae, 0xa6,
  0xa6, 0xa6, 0xa6, 0xa6, 0xa5, 0xa6, 0xa6, 0xae, 0xaf, 0xaf, 0xaf, 0xb7,
  0xb7, 0xb7, 0xb7, 0xb7, 0xb7, 0xaf, 0xb7, 0xb7, 0xaf, 0xaf, 0xaf, 0xaf,
  0xaf, 0xaf, 0xaf, 0xaf, 0xaf, 0xaf, 0xb7, 0xb7, 0xb7, 0xb7, 0xb7, 0xb7,
  0xb7, 0xb7, 0xb7, 0xb7, 0xb7, 0xb7, 0xaf, 0xb7, 0xaf, 0xaf, 0xaf, 0xae,
  0xa5, 0xa5, 0x5c, 0x53, 0x0a, 0x00, 0x0a, 0x4a, 0x53, 0x65, 0xa6, 0x65,
  0xae, 0xf6, 0xff, 0xff, 0xff, 0xff, 0xff, 0xff, 0xff, 0xff, 0xff, 0xff,
  0xff, 0xff, 0xff, 0xff, 0xff, 0xff, 0xff, 0xff, 0xff, 0xff, 0xff, 0xff,
  0xff, 0xff, 0xff, 0xff, 0xff, 0xff, 0xff, 0xff, 0xff, 0xff, 0xff, 0xff,
  0xff, 0xff, 0xff, 0xff, 0xff, 0xff, 0xff, 0xff, 0xff, 0xff, 0xff, 0xff,
  0xff, 0xff, 0xff, 0xff, 0x00, 0x00, 0xff, 0xff, 0xff, 0xff, 0xff, 0xff,
  0xff, 0xff, 0xff, 0xff, 0xff, 0xff, 0xff, 0xff, 0xff, 0xff, 0xff, 0xff,
  0xff, 0xff, 0xff, 0xff, 0xff, 0xff, 0xff, 0xff, 0xff, 0xff, 0xff, 0xff,
  0xff, 0xff, 0xff, 0xff, 0xff, 0xff, 0xff, 0xff, 0xa5, 0x5c, 0x5c, 0x5c,
  0x5b, 0x53, 0x52, 0x5c, 0x5b, 0x53, 0x4b, 0x53, 0x53, 0x53, 0x54, 0x5c,
  0x5d, 0x5d, 0x5d, 0xa5, 0x65, 0xa5, 0xa6, 0xa6, 0xa6, 0xa6, 0xa6, 0xa6,
  0xae, 0xae, 0xae, 0xae, 0xae, 0xa6, 0xae, 0xae, 0xa6, 0xa6, 0xa6, 0xa6,
  0xa5, 0xa6, 0xa6, 0xa6, 0xae, 0xaf, 0xaf, 0xb7, 0xb7, 0xb7, 0xb7, 0xb7,
  0xb7, 0xb7, 0xb7, 0xb7, 0xb7, 0xaf, 0xaf, 0xaf, 0xaf, 0xaf, 0xaf, 0xaf,
  0xaf, 0xb7, 0xb7, 0xb7, 0xb7, 0xb7, 0xb7, 0xb7, 0xb7, 0xb7, 0xb7, 0xb7,
  0xb7, 0xb7, 0xaf, 0xaf, 0xaf, 0xaf, 0xaf, 0xae, 0x65, 0xa5, 0xa5, 0x53,
  0x0a, 0x0a, 0x0a, 0x0a, 0x13, 0x5c, 0x65, 0x65, 0xae, 0xf6, 0xff, 0xff,
  0xff, 0xff, 0xff, 0xff, 0xff, 0xff, 0xff, 0xff, 0xff, 0xff, 0xff, 0xff,
  0xff, 0xff, 0xff, 0xff, 0xff, 0xff, 0xff, 0xff, 0xff, 0xff, 0xff, 0xff,
  0xff, 0xff, 0xff, 0xff, 0xff, 0xff, 0xff, 0xff, 0xff, 0xff, 0xff, 0xff,
  0xff, 0xff, 0xff, 0xff, 0xff, 0xff, 0xff, 0xff, 0xff, 0xff, 0xff, 0xff,
  0x00, 0x00, 0xff, 0xff, 0xff, 0xff, 0xff, 0xff, 0xff, 0xff, 0xff, 0xff,
  0xff, 0xff, 0xff, 0xff, 0xff, 0xff, 0xff, 0xff, 0xff, 0xff, 0xff, 0xff,
  0xff, 0xff, 0xff, 0xff, 0xff, 0xff, 0xff, 0xff, 0xff, 0xff, 0xff, 0xff,
  0xff, 0xff, 0xff, 0xff, 0x5b, 0x5c, 0x5c, 0x5c, 0x53, 0x53, 0x0a, 0x5c,
  0x5c, 0x53, 0x53, 0x53, 0x53, 0x53, 0x54, 0x5c, 0x5d, 0x5d, 0x5d, 0xa5,
  0xa6, 0xa6, 0xa6, 0x65, 0xa6, 0xa6, 0xa6, 0xa6, 0xa6, 0xa6, 0xa6, 0xa6,
  0xa6, 0xa6, 0xae, 0xae, 0xae, 0xa6, 0xa6, 0xa6, 0xa5, 0xa5, 0xa6, 0xa6,
  0xaf, 0xaf, 0xaf, 0xb7, 0xb7, 0xb7, 0xb7, 0xb7, 0xb7, 0xb7, 0xb7, 0xb7,
  0xb7, 0xaf, 0xaf, 0xaf, 0xaf, 0xaf, 0xaf, 0xaf, 0xaf, 0xaf, 0xaf, 0xb7,
  0xb7, 0xb7, 0xb7, 0xb7, 0xb7, 0xb7, 0xb7, 0xb7, 0xb7, 0xaf, 0xb7, 0xaf,
  0xaf, 0xaf, 0xa6, 0x66, 0x65, 0x5d, 0x5c, 0x5c, 0x0a, 0x0a, 0x0a, 0x0a,
  0x13, 0x5c, 0x65, 0x66, 0xae, 0xf6, 0xff, 0xff, 0xff, 0xff, 0xff, 0xff,
  0xff, 0xff, 0xff, 0xff, 0xff, 0xff, 0xff, 0xff, 0xff, 0xff, 0xff, 0xff,
  0xff, 0xff, 0xff, 0xff, 0xff, 0xff, 0xff, 0xff, 0xff, 0xff, 0xff, 0xff,
  0xff, 0xff, 0xff, 0xff, 0xff, 0xff, 0xff, 0xff, 0xff, 0xff, 0xff, 0xff,
  0xff, 0xff, 0xff, 0xff, 0xff, 0xff, 0xff, 0xff, 0x00, 0x00, 0xff, 0xff,
  0xff, 0xff, 0xff, 0xff, 0xff, 0xff, 0xff, 0xff, 0xff, 0xff, 0xff, 0xff,
  0xff, 0xff, 0xff, 0xff, 0xff, 0xff, 0xff, 0xff, 0xff, 0xff, 0xff, 0xff,
  0xff, 0xff, 0xff, 0xff, 0xff, 0xff, 0xff, 0xff, 0xff, 0xff, 0xff, 0x08,
  0x5b, 0x5c, 0x5c, 0x5c, 0x53, 0x53, 0x12, 0x53, 0x5c, 0x53, 0x53, 0x53,
  0x53, 0x53, 0x53, 0x5c, 0x5d, 0x5d, 0x5d, 0x65, 0xa5, 0xa5, 0x5d, 0x5d,
  0xa5, 0xa6, 0xa6, 0xa6, 0xa6, 0xa6, 0xae, 0xae, 0xae, 0xa6, 0xa6, 0xa6,
  0xae, 0xa6, 0xa6, 0xa6, 0xa5, 0xa5, 0xa6, 0xa6, 0xaf, 0xaf, 0xaf, 0xb7,
  0xb7, 0xb7, 0xb7, 0xb7, 0xb7, 0xb7, 0xb7, 0xb7, 0xaf, 0xaf, 0xaf, 0xaf,
  0xaf, 0xaf, 0xaf, 0xaf, 0xaf, 0xaf, 0xb7, 0xb7, 0xb7, 0xb7, 0xb7, 0xb7,
  0xb7, 0xb7, 0xb7, 0xb7, 0xb7, 0xaf, 0xb7, 0xaf, 0xb7, 0xa6, 0xa6, 0xa6,
  0xa6, 0xae, 0xae, 0x5d, 0x5c, 0x52, 0x0a, 0x0a, 0x13, 0x5c, 0x5d, 0xa6,
  0xa5, 0xf6, 0xff, 0xff, 0xff, 0xff, 0xff, 0xff, 0xff, 0xff, 0xff, 0xff,
  0xff, 0xff, 0xff, 0xff, 0xff, 0xff, 0xff, 0xff, 0xff, 0xff, 0xff, 0xff,
  0xff, 0xff, 0xff, 0xff, 0xff, 0xff, 0xff, 0xff, 0xff, 0xff, 0xff, 0xff,
  0xff, 0xff, 0xff, 0xff, 0xff, 0xff, 0xff, 0xff, 0xff, 0xff, 0xff, 0xff,
  0xff, 0xff, 0xff, 0xff, 0x00, 0x00, 0xff, 0xff, 0xff, 0xff, 0xff, 0xff,
  0xff, 0xff, 0xff, 0xff, 0xff, 0xff, 0xff, 0xff, 0xff, 0xff, 0xff, 0xff,
  0xff, 0xff, 0xff, 0xff, 0xff, 0xff, 0xff, 0xff, 0xff, 0xff, 0xff, 0xff,
  0xff, 0xff, 0xff, 0xff, 0xff, 0xff, 0xff, 0x07, 0x5c, 0x5c, 0x5c, 0x53,
  0x53, 0x53, 0x52, 0x53, 0x5c, 0x53, 0x53, 0x53, 0x53, 0x53, 0x53, 0x5c,
  0x5d, 0x5d, 0x5d, 0x5d, 0x5d, 0x5d, 0x5d, 0x5d, 0xa5, 0xa5, 0xa5, 0xa5,
  0xa6, 0xa6, 0xa6, 0xae, 0xae, 0xae, 0xa6, 0xa6, 0xa6, 0xa6, 0xa6, 0xa6,
  0xa5, 0xa5, 0xa6, 0xa6, 0xaf, 0xaf, 0xb7, 0xb7, 0xb7, 0xb7, 0xb7, 0xb7,
  0xb7, 0xb7, 0xb7, 0xb7, 0xaf, 0xaf, 0xaf, 0xaf, 0xaf, 0xaf, 0xaf, 0xaf,
  0xaf, 0xaf, 0xaf, 0xb7, 0xb7, 0xb7, 0xb7, 0xb7, 0xb7, 0xb7, 0xb7, 0xb7,
  0xb7, 0xaf, 0xb7, 0xaf, 0xaf, 0x66, 0xae, 0xae, 0xae, 0xae, 0xa6, 0xae,
  0x5c, 0x52, 0x53, 0x53, 0x53, 0x5c, 0x5d, 0xa6, 0xae, 0xf6, 0xff, 0xff,
  0xff, 0xff, 0xff, 0xff, 0xff, 0xff, 0xff, 0xff, 0xff, 0xff, 0xff, 0xff,
  0xff, 0xff, 0xff, 0xff, 0xff, 0xff, 0xff, 0xff, 0xff, 0xff, 0xff, 0xff,
  0xff, 0xff, 0xff, 0xff, 0xff, 0xff, 0xff, 0xff, 0xff, 0xff, 0xff, 0xff,
  0xff, 0xff, 0xff, 0xff, 0xff, 0xff, 0xff, 0xff, 0xff, 0xff, 0xff, 0xff,
  0x00, 0x00, 0xff, 0xff, 0xff, 0xff, 0xff, 0xff, 0xff, 0xff, 0xff, 0xff,
  0xff, 0xff, 0xff, 0xff, 0xff, 0xff, 0xff, 0xff, 0xff, 0xff, 0xff, 0xff,
  0xff, 0xff, 0xff, 0xff, 0xff, 0xff, 0xff, 0xff, 0xff, 0xff, 0xff, 0xff,
  0xff, 0xff, 0xff, 0xa4, 0x5c, 0x53, 0x5c, 0x53, 0x53, 0x53, 0x53, 0x52,
  0x5c, 0x53, 0x53, 0x53, 0x53, 0x53, 0x53, 0x5c, 0x5d, 0x5d, 0x65, 0x65,
  0x5d, 0x5d, 0x5d, 0x5d, 0x5d, 0x5d, 0xa5, 0x5d, 0x5d, 0xa5, 0xa5, 0xa6,
  0xae, 0xa6, 0xa6, 0xa6, 0xa6, 0xa6, 0xa6, 0xa6, 0xa6, 0xa5, 0xa6, 0xa6,
  0xae, 0xaf, 0xb7, 0xb7, 0xb7, 0xb7, 0xb7, 0xb7, 0xaf, 0xb7, 0xb7, 0xb7,
  0xb7, 0xaf, 0xaf, 0xaf, 0xaf, 0xaf, 0xaf, 0xaf, 0xaf, 0xaf, 0xaf, 0xb7,
  0xb7, 0xb7, 0xb7, 0xb7, 0xb7, 0xb7, 0xb7, 0xb7, 0xb7, 0xb7, 0xaf, 0xb7,
  0xaf, 0xae, 0xae, 0xa6, 0x66, 0x65, 0x65, 0xa5, 0x5b, 0x53, 0x52, 0x53,
  0x53, 0x5d, 0x65, 0xa6, 0xae, 0xff, 0xff, 0xff, 0xff, 0xff, 0xff, 0xff,
  0xff, 0xff, 0xff, 0xff, 0xff, 0xff, 0xff, 0xff, 0xff, 0xff, 0xff, 0xff,
  0xff, 0xff, 0xff, 0xff, 0xff, 0xff, 0xff, 0xff, 0xff, 0xff, 0xff, 0xff,
  0xff, 0xff, 0xff, 0xff, 0xff, 0xff, 0xff, 0xff, 0xff, 0xff, 0xff, 0xff,
  0xff, 0xff, 0xff, 0xff, 0xff, 0xff, 0xff, 0xff, 0x00, 0x00, 0xff, 0xff,
  0xff, 0xff, 0xff, 0xff, 0xff, 0xff, 0xff, 0xff, 0xff, 0xff, 0xff, 0xff,
  0xff, 0xff, 0xff, 0xff, 0xff, 0xff, 0xff, 0xff, 0xff, 0xff, 0xff, 0xff,
  0xff, 0xff, 0xff, 0xff, 0xff, 0xff, 0xff, 0xff, 0xff, 0xff, 0xff, 0x5b,
  0x5c, 0x53, 0x5c, 0x53, 0x53, 0x53, 0x53, 0x52, 0x5c, 0x5b, 0x53, 0x53,
  0x53, 0x53, 0x53, 0x54, 0x5d, 0x5d, 0x5d, 0xa5, 0x5d, 0x5d, 0x5d, 0x5c,
  0x5d, 0x5d, 0x5d, 0x5d, 0xa6, 0xa6, 0xa5, 0xa5, 0xa5, 0xa6, 0xa6, 0xa6,
  0xa6, 0xa6, 0xa6, 0xa6, 0xa6, 0xa5, 0xa6, 0xa6, 0xae, 0xaf, 0xb7, 0xb7,
  0xb7, 0xb7, 0xaf, 0xaf, 0xb7, 0xaf, 0xb7, 0xaf, 0xae, 0xae, 0xa6, 0xa6,
  0xa6, 0xaf, 0xaf, 0xaf, 0xaf, 0xaf, 0xaf, 0xaf, 0xaf, 0xb7, 0xb7, 0xb7,
  0xb7, 0xb7, 0xb7, 0xb7, 0xb7, 0xb7, 0xb7, 0xaf, 0xaf, 0xaf, 0xae, 0xa6,
  0x65, 0x65, 0x5d, 0x5d, 0x5c, 0x53, 0x0b, 0x0b, 0x5c, 0x5d, 0x5d, 0xa6,
  0xad, 0xff, 0xff, 0xff, 0xff, 0xff, 0xff, 0xff, 0xff, 0xff, 0xff, 0xff,
  0xff, 0xff, 0xff, 0xff, 0xff, 0xff, 0xff, 0xff, 0xff, 0xff, 0xff, 0xff,
  0xff, 0xff, 0xff, 0xff, 0xff, 0xff, 0xff, 0xff, 0xff, 0xff, 0xff, 0xff,
  0xff, 0xff, 0xff, 0xff, 0xff, 0xff, 0xff, 0xff, 0xff, 0xff, 0xff, 0xff,
  0xff, 0xff, 0xff, 0xff, 0x00, 0x00, 0xff, 0xff, 0xff, 0xff, 0xff, 0xff,
  0xff, 0xff, 0xff, 0xff, 0xff, 0xff, 0xff, 0xff, 0xff, 0xff, 0xff, 0xff,
  0xff, 0xff, 0xff, 0xff, 0xff, 0xff, 0xff, 0xff, 0xff, 0xff, 0xff, 0xff,
  0xff, 0xff, 0xff, 0xff, 0xff, 0xff, 0x08, 0x53, 0x5c, 0x53, 0x5c, 0x53,
  0x53, 0x53, 0x53, 0x0a, 0x5c, 0x5c, 0x53, 0x53, 0x53, 0x53, 0x53, 0x53,
  0x5d, 0x5d, 0xa5, 0xa5, 0x5d, 0x5d, 0x5c, 0x54, 0x53, 0x53, 0x54, 0x54,
  0x5c, 0x5d, 0x9d, 0xa5, 0xa5, 0xa5, 0xa5, 0x9d, 0xa5, 0xa5, 0xa5, 0xa5,
  0xa6, 0xa5, 0xa6, 0xa6, 0xae, 0xaf, 0xb7, 0xb7, 0xb7, 0xaf, 0xaf, 0xaf,
  0xaf, 0xaf, 0xae, 0xa6, 0xa6, 0xa6, 0xa6, 0xa6, 0xa6, 0xa6, 0xa6, 0xaf,
  0xaf, 0xaf, 0xaf, 0xb7, 0xb7, 0xaf, 0xaf, 0xaf, 0xb7, 0xb7, 0xb7, 0xb7,
  0xb7, 0xb7, 0xb7, 0xaf, 0xaf, 0xaf, 0xa6, 0x65, 0x65, 0x65, 0x65, 0x65,
  0x5c, 0x53, 0x53, 0x53, 0x5d, 0x5d, 0x65, 0xa5, 0xae, 0xff, 0xff, 0xff,
  0xff, 0xff, 0xff, 0xff, 0xff, 0xff, 0xff, 0xff, 0xff, 0xff, 0xff, 0xff,
  0xff, 0xff, 0xff, 0xff, 0xff, 0xff, 0xff, 0xff, 0xff, 0xff, 0xff, 0xff,
  0xff, 0xff, 0xff, 0xff, 0xff, 0xff, 0xff, 0xff, 0xff, 0xff, 0xff, 0xff,
  0xff, 0xff, 0xff, 0xff, 0xff, 0xff, 0xff, 0xff, 0xff, 0xff, 0xff, 0xff,
  0x00, 0x00, 0xff, 0xff, 0xff, 0xff, 0xff, 0xff, 0xff, 0xff, 0xff, 0xff,
  0xff, 0xff, 0xff, 0xff, 0xff, 0xff, 0xff, 0xff, 0xff, 0xff, 0xff, 0xff,
  0xff, 0xff, 0xff, 0xff, 0xff, 0xff, 0xff, 0xff, 0xff, 0xff, 0xff, 0xff,
  0xff, 0xff, 0x07, 0x53, 0x5c, 0x53, 0x5c, 0x53, 0x53, 0x53, 0x53, 0x52,
  0x53, 0x5c, 0x53, 0x53, 0x53, 0x53, 0x53, 0x53, 0x5d, 0x5d, 0x5d, 0xa5,
  0xa5, 0x5d, 0x5d, 0x54, 0x4b, 0x4b, 0x53, 0x53, 0x53, 0x53, 0x54, 0x54,
  0x54, 0x5c, 0x5d, 0x5d, 0xa5, 0xa5, 0xa6, 0xa5, 0xa5, 0xa5, 0xa6, 0xa6,
  0xae, 0xaf, 0xb7, 0xb7, 0xaf, 0xaf, 0xaf, 0xaf, 0xaf, 0xa6, 0xa6, 0xa6,
  0xa6, 0xa6, 0xae, 0xaf, 0xaf, 0xaf, 0xaf, 0xaf, 0xaf, 0xb7, 0xb7, 0xaf,
  0xb7, 0xb7, 0xb7, 0xb7, 0xb7, 0xb7, 0xb7, 0xb7, 0xb7, 0xb7, 0xb7, 0xaf,
  0xaf, 0xa6, 0x66, 0x5d, 0x66, 0x65, 0x65, 0x5c, 0x53, 0x13, 0x0b, 0x5c,
  0x5d, 0x5d, 0x65, 0x65, 0xae, 0xff, 0xff, 0xff, 0xff, 0xff, 0xff, 0xff,
  0xff, 0xff, 0xff, 0xff, 0xff, 0xff, 0xff, 0xff, 0xff, 0xff, 0xff, 0xff,
  0xff, 0xff, 0xff, 0xff, 0xff, 0xff, 0xff, 0xff, 0xff, 0xff, 0xff, 0xff,
  0xff, 0xff, 0xff, 0xff, 0xff, 0xff, 0xff, 0xff, 0xff, 0xff, 0xff, 0xff,
  0xff, 0xff, 0xff, 0xff, 0xff, 0xff, 0xff, 0xff, 0x00, 0x00, 0xff, 0xff,
  0xff, 0xff, 0xff, 0xff, 0xff, 0xff, 0xff, 0xff, 0xff, 0xff, 0xff, 0xff,
  0xff, 0xff, 0xff, 0xff, 0xff, 0xff, 0xff, 0xff, 0xff, 0xff, 0xff, 0xff,
  0xff, 0xff, 0xff, 0xff, 0xff, 0xff, 0xff, 0xff, 0xff, 0xff, 0xa5, 0x53,
  0x5c, 0x53, 0x53, 0x53, 0x53, 0x53, 0x53, 0x0a, 0x0a, 0x5c, 0x5b, 0x53,
  0x53, 0x53, 0x53, 0x53, 0x5d, 0x5d, 0x5d, 0x65, 0xa5, 0xa5, 0x9d, 0x53,
  0x4a, 0x0a, 0x5b, 0x5c, 0x4a, 0x52, 0x53, 0x53, 0x53, 0x53, 0x54, 0x54,
  0x5c, 0x9d, 0xa5, 0xa5, 0xa6, 0xa5, 0xa5, 0xa6, 0xae, 0xaf, 0xb7, 0xb7,
  0xaf, 0xb7, 0xaf, 0xaf, 0xa6, 0xa6, 0xa6, 0xa6, 0xae, 0xaf, 0xaf, 0xaf,
  0xaf, 0xaf, 0xaf, 0xaf, 0xaf, 0xb7, 0xb7, 0xb7, 0xb7, 0xb7, 0xb7, 0xb7,
  0xaf, 0xaf, 0xb7, 0xb7, 0xb7, 0xaf, 0xaf, 0xaf, 0xaf, 0x66, 0x65, 0x65,
  0x65, 0x65, 0x65, 0x5c, 0x13, 0x53, 0x54, 0x5d, 0x5d, 0x5d, 0x65, 0x65,
  0x07, 0xff, 0xff, 0xff, 0xff, 0xff, 0xff, 0xff, 0xff, 0xff, 0xff, 0xff,
  0xff, 0xff, 0xff, 0xff, 0xff, 0xff, 0xff, 0xff, 0xff, 0xff, 0xff, 0xff,
  0xff, 0xff, 0xff, 0xff, 0xff, 0xff, 0xff, 0xff, 0xff, 0xff, 0xff, 0xff,
  0xff, 0xff, 0xff, 0xff, 0xff, 0xff, 0xff, 0xff, 0xff, 0xff, 0xff, 0xff,
  0xff, 0xff, 0xff, 0xff, 0x00, 0x00, 0xff, 0xff, 0xff, 0xff, 0xff, 0xff,
  0xff, 0xff, 0xff, 0xff, 0xff, 0xff, 0xff, 0xff, 0xff, 0xff, 0xff, 0xff,
  0xff, 0xff, 0xff, 0xff, 0xff, 0xff, 0xff, 0xff, 0xff, 0xff, 0xff, 0xff,
  0xff, 0xff, 0xff, 0xff, 0xff, 0xff, 0x9c, 0x5b, 0x5c, 0x53, 0x53, 0x53,
  0x53, 0x53, 0x53, 0x0a, 0x0a, 0x5b, 0x5c, 0x53, 0x53, 0x53, 0x53, 0x53,
  0x5c, 0xa5, 0x5d, 0x5d, 0x5d, 0xa5, 0xa5, 0x5c, 0x00, 0x0a, 0x52, 0x52,
  0x52, 0x49, 0x49, 0x52, 0x53, 0xa5, 0x5c, 0x53, 0x54, 0x5c, 0x5d, 0x9d,
  0xa5, 0xa5, 0xa6, 0xa6, 0xae, 0xaf, 0xb7, 0xb7, 0xb7, 0xb7, 0xaf, 0xaf,
  0xa6, 0xa6, 0xa6, 0xa6, 0xa6, 0xa6, 0xa6, 0xae, 0xae, 0xaf, 0xaf, 0xaf,
  0xaf, 0xb7, 0xb7, 0xb7, 0xb7, 0xb7, 0xb7, 0xaf, 0xaf, 0xb7, 0xb7, 0xb7,
  0xb7, 0xaf, 0xaf, 0xaf, 0xae, 0x65, 0x66, 0xa6, 0x65, 0xa6, 0x5c, 0x5c,
  0x13, 0x53, 0x5c, 0x65, 0x65, 0x5d, 0x65, 0x5c, 0x07, 0xff, 0xff, 0xff,
  0xff, 0xff, 0xff, 0xff, 0xff, 0xff, 0xff, 0xff, 0xff, 0xff, 0xff, 0xff,
  0xff, 0xff, 0xff, 0xff, 0xff, 0xff, 0xff, 0xff, 0xff, 0xff, 0xff, 0xff,
  0xff, 0xff, 0xff, 0xff, 0xff, 0xff, 0xff, 0xff, 0xff, 0xff, 0xff, 0xff,
  0xff, 0xff, 0xff, 0xff, 0xff, 0xff, 0xff, 0xff, 0xff, 0xff, 0xff, 0xff,
  0x00, 0x00, 0xff, 0xff, 0xff, 0xff, 0xff, 0xff, 0xff, 0xff, 0xff, 0xff,
  0xff, 0xff, 0xff, 0xff, 0xff, 0xff, 0xff, 0xff, 0xff, 0xff, 0xff, 0xff,
  0xff, 0xff, 0xff, 0xff, 0xff, 0xff, 0xff, 0xff, 0xff, 0xff, 0xff, 0xff,
  0xff, 0xf6, 0x5c, 0x5b, 0x5b, 0x53, 0x5b, 0x53, 0x53, 0x5c, 0x53, 0x0a,
  0x0a, 0x53, 0x5c, 0x53, 0x53, 0x53, 0x5c, 0x53, 0x5d, 0x5d, 0x5d, 0x5d,
  0x5d, 0xa5, 0xa5, 0xa5, 0x53, 0x00, 0x0a, 0x49, 0x49, 0x5b, 0x5b, 0x4a,
  0x52, 0x5c, 0x4a, 0x53, 0xa5, 0x9d, 0x5d, 0x5d, 0x5d, 0xa5, 0xa6, 0xae,
  0xaf, 0xaf, 0xb7, 0xb7, 0xb7, 0xb7, 0xa6, 0xa6, 0xa6, 0xa5, 0xa6, 0x9d,
  0x9d, 0x9d, 0x9d, 0x9d, 0x9d, 0xa5, 0xae, 0xaf, 0xaf, 0xaf, 0xaf, 0xb7,
  0xb7, 0xb7, 0xaf, 0xa6, 0xaf, 0xaf, 0xb7, 0xb7, 0xb7, 0xaf, 0xaf, 0xaf,
  0xa6, 0x5d, 0x66, 0x66, 0xa6, 0x65, 0x5c, 0x54, 0x53, 0x54, 0x65, 0x65,
  0x5d, 0x65, 0x65, 0x5c, 0x07, 0xff, 0xff, 0xff, 0xff, 0xff, 0xff, 0xff,
  0xff, 0xff, 0xff, 0xff, 0xff, 0xff, 0xff, 0xff, 0xff, 0xff, 0xff, 0xff,
  0xff, 0xff, 0xff, 0xff, 0xff, 0xff, 0xff, 0xff, 0xff, 0xff, 0xff, 0xff,
  0xff, 0xff, 0xff, 0xff, 0xff, 0xff, 0xff, 0xff, 0xff, 0xff, 0xff, 0xff,
  0xff, 0xff, 0xff, 0xff, 0xff, 0xff, 0xff, 0xff, 0x00, 0x00, 0xff, 0xff,
  0xff, 0xff, 0xff, 0xff, 0xff, 0xff, 0xff, 0xff, 0xff, 0xff, 0xff, 0xff,
  0xff, 0xff, 0xff, 0xff, 0xff, 0xff, 0xff, 0xff, 0xff, 0xff, 0xff, 0xff,
  0xff, 0xff, 0xff, 0xff, 0xff, 0xff, 0xff, 0xff, 0xff, 0xf6, 0x53, 0x53,
  0x53, 0x5c, 0x53, 0x53, 0x53, 0x5c, 0x53, 0x52, 0x0a, 0x0a, 0x5c, 0x53,
  0x53, 0x53, 0x5c, 0x53, 0x5d, 0x5d, 0x5d, 0x5c, 0x5d, 0xa5, 0xa5, 0xa5,
  0xa5, 0x53, 0x0a, 0x49, 0x4a, 0x4a, 0x49, 0x49, 0x0a, 0x0a, 0x53, 0x9c,
  0x5c, 0x5c, 0x5d, 0x5d, 0x5d, 0xa5, 0xa6, 0xae, 0xaf, 0xaf, 0xb7, 0xb7,
  0xb7, 0xae, 0x65, 0x5d, 0xa6, 0x5d, 0x53, 0x54, 0x5c, 0x5c, 0x5c, 0x9d,
  0x9d, 0x5c, 0x5d, 0x5d, 0xa6, 0xaf, 0xaf, 0xaf, 0xa6, 0x5d, 0xa6, 0xaf,
  0xaf, 0xb7, 0xb7, 0xb7, 0xaf, 0xaf, 0xaf, 0xae, 0x66, 0x5d, 0x66, 0x65,
  0x65, 0x5d, 0x5c, 0x54, 0x5c, 0x5d, 0x65, 0x65, 0x5d, 0x65, 0x65, 0x5c,
  0x07, 0xff, 0xff, 0xff, 0xff, 0xff, 0xff, 0xff, 0xff, 0xff, 0xff, 0xff,
  0xff, 0xff, 0xff, 0xff, 0xff, 0xff, 0xff, 0xff, 0xff, 0xff, 0xff, 0xff,
  0xff, 0xff, 0xff, 0xff, 0xff, 0xff, 0xff, 0xff, 0xff, 0xff, 0xff, 0xff,
  0xff, 0xff, 0xff, 0xff, 0xff, 0xff, 0xff, 0xff, 0xff, 0xff, 0xff, 0xff,
  0xff, 0xff, 0xff, 0xff, 0x00, 0x00, 0xff, 0xff, 0xff, 0xff, 0xff, 0xff,
  0xff, 0xff, 0xff, 0xff, 0xff, 0xff, 0xff, 0xff, 0xff, 0xff, 0xff, 0xff,
  0xff, 0xff, 0xff, 0xff, 0xff, 0xff, 0xff, 0xff, 0xff, 0xff, 0xff, 0xff,
  0xff, 0xff, 0xff, 0xff, 0xff, 0x08, 0x53, 0x5b, 0x53, 0x5b, 0x5b, 0x53,
  0x53, 0x5b, 0x53, 0x52, 0x0a, 0x0a, 0x5b, 0x5b, 0x53, 0x5c, 0x5c, 0x53,
  0x5d, 0x5d, 0x5d, 0x5c, 0x5d, 0xa5, 0xa5, 0xa6, 0xa5, 0xa5, 0x53, 0x4a,
  0x0a, 0x0a, 0x0a, 0x0a, 0x0a, 0x53, 0x5c, 0x5c, 0x9d, 0x5d, 0x5d, 0x5d,
  0xa5, 0xa6, 0xa6, 0xae, 0xaf, 0xaf, 0xb7, 0xb7, 0xb7, 0xaf, 0x5d, 0x5d,
  0x5d, 0x5d, 0x9d, 0x4b, 0x9c, 0x5c, 0x53, 0x52, 0x52, 0x53, 0x5c, 0xa6,
  0xa5, 0x5d, 0x5d, 0x54, 0x5c, 0xa6, 0xae, 0xaf, 0xaf, 0xb7, 0xb7, 0xb7,
  0xaf, 0xaf, 0xaf, 0xae, 0x65, 0x65, 0x66, 0x5d, 0x65, 0x5d, 0x5c, 0x5c,
  0x5d, 0xa5, 0x65, 0x65, 0x5d, 0x65, 0x5d, 0x5d, 0x08, 0xff, 0xff, 0xff,
  0xff, 0xff, 0xff, 0xff, 0xff, 0xff, 0xff, 0xff, 0xff, 0xff, 0xff, 0xff,
  0xff, 0xff, 0xff, 0xff, 0xff, 0xff, 0xff, 0xff, 0xff, 0xff, 0xff, 0xff,
  0xff, 0xff, 0xff, 0xff, 0xff, 0xff, 0xff, 0xff, 0xff, 0xff, 0xff, 0xff,
  0xff, 0xff, 0xff, 0xff, 0xff, 0xff, 0xff, 0xff, 0xff, 0xff, 0xff, 0xff,
  0x00, 0x00, 0xff, 0xff, 0xff, 0xff, 0xff, 0xff, 0xff, 0xff, 0xff, 0xff,
  0xff, 0xff, 0xff, 0xff, 0xff, 0xff, 0xff, 0xff, 0xff, 0xff, 0xff, 0xff,
  0xff, 0xff, 0xff, 0xff, 0xff, 0xff, 0xff, 0xff, 0xff, 0xff, 0xff, 0xff,
  0xff, 0x07, 0x53, 0x5b, 0x53, 0x5c, 0x5b, 0x53, 0x5c, 0x53, 0x53, 0x52,
  0x0a, 0x0a, 0x53, 0x5b, 0x53, 0x53, 0x5c, 0x53, 0x5c, 0x5d, 0x5d, 0x5c,
  0x5c, 0xa5, 0xa5, 0xa6, 0xa6, 0xa6, 0xa5, 0x9d, 0x5c, 0x5c, 0x54, 0x5c,
  0x5c, 0x5c, 0x5d, 0x5d, 0xa5, 0xa5, 0xa5, 0xa5, 0xa5, 0xa6, 0xa6, 0xae,
  0xaf, 0xaf, 0xb7, 0xb7, 0xb7, 0xaf, 0x5d, 0xa5, 0xa5, 0x5d, 0x5c, 0x9c,
  0x53, 0x4a, 0x52, 0x5b, 0x49, 0x52, 0x5b, 0xf7, 0xa4, 0x0a, 0x0a, 0x0a,
  0x5d, 0xae, 0xb7, 0xb7, 0xb7, 0xaf, 0xb7, 0xaf, 0xae, 0xaf, 0xae, 0xae,
  0x5d, 0x65, 0x66, 0x5d, 0x65, 0x65, 0x5c, 0x5c, 0x65, 0xa6, 0xa6, 0x5d,
  0x65, 0x5d, 0x65, 0x65, 0x08, 0xff, 0xff, 0xff, 0xff, 0xff, 0xff, 0xff,
  0xff, 0xff, 0xff, 0xff, 0xff, 0xff, 0xff, 0xff, 0xff, 0xff, 0xff, 0xff,
  0xff, 0xff, 0xff, 0xff, 0xff, 0xff, 0xff, 0xff, 0xff, 0xff, 0xff, 0xff,
  0xff, 0xff, 0xff, 0xff, 0xff, 0xff, 0xff, 0xff, 0xff, 0xff, 0xff, 0xff,
  0xff, 0xff, 0xff, 0xff, 0xff, 0xff, 0xff, 0xff, 0x00, 0x00, 0xff, 0xff,
  0xff, 0xff, 0xff, 0xff, 0xff, 0xff, 0xff, 0xff, 0xff, 0xff, 0xff, 0xff,
  0xff, 0xff, 0xff, 0xff, 0xff, 0xff, 0xff, 0xff, 0xff, 0xff, 0xff, 0xff,
  0xff, 0xff, 0xff, 0xff, 0xff, 0xff, 0xff, 0xff, 0xff, 0xf7, 0x53, 0x53,
  0x53, 0x5c, 0x5b, 0x53, 0x53, 0x53, 0x53, 0x53, 0x4a, 0x0a, 0x52, 0x5c,
  0x53, 0x53, 0x5c, 0x54, 0x5c, 0x5d, 0x5d, 0x5d, 0x54, 0x5d, 0xa5, 0xa5,
  0xa6, 0xa6, 0xa6, 0xa5, 0xa5, 0xa5, 0xa5, 0x9d, 0x5d, 0x9d, 0xa5, 0xa5,
  0xa6, 0xa6, 0xa6, 0xa5, 0xa5, 0xa6, 0xa6, 0xae, 0xaf, 0xaf, 0xaf, 0xb7,
  0xb7, 0xae, 0xa5, 0xa5, 0xa5, 0xa5, 0x5c, 0x5d, 0x53, 0x4a, 0x4a, 0x52,
  0x52, 0x4a, 0x4a, 0x4a, 0x0a, 0x53, 0x53, 0xae, 0xaf, 0xb7, 0xb7, 0xb7,
  0xb7, 0xb7, 0xaf, 0xaf, 0x66, 0xaf, 0xa6, 0xaf, 0x5d, 0x66, 0x65, 0x5d,
  0x65, 0x65, 0x5d, 0x5c, 0xa6, 0xa6, 0x65, 0x5d, 0x5d, 0x65, 0x65, 0x65,
  0x08, 0xff, 0xff, 0xff, 0xff, 0xff, 0xff, 0xff, 0xff, 0xff, 0xff, 0xff,
  0xff, 0xff, 0xff, 0xff, 0xff, 0xff, 0xff, 0xff, 0xff, 0xff, 0xff, 0xff,
  0xff, 0xff, 0xff, 0xff, 0xff, 0xff, 0xff, 0xff, 0xff, 0xff, 0xff, 0xff,
  0xff, 0xff, 0xff, 0xff, 0xff, 0xff, 0xff, 0xff, 0xff, 0xff, 0xff, 0xff,
  0xff, 0xff, 0xff, 0xff, 0x00, 0x00, 0xff, 0xff, 0xff, 0xff, 0xff, 0xff,
  0xff, 0xff, 0xff, 0xff, 0xff, 0xff, 0xff, 0xff, 0xff, 0xff, 0xff, 0xff,
  0xff, 0xff, 0xff, 0xff, 0xff, 0xff, 0xff, 0xff, 0xff, 0xff, 0xff, 0xff,
  0xff, 0xff, 0xff, 0xff, 0xff, 0xad, 0x53, 0x53, 0x53, 0x5c, 0x5b, 0x5b,
  0x53, 0x53, 0x53, 0x53, 0x4a, 0x52, 0x0a, 0x5b, 0x5b, 0x5b, 0x5c, 0x5c,
  0x5c, 0x5d, 0x5d, 0x5d, 0x5c, 0x54, 0x5d, 0xa5, 0xa6, 0xa6, 0xae, 0xae,
  0xa6, 0xa5, 0x5d, 0x5d, 0x5d, 0x5d, 0x5d, 0xa5, 0xa5, 0x5d, 0x5d, 0x5d,
  0xa5, 0xa6, 0xa6, 0xae, 0xaf, 0xaf, 0xaf, 0xaf, 0xaf, 0xaf, 0xa6, 0xa6,
  0xa6, 0xa6, 0xa5, 0x5c, 0x5c, 0x53, 0x4a, 0x4a, 0x4a, 0x52, 0x4b, 0x0a,
  0x53, 0xa5, 0xaf, 0xaf, 0xb7, 0xb7, 0xb7, 0xb7, 0xb7, 0xb7, 0xaf, 0xaf,
  0x66, 0xb7, 0xae, 0xaf, 0x5d, 0xa6, 0x5d, 0x65, 0x65, 0x65, 0x65, 0x5d,
  0xae, 0xa6, 0x65, 0x65, 0x5d, 0x65, 0x65, 0x65, 0x08, 0xff, 0xff, 0xff,
  0xff, 0xff, 0xff, 0xff, 0xff, 0xff, 0xff, 0xff, 0xff, 0xff, 0xff, 0xff,
  0xff, 0xff, 0xff, 0xff, 0xff, 0xff, 0xff, 0xff, 0xff, 0xff, 0xff, 0xff,
  0xff, 0xff, 0xff, 0xff, 0xff, 0xff, 0xff, 0xff, 0xff, 0xff, 0xff, 0xff,
  0xff, 0xff, 0xff, 0xff, 0xff, 0xff, 0xff, 0xff, 0xff, 0xff, 0xff, 0xff,
  0x00, 0x00, 0xff, 0xff, 0xff, 0xff, 0xff, 0xff, 0xff, 0xff, 0xff, 0xff,
  0xff, 0xff, 0xff, 0xff, 0xff, 0xff, 0xff, 0xff, 0xff, 0xff, 0xff, 0xff,
  0xff, 0xff, 0xff, 0xff, 0xff, 0xff, 0xff, 0xff, 0xff, 0xff, 0xff, 0xff,
  0xff, 0x07, 0x53, 0x53, 0x53, 0x5c, 0x5c, 0x5b, 0x53, 0x53, 0x5b, 0x53,
  0x52, 0x52, 0x0a, 0x53, 0x5b, 0x5b, 0x5c, 0x5c, 0x5c, 0x5d, 0xa5, 0x65,
  0x5d, 0x5c, 0x54, 0x5c, 0x5d, 0xa5, 0xa6, 0xae, 0xae, 0xa6, 0xa6, 0xa5,
  0x5d, 0x5c, 0x54, 0x5c, 0x5c, 0x5c, 0x5d, 0x5d, 0xa5, 0xa6, 0xa6, 0xae,
  0xaf, 0xaf, 0xaf, 0xb7, 0xaf, 0xae, 0xa6, 0xa6, 0xae, 0xa6, 0xa6, 0xa5,
  0x5c, 0x5c, 0x9d, 0x54, 0x5c, 0x5c, 0x5c, 0x5d, 0xaf, 0xaf, 0xaf, 0xb7,
  0xb7, 0xb7, 0xb7, 0xb7, 0xb7, 0xb7, 0xaf, 0xa6, 0x66, 0xaf, 0xa6, 0xae,
  0x5d, 0x66, 0x5d, 0x65, 0xa5, 0xa5, 0x5d, 0xa5, 0xae, 0xae, 0x65, 0x65,
  0x5d, 0xa6, 0xa5, 0xa5, 0x07, 0xff, 0xff, 0xff, 0xff, 0xff, 0xff, 0xff,
  0xff, 0xff, 0xff, 0xff, 0xff, 0xff, 0xff, 0xff, 0xff, 0xff, 0xff, 0xff,
  0xff, 0xff, 0xff, 0xff, 0xff, 0xff, 0xff, 0xff, 0xff, 0xff, 0xff, 0xff,
  0xff, 0xff, 0xff, 0xff, 0xff, 0xff, 0xff, 0xff, 0xff, 0xff, 0xff, 0xff,
  0xff, 0xff, 0xff, 0xff, 0xff, 0xff, 0xff, 0xff, 0x00, 0x00, 0xff, 0xff,
  0xff, 0xff, 0xff, 0xff, 0xff, 0xff, 0xff, 0xff, 0xff, 0xff, 0xff, 0xff,
  0xff, 0xff, 0xff, 0xff, 0xff, 0xff, 0xff, 0xff, 0xff, 0xff, 0xff, 0xff,
  0xff, 0xff, 0xff, 0xff, 0xff, 0xff, 0xff, 0xff, 0xff, 0x07, 0x53, 0x53,
  0x53, 0x5c, 0x5c, 0x5b, 0x53, 0x53, 0x5b, 0x53, 0x52, 0x52, 0x0a, 0x53,
  0x5b, 0x5b, 0x5c, 0x5c, 0x5c, 0x5d, 0xa5, 0x65, 0x5d, 0x5c, 0x54, 0x5c,
  0x5d, 0xa5, 0xa6, 0xae, 0xae, 0xa6, 0xa6, 0xa5, 0x5d, 0x5c, 0x54, 0x5c,
  0x5c, 0x5c, 0x5d, 0x5d, 0xa5, 0xa6, 0xa6, 0xae, 0xaf, 0xaf, 0xaf, 0xb7,
  0xaf, 0xae, 0xa6, 0xa6, 0xae, 0xa6, 0xa6, 0xa5, 0x5c, 0x5c, 0x9d, 0x54,
  0x5c, 0x5c, 0x5c, 0x5d, 0xaf, 0xaf, 0xaf, 0xb7, 0xb7, 0xb7, 0xb7, 0xb7,
  0xb7, 0xb7, 0xaf, 0xa6, 0x66, 0xaf, 0xa6, 0xae, 0x5d, 0x66, 0x5d, 0x65,
  0xa5, 0xa5, 0x5d, 0xa5, 0xae, 0xae, 0x65, 0x65, 0x5d, 0xa6, 0xa5, 0xa5,
  0x07, 0xff, 0xff, 0xff, 0xff, 0xff, 0xff, 0xff, 0xff, 0xff, 0xff, 0xff,
  0xff, 0xff, 0xff, 0xff, 0xff, 0xff, 0xff, 0xff, 0xff, 0xff, 0xff, 0xff,
  0xff, 0xff, 0xff, 0xff, 0xff, 0xff, 0xff, 0xff, 0xff, 0xff, 0xff, 0xff,
  0xff, 0xff, 0xff, 0xff, 0xff, 0xff, 0xff, 0xff, 0xff, 0xff, 0xff, 0xff,
  0xff, 0xff, 0xff, 0xff, 0x00, 0x00, 0xff, 0xff, 0xff, 0xff, 0xff, 0xff,
  0xff, 0xff, 0xff, 0xff, 0xff, 0xff, 0xff, 0xff, 0xff, 0xff, 0xff, 0xff,
  0xff, 0xff, 0xff, 0xff, 0xff, 0xff, 0xff, 0xff, 0xff, 0xff, 0xff, 0xff,
  0xff, 0xff, 0xff, 0xff, 0xff, 0xf6, 0x53, 0x53, 0x53, 0x5c, 0x5c, 0x5c,
  0x53, 0x53, 0x53, 0x53, 0x52, 0x53, 0x0a, 0x4a, 0x5b, 0x5b, 0x5c, 0x5c,
  0x5d, 0x5d, 0x5d, 0x5d, 0x5d, 0xa5, 0x5d, 0x5c, 0x54, 0x54, 0x54, 0x5c,
  0x9d, 0x5d, 0x5d, 0x5c, 0x54, 0x54, 0x54, 0x54, 0x5c, 0x5c, 0x5d, 0x65,
  0xa6, 0xa6, 0xae, 0xaf, 0xaf, 0xaf, 0xaf, 0xaf, 0xa6, 0xa6, 0x65, 0x65,
  0x65, 0x65, 0xa6, 0xa6, 0xa6, 0xa5, 0xa5, 0xa5, 0xa5, 0xae, 0xaf, 0xaf,
  0xaf, 0xb7, 0xb7, 0xb7, 0xb7, 0xb7, 0xb7, 0xaf, 0xb7, 0xaf, 0xaf, 0x65,
  0xae, 0xaf, 0xae, 0xa6, 0x5d, 0xa6, 0x5d, 0xa6, 0x65, 0x65, 0x65, 0xa6,
  0xae, 0xa6, 0x5d, 0x5d, 0xa6, 0xa6, 0xae, 0xae, 0x07, 0xff, 0xff, 0xff,
  0xff, 0xff, 0xff, 0xff, 0xff, 0xff, 0xff, 0xff, 0xff, 0xff, 0xff, 0xff,
  0xff, 0xff, 0xff, 0xff, 0xff, 0xff, 0xff, 0xff, 0xff, 0xff, 0xff, 0xff,
  0xff, 0xff, 0xff, 0xff, 0xff, 0xff, 0xff, 0xff, 0xff, 0xff, 0xff, 0xff,
  0xff, 0xff, 0xff, 0xff, 0xff, 0xff, 0xff, 0xff, 0xff, 0xff, 0xff, 0xff,
  0x00, 0x00, 0xff, 0xff, 0xff, 0xff, 0xff, 0xff, 0xff, 0xff, 0xff, 0xff,
  0xff, 0xff, 0xff, 0xff, 0xff, 0xff, 0xff, 0xff, 0xff, 0xff, 0xff, 0xff,
  0xff, 0xff, 0xff, 0xff, 0xff, 0xff, 0xff, 0xff, 0xff, 0xff, 0xff, 0xff,
  0xff, 0xf6, 0x5b, 0x53, 0x53, 0x5c, 0x5c, 0x5c, 0x53, 0x53, 0x53, 0x53,
  0x53, 0x53, 0x0a, 0x4a, 0x53, 0x5c, 0x5c, 0x5c, 0x5d, 0x5d, 0x5d, 0x65,
  0x65, 0x65, 0xa5, 0x5d, 0x5d, 0x5c, 0x54, 0x53, 0x53, 0x53, 0x53, 0x53,
  0x53, 0x53, 0x54, 0x5c, 0x5c, 0x5d, 0x65, 0x65, 0xa6, 0xa6, 0xae, 0xaf,
  0xaf, 0xaf, 0xaf, 0xa6, 0xa6, 0xa6, 0xa5, 0x5d, 0x5d, 0x5d, 0x5d, 0xa6,
  0xa6, 0xa6, 0xa6, 0xae, 0xae, 0xaf, 0xae, 0xb7, 0xb7, 0xb7, 0xb7, 0xb7,
  0xb7, 0xb7, 0xb7, 0xb7, 0xaf, 0xaf, 0xaf, 0x65, 0xae, 0xae, 0xaf, 0x66,
  0x5d, 0xa6, 0x5d, 0xa6, 0x5d, 0xa5, 0xa5, 0xa6, 0xae, 0x5d, 0x5c, 0xa6,
  0xae, 0x65, 0xae, 0xae, 0x07, 0xff, 0xff, 0xff, 0xff, 0xff, 0xff, 0xff,
  0xff, 0xff, 0xff, 0xff, 0xff, 0xff, 0xff, 0xff, 0xff, 0xff, 0xff, 0xff,
  0xff, 0xff, 0xff, 0xff, 0xff, 0xff, 0xff, 0xff, 0xff, 0xff, 0xff, 0xff,
  0xff, 0xff, 0xff, 0xff, 0xff, 0xff, 0xff, 0xff, 0xff, 0xff, 0xff, 0xff,
  0xff, 0xff, 0xff, 0xff, 0xff, 0xff, 0xff, 0xff, 0x00, 0x00, 0xff, 0xff,
  0xff, 0xff, 0xff, 0xff, 0xff, 0xff, 0xff, 0xff, 0xff, 0xff, 0xff, 0xff,
  0xff, 0xff, 0xff, 0xff, 0xff, 0xff, 0xff, 0xff, 0xff, 0xff, 0xff, 0xff,
  0xff, 0xff, 0xff, 0xff, 0xff, 0xff, 0xff, 0xff, 0xff, 0xff, 0x9c, 0x53,
  0x53, 0x5c, 0x5c, 0x5c, 0x53, 0x53, 0x53, 0x53, 0x53, 0x53, 0x0a, 0x0a,
  0x53, 0x5b, 0x5c, 0x5c, 0x5d, 0x65, 0x5d, 0x5d, 0x65, 0x65, 0xa5, 0xa6,
  0xa5, 0xa5, 0x5d, 0x9d, 0xa5, 0x9d, 0x5d, 0x5d, 0x5d, 0x5c, 0x5c, 0x5d,
  0xa5, 0xa5, 0xa6, 0xae, 0xae, 0xa6, 0xaf, 0xaf, 0xaf, 0xaf, 0xaf, 0xa6,
  0xa6, 0x5d, 0x5d, 0x5d, 0x5d, 0x5d, 0x5d, 0xa5, 0xa6, 0xa6, 0xa6, 0xae,
  0xaf, 0xaf, 0xaf, 0xb7, 0xb7, 0xaf, 0xaf, 0xaf, 0xaf, 0xaf, 0xaf, 0xb7,
  0xaf, 0xae, 0xaf, 0x65, 0xaf, 0xa6, 0xae, 0x65, 0x5d, 0x66, 0x5d, 0xae,
  0x5d, 0xa6, 0xa5, 0xae, 0xa6, 0x5c, 0x5d, 0xaf, 0xa6, 0xae, 0xae, 0xa5,
  0x07, 0xff, 0xff, 0xff, 0xff, 0xff, 0xff, 0xff, 0xff, 0xff, 0xff, 0xff,
  0xff, 0xff, 0xff, 0xff, 0xff, 0xff, 0xff, 0xff, 0xff, 0xff, 0xff, 0xff,
  0xff, 0xff, 0xff, 0xff, 0xff, 0xff, 0xff, 0xff, 0xff, 0xff, 0xff, 0xff,
  0xff, 0xff, 0xff, 0xff, 0xff, 0xff, 0xff, 0xff, 0xff, 0xff, 0xff, 0xff,
  0xff, 0xff, 0xff, 0xff, 0x00, 0x00, 0xff, 0xff, 0xff, 0xff, 0xff, 0xff,
  0xff, 0xff, 0xff, 0xff, 0xff, 0xff, 0xff, 0xff, 0xff, 0xff, 0xff, 0xff,
  0xff, 0xff, 0xff, 0xff, 0xff, 0xff, 0xff, 0xff, 0xff, 0xff, 0xff, 0xff,
  0xff, 0xff, 0xff, 0xff, 0xff, 0xff, 0xf7, 0x53, 0x53, 0x5c, 0x5c, 0x5c,
  0x53, 0x53, 0x53, 0x53, 0x53, 0x53, 0x0a, 0x0a, 0x53, 0x5c, 0x5c, 0x5c,
  0x5c, 0x5d, 0x65, 0xa5, 0xa5, 0x65, 0x65, 0xa5, 0xa6, 0xa6, 0xa6, 0xa6,
  0xa6, 0xa6, 0xa6, 0xae, 0xae, 0xae, 0xae, 0xa6, 0xa6, 0xae, 0xae, 0xae,
  0xae, 0xae, 0xaf, 0xaf, 0xaf, 0xb7, 0xaf, 0xae, 0xae, 0xa6, 0xa5, 0x5d,
  0x5d, 0x5d, 0x54, 0x5d, 0xa5, 0xa5, 0xa6, 0xae, 0xae, 0xaf, 0xaf, 0xaf,
  0xaf, 0xae, 0xae, 0xa6, 0xae, 0xaf, 0xb7, 0xaf, 0xaf, 0xa6, 0xaf, 0xa5,
  0xaf, 0xa6, 0xae, 0x5d, 0x5d, 0x65, 0x5d, 0xae, 0x5c, 0xa6, 0xae, 0xae,
  0x65, 0x5c, 0xaf, 0xae, 0xa6, 0xae, 0xae, 0xa5, 0x07, 0xff, 0xff, 0xff,
  0xff, 0xff, 0xff, 0xff, 0xff, 0xff, 0xff, 0xff, 0xff, 0xff, 0xff, 0xff,
  0xff, 0xff, 0xff, 0xff, 0xff, 0xff, 0xff, 0xff, 0xff, 0xff, 0xff, 0xff,
  0xff, 0xff, 0xff, 0xff, 0xff, 0xff, 0xff, 0xff, 0xff, 0xff, 0xff, 0xff,
  0xff, 0xff, 0xff, 0xff, 0xff, 0xff, 0xff, 0xff, 0xff, 0xff, 0xff, 0xff,
  0x00, 0x00, 0xff, 0xff, 0xff, 0xff, 0xff, 0xff, 0xff, 0xff, 0xff, 0xff,
  0xff, 0xff, 0xff, 0xff, 0xff, 0xff, 0xff, 0xff, 0xff, 0xff, 0xff, 0xff,
  0xff, 0xff, 0xff, 0xff, 0xff, 0xff, 0xff, 0xff, 0xff, 0xff, 0xff, 0xff,
  0xff, 0xff, 0x07, 0x53, 0x53, 0x5c, 0x5c, 0x5c, 0x5c, 0x53, 0x53, 0x53,
  0x53, 0x53, 0x53, 0x0a, 0x4a, 0x5c, 0x53, 0x5c, 0x5c, 0x65, 0xa5, 0xa5,
  0xa5, 0xa5, 0xa5, 0xa5, 0xa5, 0xa6, 0xa6, 0xa6, 0xa6, 0xa6, 0xa6, 0xa6,
  0xae, 0xae, 0xae, 0xae, 0xae, 0xaf, 0xae, 0xae, 0xaf, 0xae, 0xaf, 0xaf,
  0xaf, 0xaf, 0xaf, 0xae, 0xaf, 0xaf, 0xae, 0xa6, 0x65, 0x65, 0x5d, 0x54,
  0x5c, 0x5d, 0x5d, 0x5d, 0x5d, 0x5d, 0x65, 0xa6, 0xa6, 0xa6, 0xa6, 0xa6,
  0xb7, 0xb7, 0xb7, 0xaf, 0xa6, 0xa6, 0xaf, 0xa5, 0xae, 0x66, 0xae, 0x5d,
  0x5d, 0x65, 0x65, 0xae, 0x5c, 0xa5, 0xa6, 0xa6, 0x5d, 0xae, 0xaf, 0xae,
  0xae, 0xae, 0xae, 0xa5, 0x08, 0xff, 0xff, 0xff, 0xff, 0xff, 0xff, 0xff,
  0xff, 0xff, 0xff, 0xff, 0xff, 0xff, 0xff, 0xff, 0xff, 0xff, 0xff, 0xff,
  0xff, 0xff, 0xff, 0xff, 0xff, 0xff, 0xff, 0xff, 0xff, 0xff, 0xff, 0xff,
  0xff, 0xff, 0xff, 0xff, 0xff, 0xff, 0xff, 0xff, 0xff, 0xff, 0xff, 0xff,
  0xff, 0xff, 0xff, 0xff, 0xff, 0xff, 0xff, 0xff, 0x00, 0x00, 0xff, 0xff,
  0xff, 0xff, 0xff, 0xff, 0xff, 0xff, 0xff, 0xff, 0xff, 0xff, 0xff, 0xff,
  0xff, 0xff, 0xff, 0xff, 0xff, 0xff, 0xff, 0xff, 0xff, 0xff, 0xff, 0xff,
  0xff, 0xff, 0xff, 0xff, 0xff, 0xff, 0xff, 0xff, 0xff, 0xff, 0xf6, 0x53,
  0x5c, 0x5c, 0x5c, 0x5b, 0x5c, 0x53, 0x53, 0x53, 0x53, 0x52, 0x53, 0x52,
  0x4a, 0x5b, 0x5c, 0x5c, 0x5d, 0x5d, 0xa5, 0x65, 0x65, 0xa5, 0xa6, 0xa6,
  0xa6, 0xa6, 0xa6, 0xa6, 0xa6, 0xae, 0xae, 0xa6, 0xae, 0xae, 0xae, 0xae,
  0xaf, 0xaf, 0xaf, 0xae, 0xaf, 0xaf, 0xaf, 0xaf, 0xaf, 0xaf, 0xaf, 0xae,
  0xaf, 0xaf, 0xaf, 0xaf, 0xaf, 0xae, 0xa6, 0xa5, 0x5d, 0x5d, 0x5d, 0x5d,
  0x5d, 0x65, 0xa6, 0xa6, 0xa6, 0xae, 0xaf, 0xb7, 0xb7, 0xb7, 0xaf, 0xae,
  0xa6, 0xa6, 0xaf, 0xa6, 0xae, 0x65, 0xa6, 0x5d, 0x65, 0x65, 0x65, 0xa6,
  0x5c, 0xa6, 0xa5, 0x65, 0x65, 0xb7, 0xae, 0xae, 0xae, 0xaf, 0xae, 0xa5,
  0x08, 0xff, 0xff, 0xff, 0xff, 0xff, 0xff, 0xff, 0xff, 0xff, 0xff, 0xff,
  0xff, 0xff, 0xff, 0xff, 0xff, 0xff, 0xff, 0xff, 0xff, 0xff, 0xff, 0xff,
  0xff, 0xff, 0xff, 0xff, 0xff, 0xff, 0xff, 0xff, 0xff, 0xff, 0xff, 0xff,
  0xff, 0xff, 0xff, 0xff, 0xff, 0xff, 0xff, 0xff, 0xff, 0xff, 0xff, 0xff,
  0xff, 0xff, 0xff, 0xff, 0x00, 0x00, 0xff, 0xff, 0xff, 0xff, 0xff, 0xff,
  0xff, 0xff, 0xff, 0xff, 0xff, 0xff, 0xff, 0xff, 0xff, 0xff, 0xff, 0xff,
  0xff, 0xff, 0xff, 0xff, 0xff, 0xff, 0xff, 0xff, 0xff, 0xff, 0xff, 0xff,
  0xff, 0xff, 0xff, 0xff, 0xff, 0xff, 0xff, 0x5b, 0x5c, 0x5c, 0x5c, 0x5c,
  0x5c, 0x5b, 0x53, 0x53, 0x53, 0x52, 0x53, 0x52, 0x52, 0x53, 0x5c, 0x5c,
  0x5d, 0xa5, 0x65, 0xa5, 0xa5, 0xa6, 0xa6, 0xa6, 0xa6, 0xa6, 0xa6, 0xa6,
  0xa6, 0xa6, 0xa6, 0xa6, 0xa6, 0xa6, 0xae, 0xae, 0xae, 0xaf, 0xaf, 0xae,
  0xaf, 0xaf, 0xaf, 0xaf, 0xaf, 0xaf, 0xaf, 0xaf, 0xaf, 0xaf, 0xaf, 0xaf,
  0xaf, 0xaf, 0xaf, 0xb7, 0xef, 0xb7, 0xaf, 0xaf, 0xae, 0xae, 0xae, 0xaf,
  0xaf, 0xb7, 0xb7, 0xb7, 0xb7, 0xaf, 0xaf, 0xa6, 0xa6, 0xae, 0xaf, 0xa5,
  0xae, 0x65, 0xa6, 0x5d, 0xa6, 0x5d, 0xae, 0x65, 0x5d, 0xa5, 0xa5, 0x65,
  0xaf, 0xb7, 0xae, 0xae, 0xae, 0xae, 0xa5, 0xa5, 0x08, 0xff, 0xff, 0xff,
  0xff, 0xff, 0xff, 0xff, 0xff, 0xff, 0xff, 0xff, 0xff, 0xff, 0xff, 0xff,
  0xff, 0xff, 0xff, 0xff, 0xff, 0xff, 0xff, 0xff, 0xff, 0xff, 0xff, 0xff,
  0xff, 0xff, 0xff, 0xff, 0xff, 0xff, 0xff, 0xff, 0xff, 0xff, 0xff, 0xff,
  0xff, 0xff, 0xff, 0xff, 0xff, 0xff, 0xff, 0xff, 0xff, 0xff, 0xff, 0xff,
  0x00, 0x00, 0xff, 0xff, 0xff, 0xff, 0xff, 0xff, 0xff, 0xff, 0xff, 0xff,
  0xff, 0xff, 0xff, 0xff, 0xff, 0xff, 0xff, 0xff, 0xff, 0xff, 0xff, 0xff,
  0xff, 0xff, 0xff, 0xff, 0xff, 0xff, 0xff, 0xff, 0xff, 0xff, 0xff, 0xff,
  0xff, 0xff, 0xff, 0xa4, 0x5b, 0x5c, 0x5c, 0x5c, 0x5c, 0x5b, 0x53, 0x53,
  0x53, 0x53, 0x52, 0x52, 0x52, 0x53, 0x5b, 0x5c, 0x5d, 0x5d, 0x65, 0x65,
  0x65, 0xa6, 0xa6, 0xa6, 0xa5, 0xa6, 0xa6, 0xa6, 0xa6, 0xa6, 0xa6, 0xa6,
  0xa6, 0xa6, 0xae, 0xae, 0xae, 0xaf, 0xae, 0xae, 0xaf, 0xaf, 0xaf, 0xaf,
  0xaf, 0xaf, 0xaf, 0xaf, 0xaf, 0xaf, 0xaf, 0xaf, 0xaf, 0xaf, 0xb7, 0xb7,
  0xb7, 0xb7, 0xef, 0xb7, 0xb7, 0xb7, 0xb7, 0xaf, 0xb7, 0xb7, 0xb7, 0xb7,
  0xb7, 0xaf, 0xa6, 0xa6, 0xa6, 0xa6, 0xaf, 0xa6, 0xae, 0xa6, 0x66, 0x65,
  0x65, 0x5d, 0xae, 0x5c, 0x65, 0x5d, 0x65, 0xae, 0xb7, 0xae, 0xae, 0xae,
  0xae, 0xae, 0xae, 0xa5, 0xf6, 0xff, 0xff, 0xff, 0xff, 0xff, 0xff, 0xff,
  0xff, 0xff, 0xff, 0xff, 0xff, 0xff, 0xff, 0xff, 0xff, 0xff, 0xff, 0xff,
  0xff, 0xff, 0xff, 0xff, 0xff, 0xff, 0xff, 0xff, 0xff, 0xff, 0xff, 0xff,
  0xff, 0xff, 0xff, 0xff, 0xff, 0xff, 0xff, 0xff, 0xff, 0xff, 0xff, 0xff,
  0xff, 0xff, 0xff, 0xff, 0xff, 0xff, 0xff, 0xff, 0x00, 0x00, 0xff, 0xff,
  0xff, 0xff, 0xff, 0xff, 0xff, 0xff, 0xff, 0xff, 0xff, 0xff, 0xff, 0xff,
  0xff, 0xff, 0xff, 0xff, 0xff, 0xff, 0xff, 0xff, 0xff, 0xff, 0xff, 0xff,
  0xff, 0xff, 0xff, 0xff, 0xff, 0xff, 0xff, 0xff, 0xff, 0xff, 0xff, 0xad,
  0x5c, 0x5c, 0x5c, 0x5c, 0x5c, 0x5c, 0x53, 0x53, 0x53, 0x53, 0x52, 0x52,
  0x4a, 0x53, 0x53, 0x5b, 0x5c, 0x5d, 0x5d, 0x65, 0x65, 0xa6, 0xa6, 0xa6,
  0xa6, 0xa6, 0xa6, 0xa6, 0xa6, 0xa6, 0xa6, 0xa6, 0xa6, 0xae, 0xae, 0xa6,
  0xae, 0xae, 0xaf, 0xae, 0xaf, 0xaf, 0xaf, 0xaf, 0xaf, 0xaf, 0xaf, 0xaf,
  0xaf, 0xaf, 0xaf, 0xaf, 0xaf, 0xaf, 0xb7, 0xaf, 0xaf, 0xb7, 0xb7, 0xb7,
  0xb7, 0xb7, 0xb7, 0xb7, 0xb7, 0xb7, 0xb7, 0xb7, 0xaf, 0xa6, 0xa6, 0x66,
  0xa6, 0xa6, 0xaf, 0xa6, 0xae, 0xa6, 0xa6, 0x5d, 0x5d, 0x5d, 0xae, 0x5d,
  0x65, 0x5c, 0xae, 0xb7, 0xb7, 0xae, 0xae, 0xae, 0xaf, 0x65, 0xae, 0xa5,
  0xff, 0xff, 0xff, 0xff, 0xff, 0xff, 0xff, 0xff, 0xff, 0xff, 0xff, 0xff,
  0xff, 0xff, 0xff, 0xff, 0xff, 0xff, 0xff, 0xff, 0xff, 0xff, 0xff, 0xff,
  0xff, 0xff, 0xff, 0xff, 0xff, 0xff, 0xff, 0xff, 0xff, 0xff, 0xff, 0xff,
  0xff, 0xff, 0xff, 0xff, 0xff, 0xff, 0xff, 0xff, 0xff, 0xff, 0xff, 0xff,
  0xff, 0xff, 0xff, 0xff, 0x00, 0x00, 0xff, 0xff, 0xff, 0xff, 0xff, 0xff,
  0xff, 0xff, 0xff, 0xff, 0xff, 0xff, 0xff, 0xff, 0xff, 0xff, 0xff, 0xff,
  0xff, 0xff, 0xff, 0xff, 0xff, 0xff, 0xff, 0xff, 0xff, 0xff, 0xff, 0xff,
  0xff, 0xff, 0xff, 0xff, 0xff, 0xff, 0xff, 0x07, 0x5b, 0x5c, 0x64, 0x5c,
  0x5c, 0x5c, 0x53, 0x53, 0x52, 0x53, 0x53, 0x52, 0x4a, 0x4a, 0x53, 0x5c,
  0x54, 0x5d, 0x5d, 0x65, 0x65, 0xa5, 0xa6, 0xa6, 0xa6, 0xa6, 0xa6, 0xa6,
  0xa6, 0xa6, 0xa6, 0xa6, 0xa6, 0xa6, 0xa6, 0xa6, 0xa6, 0xae, 0xae, 0xae,
  0xae, 0xa6, 0xae, 0xaf, 0xaf, 0xaf, 0xaf, 0xaf, 0xaf, 0xaf, 0xaf, 0xaf,
  0xaf, 0xaf, 0xaf, 0xaf, 0xaf, 0xb7, 0xb7, 0xb7, 0xb7, 0xb7, 0xb7, 0xb7,
  0xb7, 0xb7, 0xb7, 0xaf, 0xa6, 0x66, 0xa6, 0xa6, 0xa6, 0xa6, 0xaf, 0xae,
  0xae, 0xae, 0xa6, 0x66, 0x5d, 0x65, 0xae, 0x5d, 0x5d, 0x65, 0xae, 0xb7,
  0xae, 0xae, 0xae, 0xae, 0xae, 0x65, 0xa5, 0xae, 0xff, 0xff, 0xff, 0xff,
  0xff, 0xff, 0xff, 0xff, 0xff, 0xff, 0xff, 0xff, 0xff, 0xff, 0xff, 0xff,
  0xff, 0xff, 0xff, 0xff, 0xff, 0xff, 0xff, 0xff, 0xff, 0xff, 0xff, 0xff,
  0xff, 0xff, 0xff, 0xff, 0xff, 0xff, 0xff, 0xff, 0xff, 0xff, 0xff, 0xff,
  0xff, 0xff, 0xff, 0xff, 0xff, 0xff, 0xff, 0xff, 0xff, 0xff, 0xff, 0xff,
  0x00, 0x00, 0xff, 0xff, 0xff, 0xff, 0xff, 0xff, 0xff, 0xff, 0xff, 0xff,
  0xff, 0xff, 0xff, 0xff, 0xff, 0xff, 0xff, 0xff, 0xff, 0xff, 0xff, 0xff,
  0xff, 0xff, 0xff, 0xff, 0xff, 0xff, 0xff, 0xff, 0xff, 0xff, 0xff, 0xff,
  0xff, 0xff, 0xff, 0x08, 0x5b, 0x64, 0x64, 0x5c, 0x5c, 0x5c, 0x5c, 0x53,
  0x53, 0x53, 0x53, 0x53, 0x53, 0x53, 0x53, 0x53, 0x54, 0x5c, 0x5d, 0x5d,
  0x65, 0xa6, 0xa6, 0xa5, 0xa5, 0xa6, 0xa6, 0xa6, 0xa6, 0xa6, 0xa6, 0xa6,
  0xa6, 0xa6, 0xa6, 0xa6, 0xa6, 0xa6, 0xae, 0xae, 0xae, 0xae, 0xa6, 0xaf,
  0xaf, 0xaf, 0xaf, 0xaf, 0xaf, 0xaf, 0xaf, 0xaf, 0xaf, 0xaf, 0xaf, 0xaf,
  0xaf, 0xb7, 0xb7, 0xb7, 0xb7, 0xb7, 0xb7, 0xb7, 0xaf, 0xaf, 0xaf, 0xa6,
  0x66, 0xa6, 0xa6, 0xa6, 0xa6, 0xa6, 0xaf, 0xae, 0xaf, 0xae, 0xa6, 0xa6,
  0x5c, 0xa6, 0xa6, 0x5d, 0x5c, 0xae, 0xb7, 0xae, 0xae, 0xae, 0xae, 0xae,
  0xa6, 0xae, 0xa5, 0x07, 0xff, 0xff, 0xff, 0xff, 0xff, 0xff, 0xff, 0xff,
  0xff, 0xff, 0xff, 0xff, 0xff, 0xff, 0xff, 0xff, 0xff, 0xff, 0xff, 0xff,
  0xff, 0xff, 0xff, 0xff, 0xff, 0xff, 0xff, 0xff, 0xff, 0xff, 0xff, 0xff,
  0xff, 0xff, 0xff, 0xff, 0xff, 0xff, 0xff, 0xff, 0xff, 0xff, 0xff, 0xff,
  0xff, 0xff, 0xff, 0xff, 0xff, 0xff, 0xff, 0xff, 0x00, 0x00, 0xff, 0xff,
  0xff, 0xff, 0xff, 0xff, 0xff, 0xff, 0xff, 0xff, 0xff, 0xff, 0xff, 0xff,
  0xff, 0xff, 0xff, 0xff, 0xff, 0xff, 0xff, 0xff, 0xff, 0xff, 0xff, 0xff,
  0xff, 0xff, 0xff, 0xff, 0xff, 0xff, 0xff, 0xff, 0xff, 0xff, 0xff, 0xf6,
  0xa4, 0x5c, 0x64, 0x5c, 0x5c, 0x5c, 0x5c, 0x53, 0x53, 0x53, 0x53, 0x53,
  0x53, 0x53, 0x53, 0x53, 0x5c, 0x5c, 0x5d, 0x5d, 0x65, 0xa5, 0xa6, 0xa6,
  0xa6, 0xa6, 0xa6, 0xa6, 0xa6, 0xa6, 0xa6, 0xa6, 0xa6, 0xa6, 0xa6, 0xa6,
  0xae, 0xae, 0xae, 0xae, 0xaf, 0xaf, 0xaf, 0xaf, 0xaf, 0xaf, 0xaf, 0xaf,
  0xaf, 0xaf, 0xaf, 0xaf, 0xaf, 0xaf, 0xb7, 0xaf, 0xb7, 0xb7, 0xb7, 0xb7,
  0xb7, 0xb7, 0xb7, 0xaf, 0xaf, 0xaf, 0xa6, 0x66, 0x66, 0xa6, 0xa6, 0xae,
  0x65, 0xae, 0xae, 0xae, 0xaf, 0xae, 0x66, 0x65, 0x5d, 0xae, 0x65, 0x5c,
  0xae, 0xb7, 0xae, 0xae, 0xa5, 0xae, 0xae, 0xa6, 0xa6, 0xae, 0xa5, 0xf6,
  0xff, 0xff, 0xff, 0xff, 0xff, 0xff, 0xff, 0xff, 0xff, 0xff, 0xff, 0xff,
  0xff, 0xff, 0xff, 0xff, 0xff, 0xff, 0xff, 0xff, 0xff, 0xff, 0xff, 0xff,
  0xff, 0xff, 0xff, 0xff, 0xff, 0xff, 0xff, 0xff, 0xff, 0xff, 0xff, 0xff,
  0xff, 0xff, 0xff, 0xff, 0xff, 0xff, 0xff, 0xff, 0xff, 0xff, 0xff, 0xff,
  0xff, 0xff, 0xff, 0xff, 0x00, 0x00, 0xff, 0xff, 0xff, 0xff, 0xff, 0xff,
  0xff, 0xff, 0xff, 0xff, 0xff, 0xff, 0xff, 0xff, 0xff, 0xff, 0xff, 0xff,
  0xff, 0xff, 0xff, 0xff, 0xff, 0xff, 0xff, 0xff, 0xff, 0xff, 0xff, 0xff,
  0xff, 0xff, 0xff, 0xff, 0xff, 0xff, 0xff, 0xff, 0xa5, 0x64, 0x64, 0x64,
  0x5c, 0x5c, 0x5c, 0x53, 0x53, 0x53, 0x53, 0x53, 0x53, 0x53, 0x53, 0x53,
  0x53, 0x54, 0x5c, 0x5d, 0xa5, 0x65, 0xa5, 0xa6, 0xa6, 0xa6, 0xa6, 0xa6,
  0xa6, 0xa6, 0xa6, 0xa6, 0xa6, 0xa6, 0xa6, 0xa6, 0xae, 0xa6, 0xa6, 0xae,
  0xae, 0xae, 0xae, 0xaf, 0xaf, 0xaf, 0xaf, 0xaf, 0xaf, 0xaf, 0xaf, 0xaf,
  0xaf, 0xaf, 0xaf, 0xaf, 0xb7, 0xb7, 0xb7, 0xb7, 0xb7, 0xb7, 0xb7, 0xaf,
  0xaf, 0xa6, 0xa6, 0x66, 0x66, 0xa6, 0x66, 0xae, 0xa5, 0xae, 0xaf, 0xaf,
  0xb7, 0xae, 0x65, 0x65, 0x5d, 0xa6, 0x65, 0x65, 0xaf, 0xae, 0xae, 0x65,
  0xaf, 0xae, 0xa6, 0xae, 0xae, 0xae, 0xae, 0xff, 0xff, 0xff, 0xff, 0xff,
  0xff, 0xff, 0xff, 0xff, 0xff, 0xff, 0xff, 0xff, 0xff, 0xff, 0xff, 0xff,
  0xff, 0xff, 0xff, 0xff, 0xff, 0xff, 0xff, 0xff, 0xff, 0xff, 0xff, 0xff,
  0xff, 0xff, 0xff, 0xff, 0xff, 0xff, 0xff, 0xff, 0xff, 0xff, 0xff, 0xff,
  0xff, 0xff, 0xff, 0xff, 0xff, 0xff, 0xff, 0xff, 0xff, 0xff, 0xff, 0xff,
  0x00, 0x00, 0xff, 0xff, 0xff, 0xff, 0xff, 0xff, 0xff, 0xff, 0xff, 0xff,
  0xff, 0xff, 0xff, 0xff, 0xff, 0xff, 0xff, 0xff, 0xff, 0xff, 0xff, 0xff,
  0xff, 0xff, 0xff, 0xff, 0xff, 0xff, 0xff, 0xff, 0xff, 0xff, 0xff, 0xff,
  0xff, 0xff, 0xff, 0xff, 0xf7, 0xa5, 0xa5, 0xa5, 0x5c, 0x5c, 0x5c, 0x5c,
  0x5c, 0x53, 0x53, 0x53, 0x53, 0x53, 0x53, 0x53, 0x53, 0x5c, 0x5c, 0x5d,
  0x5d, 0x65, 0x65, 0xa6, 0xa5, 0xa6, 0xa6, 0xa6, 0xa6, 0xa6, 0xa6, 0xa6,
  0xa6, 0xa6, 0xa6, 0xa6, 0xa6, 0xa6, 0xa6, 0xae, 0xae, 0xae, 0xae, 0xaf,
  0xaf, 0xaf, 0xaf, 0xaf, 0xaf, 0xaf, 0xaf, 0xaf, 0xaf, 0xaf, 0xaf, 0xb7,
  0xb7, 0xb7, 0xb7, 0xb7, 0xb7, 0xaf, 0xaf, 0xae, 0xa6, 0xa6, 0x66, 0xa6,
  0xa6, 0x65, 0x5d, 0xa6, 0xa6, 0xa5, 0xb7, 0xaf, 0xb7, 0xae, 0x65, 0x65,
  0x65, 0xa5, 0x65, 0xae, 0xae, 0xae, 0xa5, 0xae, 0xae, 0xae, 0xa6, 0xa6,
  0xae, 0xae, 0x08, 0xff, 0xff, 0xff, 0xff, 0xff, 0xff, 0xff, 0xff, 0xff,
  0xff, 0xff, 0xff, 0xff, 0xff, 0xff, 0xff, 0xff, 0xff, 0xff, 0xff, 0xff,
  0xff, 0xff, 0xff, 0xff, 0xff, 0xff, 0xff, 0xff, 0xff, 0xff, 0xff, 0xff,
  0xff, 0xff, 0xff, 0xff, 0xff, 0xff, 0xff, 0xff, 0xff, 0xff, 0xff, 0xff,
  0xff, 0xff, 0xff, 0xff, 0xff, 0xff, 0xff, 0xff, 0x00, 0x00, 0xff, 0xff,
  0xff, 0xff, 0xff, 0xff, 0xff, 0xff, 0xff, 0xff, 0xff, 0xff, 0xff, 0xff,
  0xff, 0xff, 0xff, 0xff, 0xff, 0xff, 0xff, 0xff, 0xff, 0xff, 0xff, 0xff,
  0xff, 0xff, 0xff, 0xff, 0xff, 0xff, 0xff, 0xff, 0xff, 0xff, 0xff, 0xff,
  0x07, 0xa4, 0xa5, 0x65, 0x65, 0x5c, 0x5c, 0x5c, 0x5c, 0x5c, 0x5c, 0x53,
  0x53, 0x53, 0x52, 0x52, 0x53, 0x54, 0x5c, 0x5c, 0x5d, 0x65, 0x65, 0xa6,
  0xa6, 0xa6, 0xa6, 0xa6, 0xa6, 0xa6, 0xa6, 0xa6, 0xa6, 0xa6, 0xa6, 0xa6,
  0xa6, 0xa6, 0xa6, 0xae, 0xae, 0xae, 0xae, 0xaf, 0xaf, 0xaf, 0xaf, 0xaf,
  0xaf, 0xaf, 0xaf, 0xaf, 0xaf, 0xaf, 0xaf, 0xaf, 0xaf, 0xaf, 0xb7, 0xb7,
  0xaf, 0xaf, 0xae, 0xa6, 0xa6, 0xa6, 0xa6, 0x66, 0x66, 0x66, 0x5d, 0x65,
  0xa6, 0xa5, 0xaf, 0xb7, 0xaf, 0xae, 0x65, 0x65, 0xae, 0xa6, 0x65, 0xae,
  0xae, 0xa5, 0x65, 0xae, 0xa5, 0xa5, 0xae, 0xae, 0xae, 0xad, 0xf6, 0xff,
  0xff, 0xff, 0xff, 0xff, 0xff, 0xff, 0xff, 0xff, 0xff, 0xff, 0xff, 0xff,
  0xff, 0xff, 0xff, 0xff, 0xff, 0xff, 0xff, 0xff, 0xff, 0xff, 0xff, 0xff,
  0xff, 0xff, 0xff, 0xff, 0xff, 0xff, 0xff, 0xff, 0xff, 0xff, 0xff, 0xff,
  0xff, 0xff, 0xff, 0xff, 0xff, 0xff, 0xff, 0xff, 0xff, 0xff, 0xff, 0xff,
  0xff, 0xff, 0xff, 0xff, 0x00, 0x00, 0xff, 0xff, 0xff, 0xff, 0xff, 0xff,
  0xff, 0xff, 0xff, 0xff, 0xff, 0xff, 0xff, 0xff, 0xff, 0xff, 0xff, 0xff,
  0xff, 0xff, 0xff, 0xff, 0xff, 0xff, 0xff, 0xff, 0xff, 0xff, 0xff, 0xff,
  0xff, 0xff, 0xff, 0xff, 0xff, 0xff, 0xff, 0xff, 0xf6, 0x5c, 0xa4, 0xa5,
  0x65, 0x65, 0x5c, 0x5c, 0x5c, 0x53, 0x53, 0x5c, 0x53, 0x53, 0x53, 0x53,
  0x4a, 0x53, 0x5c, 0x5c, 0x5c, 0x5d, 0x65, 0xa5, 0xa5, 0xa6, 0xa6, 0xa6,
  0xa6, 0xa6, 0xa6, 0xa6, 0xa6, 0xae, 0xa6, 0xa6, 0xa6, 0xa6, 0xae, 0xae,
  0xae, 0xae, 0xae, 0xaf, 0xaf, 0xaf, 0xaf, 0xaf, 0xaf, 0xaf, 0xaf, 0xaf,
  0xaf, 0xaf, 0xaf, 0xaf, 0xaf, 0xaf, 0xb7, 0xaf, 0xaf, 0xae, 0xa6, 0xa6,
  0xa6, 0xa6, 0x5d, 0x5e, 0x5d, 0xa6, 0x65, 0x5d, 0xae, 0xa6, 0xb7, 0xb7,
  0xaf, 0xa6, 0xa5, 0xa6, 0xae, 0xae, 0xa6, 0xae, 0xae, 0x5c, 0xa5, 0xa5,
  0xa5, 0xa6, 0xae, 0xae, 0xae, 0x07, 0xff, 0xff, 0xff, 0xff, 0xff, 0xff,
  0xff, 0xff, 0xff, 0xff, 0xff, 0xff, 0xff, 0xff, 0xff, 0xff, 0xff, 0xff,
  0xff, 0xff, 0xff, 0xff, 0xff, 0xff, 0xff, 0xff, 0xff, 0xff, 0xff, 0xff,
  0xff, 0xff, 0xff, 0xff, 0xff, 0xff, 0xff, 0xff, 0xff, 0xff, 0xff, 0xff,
  0xff, 0xff, 0xff, 0xff, 0xff, 0xff, 0xff, 0xff, 0xff, 0xff, 0xff, 0xff,
  0x00, 0x00, 0xff, 0xff, 0xff, 0xff, 0xff, 0xff, 0xff, 0xff, 0xff, 0xff,
  0xff, 0xff, 0xff, 0xff, 0xff, 0xff, 0xff, 0xff, 0xff, 0xff, 0xff, 0xff,
  0xff, 0xff, 0xff, 0xff, 0xff, 0xff, 0xff, 0xff, 0xff, 0xff, 0xff, 0xff,
  0xff, 0xff, 0xff, 0xff, 0xff, 0xf7, 0x64, 0xa5, 0x65, 0x65, 0x64, 0x5c,
  0x5c, 0x5c, 0x5c, 0x53, 0x53, 0x5b, 0x53, 0x53, 0x53, 0x53, 0x53, 0x5c,
  0x5c, 0x5d, 0xa5, 0xa5, 0xa6, 0xa6, 0xa6, 0xa6, 0xa6, 0xa6, 0xa6, 0xa6,
  0xa6, 0xa6, 0xa6, 0xa6, 0xa6, 0xa6, 0xa6, 0xae, 0xae, 0xaf, 0xaf, 0xaf,
  0xaf, 0xaf, 0xaf, 0xaf, 0xaf, 0xaf, 0xaf, 0xaf, 0xaf, 0xaf, 0xaf, 0xaf,
  0xaf, 0xaf, 0xaf, 0xaf, 0xae, 0xa6, 0xa6, 0xa6, 0x66, 0x5d, 0x5d, 0x5d,
  0x5d, 0x5d, 0x5d, 0x5d, 0xae, 0xae, 0xb7, 0xb7, 0xae, 0x65, 0xa6, 0xae,
  0xae, 0x65, 0xae, 0xae, 0x5c, 0xa6, 0x65, 0xa5, 0xae, 0xae, 0xae, 0xae,
  0xae, 0xf6, 0xff, 0xff, 0xff, 0xff, 0xff, 0xff, 0xff, 0xff, 0xff, 0xff,
  0xff, 0xff, 0xff, 0xff, 0xff, 0xff, 0xff, 0xff, 0xff, 0xff, 0xff, 0xff,
  0xff, 0xff, 0xff, 0xff, 0xff, 0xff, 0xff, 0xff, 0xff, 0xff, 0xff, 0xff,
  0xff, 0xff, 0xff, 0xff, 0xff, 0xff, 0xff, 0xff, 0xff, 0xff, 0xff, 0xff,
  0xff, 0xff, 0xff, 0xff, 0xff, 0xff, 0xff, 0xff, 0x00, 0x00, 0xff, 0xff,
  0xff, 0xff, 0xff, 0xff, 0xff, 0xff, 0xff, 0xff, 0xff, 0xff, 0xff, 0xff,
  0xff, 0xff, 0xff, 0xff, 0xff, 0xff, 0xff, 0xff, 0xff, 0xff, 0xff, 0xff,
  0xff, 0xff, 0xff, 0xff, 0xff, 0xff, 0xff, 0xff, 0xff, 0xff, 0xff, 0xff,
  0xff, 0xff, 0xa4, 0x64, 0x65, 0x65, 0x5c, 0x5c, 0x5c, 0x65, 0x5c, 0x5c,
  0x5c, 0x5c, 0x5c, 0x53, 0x53, 0x53, 0x53, 0x53, 0x5c, 0x54, 0x65, 0xa5,
  0xa6, 0xa6, 0xa6, 0xa6, 0xa6, 0xa6, 0xa6, 0xa6, 0xa6, 0xa6, 0xa6, 0xa6,
  0xa6, 0xa6, 0xa6, 0xae, 0xae, 0xa6, 0xae, 0xae, 0xae, 0xaf, 0xaf, 0xaf,
  0xaf, 0xaf, 0xaf, 0xaf, 0xaf, 0xaf, 0xaf, 0xaf, 0xaf, 0xaf, 0xaf, 0xae,
  0xa6, 0xa6, 0xa6, 0x66, 0x5d, 0x5d, 0x5d, 0x5e, 0x5d, 0x5d, 0x5c, 0x65,
  0xae, 0xae, 0xb7, 0xb7, 0xae, 0xae, 0xa5, 0xb7, 0xa6, 0x65, 0xaf, 0xae,
  0x65, 0x5d, 0xae, 0xae, 0xae, 0xae, 0xae, 0xae, 0x07, 0xff, 0xff, 0xff,
  0xff, 0xff, 0xff, 0xff, 0xff, 0xff, 0xff, 0xff, 0xff, 0xff, 0xff, 0xff,
  0xff, 0xff, 0xff, 0xff, 0xff, 0xff, 0xff, 0xff, 0xff, 0xff, 0xff, 0xff,
  0xff, 0xff, 0xff, 0xff, 0xff, 0xff, 0xff, 0xff, 0xff, 0xff, 0xff, 0xff,
  0xff, 0xff, 0xff, 0xff, 0xff, 0xff, 0xff, 0xff, 0xff, 0xff, 0xff, 0xff,
  0xff, 0xff, 0xff, 0xff, 0x00, 0x00, 0xff, 0xff, 0xff, 0xff, 0xff, 0xff,
  0xff, 0xff, 0xff, 0xff, 0xff, 0xff, 0xff, 0xff, 0xff, 0xff, 0xff, 0xff,
  0xff, 0xff, 0xff, 0xff, 0xff, 0xff, 0xff, 0xff, 0xff, 0xff, 0xff, 0xff,
  0xff, 0xff, 0xff, 0xff, 0xff, 0xff, 0xff, 0xff, 0xff, 0xff, 0xf6, 0xa4,
  0x65, 0x65, 0x5c, 0x5c, 0x5c, 0x5c, 0x5c, 0x5c, 0x5c, 0x5c, 0x5c, 0x5c,
  0x5c, 0x53, 0x5b, 0x53, 0x5c, 0x5c, 0x5c, 0xa5, 0xa5, 0xa5, 0xa6, 0xa6,
  0xa6, 0xa6, 0xa6, 0xa6, 0xa6, 0xa6, 0xa6, 0xa6, 0xa6, 0xa6, 0xa6, 0xae,
  0xa6, 0xa6, 0xa6, 0xae, 0xae, 0xaf, 0xaf, 0xaf, 0xaf, 0xaf, 0xaf, 0xaf,
  0xaf, 0xaf, 0xaf, 0xaf, 0xaf, 0xae, 0xa6, 0xa6, 0xa6, 0xa6, 0xa6, 0x66,
  0x5d, 0x5d, 0x5d, 0x5d, 0x5d, 0x5c, 0x5c, 0x5d, 0xae, 0xae, 0xb7, 0xb7,
  0xae, 0xa6, 0xae, 0xb7, 0x65, 0xaf, 0xb7, 0x65, 0x5c, 0xa5, 0xae, 0xae,
  0xae, 0xaf, 0xae, 0xad, 0xff, 0xf6, 0xff, 0xff, 0xff, 0xff, 0xff, 0xff,
  0xff, 0xff, 0xff, 0xff, 0xff, 0xff, 0xff, 0xff, 0xff, 0xff, 0xff, 0xff,
  0xff, 0xff, 0xff, 0xff, 0xff, 0xff, 0xff, 0xff, 0xff, 0xff, 0xff, 0xff,
  0xff, 0xff, 0xff, 0xff, 0xff, 0xff, 0xff, 0xff, 0xff, 0xff, 0xff, 0xff,
  0xff, 0xff, 0xff, 0xff, 0xff, 0xff, 0xff, 0xff, 0xff, 0xff, 0xff, 0xff,
  0x00, 0x00, 0xff, 0xff, 0xff, 0xff, 0xff, 0xff, 0xff, 0xff, 0xff, 0xff,
  0xff, 0xff, 0xff, 0xff, 0xff, 0xff, 0xff, 0xff, 0xff, 0xff, 0xff, 0xff,
  0xff, 0xff, 0xff, 0xff, 0xff, 0xff, 0xff, 0xff, 0xff, 0xff, 0xff, 0xff,
  0xff, 0xff, 0xff, 0xff, 0xff, 0xff, 0xff, 0xf6, 0x5c, 0x64, 0x65, 0x5d,
  0x5c, 0x5c, 0x5c, 0x5c, 0x53, 0x5c, 0x5c, 0x5c, 0x5c, 0x5c, 0x53, 0x53,
  0x5c, 0xa5, 0x5c, 0x5d, 0xa5, 0xa6, 0xa6, 0xa6, 0xa6, 0xa6, 0xa6, 0xa6,
  0xa6, 0xa6, 0xa6, 0xa6, 0xa6, 0xa6, 0xa6, 0xa6, 0xa6, 0xa6, 0xa6, 0xae,
  0xae, 0xaf, 0xaf, 0xaf, 0xaf, 0xaf, 0xaf, 0xaf, 0xaf, 0xaf, 0xaf, 0xaf,
  0xae, 0xa6, 0xa6, 0xa6, 0xa6, 0xa6, 0x65, 0x66, 0x5d, 0x5d, 0x5d, 0x5d,
  0x5d, 0x5d, 0x54, 0x5c, 0xae, 0xae, 0xb7, 0xb7, 0xae, 0xa5, 0xb7, 0xae,
  0xae, 0xb7, 0xae, 0x5c, 0xa5, 0xae, 0xae, 0xae, 0xb7, 0xb7, 0xa5, 0xf6,
  0xf6, 0xff, 0xff, 0xff, 0xff, 0xff, 0xff, 0xff, 0xff, 0xff, 0xff, 0xff,
  0xff, 0xff, 0xff, 0xff, 0xff, 0xff, 0xff, 0xff, 0xff, 0xff, 0xff, 0xff,
  0xff, 0xff, 0xff, 0xff, 0xff, 0xff, 0xff, 0xff, 0xff, 0xff, 0xff, 0xff,
  0xff, 0xff, 0xff, 0xff, 0xff, 0xff, 0xff, 0xff, 0xff, 0xff, 0xff, 0xff,
  0xff, 0xff, 0xff, 0xff, 0xff, 0xff, 0xff, 0xff, 0x00, 0x00, 0xff, 0xff,
  0xff, 0xff, 0xff, 0xff, 0xff, 0xff, 0xff, 0xff, 0xff, 0xff, 0xff, 0xff,
  0xff, 0xff, 0xff, 0xff, 0xff, 0xff, 0xff, 0xff, 0xff, 0xff, 0xff, 0xff,
  0xff, 0xff, 0xff, 0xff, 0xff, 0xff, 0xff, 0xff, 0xff, 0xff, 0xff, 0xff,
  0xff, 0xff, 0xff, 0xf6, 0x5c, 0x64, 0x65, 0x5d, 0x5c, 0x5c, 0x5c, 0x5c,
  0x53, 0x5c, 0x5c, 0x5c, 0x5c, 0x5c, 0x53, 0x53, 0x5c, 0xa5, 0x5c, 0x5d,
  0xa5, 0xa6, 0xa6, 0xa6, 0xa6, 0xa6, 0xa6, 0xa6, 0xa6, 0xa6, 0xa6, 0xa6,
  0xa6, 0xa6, 0xa6, 0xa6, 0xa6, 0xa6, 0xa6, 0xae, 0xae, 0xaf, 0xaf, 0xaf,
  0xaf, 0xaf, 0xaf, 0xaf, 0xaf, 0xaf, 0xaf, 0xaf, 0xae, 0xa6, 0xa6, 0xa6,
  0xa6, 0xa6, 0x65, 0x66, 0x5d, 0x5d, 0x5d, 0x5d, 0x5d, 0x5d, 0x54, 0x5c,
  0xae, 0xae, 0xb7, 0xb7, 0xae, 0xa5, 0xb7, 0xae, 0xae, 0xb7, 0xae, 0x5c,
  0xa5, 0xae, 0xae, 0xae, 0xb7, 0xb7, 0xa5, 0xf6, 0xf6, 0xff, 0xff, 0xff,
  0xff, 0xff, 0xff, 0xff, 0xff, 0xff, 0xff, 0xff, 0xff, 0xff, 0xff, 0xff,
  0xff, 0xff, 0xff, 0xff, 0xff, 0xff, 0xff, 0xff, 0xff, 0xff, 0xff, 0xff,
  0xff, 0xff, 0xff, 0xff, 0xff, 0xff, 0xff, 0xff, 0xff, 0xff, 0xff, 0xff,
  0xff, 0xff, 0xff, 0xff, 0xff, 0xff, 0xff, 0xff, 0xff, 0xff, 0xff, 0xff,
  0xff, 0xff, 0xff, 0xff, 0x00, 0x00, 0xff, 0xff, 0xff, 0xff, 0xff, 0xff,
  0xff, 0xff, 0xff, 0xff, 0xff, 0xff, 0xff, 0xff, 0xff, 0xff, 0xff, 0xff,
  0xff, 0xff, 0xff, 0xff, 0xff, 0xff, 0xff, 0xff, 0xff, 0xff, 0xff, 0xff,
  0xff, 0xff, 0xff, 0xff, 0xff, 0xff, 0xff, 0xff, 0xff, 0xff, 0xff, 0xff,
  0x08, 0x5c, 0x5c, 0x5c, 0x5c, 0x5c, 0x64, 0x5c, 0x5c, 0x5c, 0x53, 0x5c,
  0x5c, 0x5c, 0x5c, 0x5c, 0x53, 0x5c, 0x5c, 0x5c, 0xa5, 0xa5, 0xa5, 0xa6,
  0xa6, 0x65, 0xa6, 0xa6, 0xa6, 0x66, 0x65, 0xa6, 0xa6, 0xa6, 0xa6, 0xa6,
  0xa6, 0xa6, 0xa6, 0xa6, 0xae, 0xae, 0xaf, 0xaf, 0xaf, 0xaf, 0xaf, 0xaf,
  0xaf, 0xaf, 0xaf, 0xaf, 0xa6, 0xa6, 0xa6, 0xa6, 0xa6, 0x66, 0x66, 0x5d,
  0x5d, 0x5d, 0x5d, 0x5d, 0x5c, 0x5c, 0x54, 0x5c, 0xaf, 0xae, 0xb7, 0xb7,
  0xa6, 0xae, 0xb7, 0xae, 0xae, 0xae, 0x5c, 0xa5, 0x65, 0xb7, 0xae, 0xb7,
  0xb7, 0x5c, 0x07, 0xff, 0xff, 0xff, 0xff, 0xff, 0xff, 0xff, 0xff, 0xff,
  0xff, 0xff, 0xff, 0xff, 0xff, 0xff, 0xff, 0xff, 0xff, 0xff, 0xff, 0xff,
  0xff, 0xff, 0xff, 0xff, 0xff, 0xff, 0xff, 0xff, 0xff, 0xff, 0xff, 0xff,
  0xff, 0xff, 0xff, 0xff, 0xff, 0xff, 0xff, 0xff, 0xff, 0xff, 0xff, 0xff,
  0xff, 0xff, 0xff, 0xff, 0xff, 0xff, 0xff, 0xff, 0xff, 0xff, 0xff, 0xff,
  0x00, 0x00, 0xff, 0xff, 0xff, 0xff, 0xff, 0xff, 0xff, 0xff, 0xff, 0xff,
  0xff, 0xff, 0xff, 0xff, 0xff, 0xff, 0xff, 0xff, 0xff, 0xff, 0xff, 0xff,
  0xff, 0xff, 0xff, 0xff, 0xff, 0xff, 0xff, 0xff, 0xff, 0xff, 0xff, 0xff,
  0xff, 0xff, 0xff, 0xff, 0xff, 0xff, 0xff, 0xff, 0xff, 0x08, 0x5c, 0x5c,
  0x5c, 0x5c, 0x5c, 0x5c, 0x5c, 0x5c, 0x5c, 0x5b, 0x5b, 0x5c, 0x5b, 0x5c,
  0x5c, 0x5c, 0x5c, 0x5c, 0x5d, 0x9d, 0xa5, 0xa5, 0xa6, 0xa6, 0xa6, 0xa6,
  0xa6, 0xa6, 0xa6, 0xa6, 0xa6, 0xa6, 0xa6, 0xa6, 0xa6, 0xa6, 0xa6, 0xa6,
  0xa6, 0xa6, 0xae, 0xae, 0xa6, 0xae, 0xae, 0xaf, 0xaf, 0xae, 0xae, 0xa6,
  0xa6, 0xa6, 0xa6, 0xa6, 0xa6, 0x5e, 0x5d, 0x5d, 0x5d, 0x5d, 0x5d, 0x5c,
  0x5c, 0x53, 0x5c, 0x5c, 0xb7, 0xb7, 0xb7, 0xae, 0xae, 0xb7, 0xae, 0xae,
  0xb7, 0xae, 0x65, 0x65, 0xb7, 0xb7, 0xb7, 0xb7, 0x5c, 0xae, 0xff, 0xff,
  0xff, 0xff, 0xff, 0xff, 0xff, 0xff, 0xff, 0xff, 0xff, 0xff, 0xff, 0xff,
  0xff, 0xff, 0xff, 0xff, 0xff, 0xff, 0xff, 0xff, 0xff, 0xff, 0xff, 0xff,
  0xff, 0xff, 0xff, 0xff, 0xff, 0xff, 0xff, 0xff, 0xff, 0xff, 0xff, 0xff,
  0xff, 0xff, 0xff, 0xff, 0xff, 0xff, 0xff, 0xff, 0xff, 0xff, 0xff, 0xff,
  0xff, 0xff, 0xff, 0xff, 0xff, 0xff, 0xff, 0xff, 0x00, 0x00, 0xff, 0xff,
  0xff, 0xff, 0xff, 0xff, 0xff, 0xff, 0xff, 0xff, 0xff, 0xff, 0xff, 0xff,
  0xff, 0xff, 0xff, 0xff, 0xff, 0xff, 0xff, 0xff, 0xff, 0xff, 0xff, 0xff,
  0xff, 0xff, 0xff, 0xff, 0xff, 0xff, 0xff, 0xff, 0xff, 0xff, 0xff, 0xff,
  0xff, 0xff, 0xff, 0xff, 0xff, 0xff, 0x07, 0x5c, 0x5c, 0x5c, 0x5c, 0x5c,
  0x5c, 0x5c, 0x64, 0x5c, 0x5c, 0x5b, 0x53, 0x53, 0x5c, 0x5c, 0x5c, 0x5c,
  0x5c, 0x5d, 0xa5, 0xa5, 0x65, 0xa6, 0xa6, 0xa6, 0xa6, 0xa6, 0xa6, 0xa6,
  0xa6, 0xa6, 0xa6, 0xa6, 0xa6, 0xa6, 0xa6, 0xa6, 0xa6, 0xa6, 0xa6, 0xa6,
  0xa6, 0xa6, 0xa6, 0xae, 0xa6, 0xa6, 0xa6, 0xa6, 0xa6, 0xa6, 0xa6, 0x65,
  0x5d, 0x5d, 0x5d, 0x5d, 0x5d, 0x5d, 0x5c, 0x54, 0x53, 0x53, 0x54, 0xa5,
  0xb7, 0xb7, 0xb7, 0xae, 0xaf, 0xb7, 0xae, 0xae, 0xae, 0x65, 0x65, 0xb7,
  0xae, 0xb7, 0xb7, 0x5d, 0x65, 0x08, 0xff, 0xff, 0xff, 0xff, 0xff, 0xff,
  0xff, 0xff, 0xff, 0xff, 0xff, 0xff, 0xff, 0xff, 0xff, 0xff, 0xff, 0xff,
  0xff, 0xff, 0xff, 0xff, 0xff, 0xff, 0xff, 0xff, 0xff, 0xff, 0xff, 0xff,
  0xff, 0xff, 0xff, 0xff, 0xff, 0xff, 0xff, 0xff, 0xff, 0xff, 0xff, 0xff,
  0xff, 0xff, 0xff, 0xff, 0xff, 0xff, 0xff, 0xff, 0xff, 0xff, 0xff, 0xff,
  0xff, 0xff, 0xff, 0xff, 0x00, 0x00, 0xff, 0xff, 0xff, 0xff, 0xff, 0xff,
  0xff, 0xff, 0xff, 0xff, 0xff, 0xff, 0xff, 0xff, 0xff, 0xff, 0xff, 0xff,
  0xff, 0xff, 0xff, 0xff, 0xff, 0xff, 0xff, 0xff, 0xff, 0xff, 0xff, 0xff,
  0xff, 0xff, 0xff, 0xff, 0xff, 0xff, 0xff, 0xff, 0xff, 0xff, 0xff, 0xff,
  0xff, 0xff, 0xff, 0xa5, 0x5c, 0x5c, 0x5c, 0x5c, 0x5c, 0x5c, 0x5c, 0x5c,
  0x5c, 0x5c, 0x5c, 0x53, 0x53, 0x5c, 0x5c, 0x5c, 0x5c, 0x54, 0x5d, 0xa5,
  0x5d, 0xa5, 0xa6, 0xa6, 0xa6, 0xa5, 0xa6, 0xa6, 0xa6, 0xa6, 0xa6, 0xa6,
  0xa6, 0xa6, 0xa6, 0xa6, 0xa6, 0xa6, 0xa6, 0xa6, 0xa6, 0xa6, 0xa6, 0xa6,
  0xa6, 0xa6, 0xa6, 0xa6, 0xa6, 0x66, 0x5d, 0x5d, 0x5d, 0x5d, 0x5d, 0x5d,
  0x5d, 0x5c, 0x54, 0x53, 0x53, 0x53, 0x54, 0xae, 0xb7, 0xb7, 0xb7, 0xae,
  0xb7, 0xaf, 0xae, 0xae, 0xa6, 0xa5, 0xb7, 0xb7, 0xb7, 0xae, 0x5d, 0x5d,
  0xae, 0xf6, 0xff, 0xff, 0xff, 0xff, 0xff, 0xff, 0xff, 0xff, 0xff, 0xff,
  0xff, 0xff, 0xff, 0xff, 0xff, 0xff, 0xff, 0xff, 0xff, 0xff, 0xff, 0xff,
  0xff, 0xff, 0xff, 0xff, 0xff, 0xff, 0xff, 0xff, 0xff, 0xff, 0xff, 0xff,
  0xff, 0xff, 0xff, 0xff, 0xff, 0xff, 0xff, 0xff, 0xff, 0xff, 0xff, 0xff,
  0xff, 0xff, 0xff, 0xff, 0xff, 0xff, 0xff, 0xff, 0xff, 0xff, 0xff, 0xff,
  0x00, 0x00, 0xff, 0xff, 0xff, 0xff, 0xff, 0xff, 0xff, 0xff, 0xff, 0xff,
  0xff, 0xff, 0xff, 0xff, 0xff, 0xff, 0xff, 0xff, 0xff, 0xff, 0xff, 0xff,
  0xff, 0xff, 0xff, 0xff, 0xff, 0xff, 0xff, 0xff, 0xff, 0xff, 0xff, 0xff,
  0xff, 0xff, 0xff, 0xff, 0xff, 0xff, 0xff, 0xff, 0xff, 0xff, 0xff, 0xf6,
  0x5c, 0x5c, 0x5d, 0x5c, 0x5c, 0x5c, 0x5c, 0x5c, 0x5c, 0x5c, 0x5c, 0x5c,
  0x5c, 0x5c, 0x5c, 0x5c, 0x5c, 0x5c, 0x5c, 0x5c, 0x5d, 0xa5, 0x65, 0x66,
  0xa6, 0x65, 0xa6, 0xa6, 0xa6, 0xa6, 0xa6, 0xa6, 0xa6, 0xa6, 0xa6, 0xa6,
  0xa6, 0xa6, 0xa6, 0xa6, 0xa6, 0xa6, 0xa6, 0xa6, 0xa6, 0xa6, 0xa6, 0xa6,
  0x65, 0x5d, 0x5d, 0x5d, 0x5d, 0x5d, 0x5d, 0x5d, 0x5c, 0x54, 0x5c, 0x53,
  0x53, 0x0a, 0x65, 0xb7, 0xb7, 0xb7, 0xaf, 0xaf, 0xb7, 0xae, 0xae, 0xae,
  0xae, 0xb7, 0xb7, 0xaf, 0xae, 0x65, 0x65, 0xae, 0xae, 0xff, 0xff, 0xff,
  0xff, 0xff, 0xff, 0xff, 0xff, 0xff, 0xff, 0xff, 0xff, 0xff, 0xff, 0xff,
  0xff, 0xff, 0xff, 0xff, 0xff, 0xff, 0xff, 0xff, 0xff, 0xff, 0xff, 0xff,
  0xff, 0xff, 0xff, 0xff, 0xff, 0xff, 0xff, 0xff, 0xff, 0xff, 0xff, 0xff,
  0xff, 0xff, 0xff, 0xff, 0xff, 0xff, 0xff, 0xff, 0xff, 0xff, 0xff, 0xff,
  0xff, 0xff, 0xff, 0xff, 0xff, 0xff, 0xff, 0xff, 0x00, 0x00, 0xff, 0xff,
  0xff, 0xff, 0xff, 0xff, 0xff, 0xff, 0xff, 0xff, 0xff, 0xff, 0xff, 0xff,
  0xff, 0xff, 0xff, 0xff, 0xff, 0xff, 0xff, 0xff, 0xff, 0xff, 0xff, 0xff,
  0xff, 0xff, 0xff, 0xff, 0xff, 0xff, 0xff, 0xff, 0xff, 0xff, 0xff, 0xff,
  0xff, 0xff, 0xff, 0xff, 0xff, 0xff, 0xff, 0xff, 0x07, 0x5b, 0x65, 0x65,
  0x65, 0x5c, 0x5c, 0x65, 0x5c, 0x5c, 0x5b, 0x5b, 0x53, 0x53, 0x5b, 0x5c,
  0x5c, 0x5c, 0x5c, 0x5d, 0x5d, 0x5d, 0xa5, 0x5d, 0x65, 0xa5, 0x65, 0xa5,
  0xa6, 0xa6, 0xa6, 0xa6, 0xa6, 0xa6, 0xa6, 0xa6, 0xa6, 0xa6, 0xa6, 0xa6,
  0xa6, 0xa6, 0xa6, 0xa6, 0xa6, 0xa6, 0x65, 0x5d, 0x65, 0x65, 0x5d, 0x5d,
  0x5d, 0x5d, 0x5d, 0x5c, 0x54, 0x5c, 0x53, 0x53, 0x0a, 0x52, 0xa5, 0xb7,
  0xb7, 0xbf, 0xae, 0xb7, 0xaf, 0xae, 0xae, 0xae, 0xaf, 0xb7, 0xaf, 0xae,
  0x65, 0x65, 0xae, 0xae, 0xf7, 0xff, 0xff, 0xff, 0xff, 0xff, 0xff, 0xff,
  0xff, 0xff, 0xff, 0xff, 0xff, 0xff, 0xff, 0xff, 0xff, 0xff, 0xff, 0xff,
  0xff, 0xff, 0xff, 0xff, 0xff, 0xff, 0xff, 0xff, 0xff, 0xff, 0xff, 0xff,
  0xff, 0xff, 0xff, 0xff, 0xff, 0xff, 0xff, 0xff, 0xff, 0xff, 0xff, 0xff,
  0xff, 0xff, 0xff, 0xff, 0xff, 0xff, 0xff, 0xff, 0xff, 0xff, 0xff, 0xff,
  0xff, 0xff, 0xff, 0xff, 0x00, 0x00, 0xff, 0xff, 0xff, 0xff, 0xff, 0xff,
  0xff, 0xff, 0xff, 0xff, 0xff, 0xff, 0xff, 0xff, 0xff, 0xff, 0xff, 0xff,
  0xff, 0xff, 0xff, 0xff, 0xff, 0xff, 0xff, 0xff, 0xff, 0xff, 0xff, 0xff,
  0xff, 0xff, 0xff, 0xff, 0xff, 0xff, 0xff, 0xff, 0xff, 0xff, 0xff, 0xff,
  0xff, 0xff, 0xff, 0xff, 0xff, 0xad, 0x5c, 0x5c, 0x65, 0x65, 0x65, 0x65,
  0x65, 0x65, 0x5c, 0x5c, 0x5c, 0x5c, 0x53, 0x53, 0x5b, 0x5c, 0x5c, 0x5c,
  0x5c, 0x5c, 0x5d, 0x5d, 0x65, 0xa5, 0xa5, 0xa5, 0x65, 0xa5, 0xa5, 0xa5,
  0xa6, 0xa6, 0xa6, 0xa6, 0xa6, 0xa6, 0xa6, 0xa6, 0x65, 0xa6, 0xa6, 0xa6,
  0xa6, 0x66, 0xa5, 0x5d, 0x65, 0x9d, 0xa5, 0x5d, 0x5d, 0x5c, 0x5c, 0x5c,
  0x5c, 0x53, 0x53, 0x4a, 0x0a, 0x5c, 0xae, 0xb7, 0xb7, 0xb7, 0xb7, 0xb7,
  0xae, 0xb7, 0xae, 0xae, 0xae, 0xae, 0xae, 0x66, 0x65, 0xae, 0xae, 0xad,
  0xff, 0xff, 0xff, 0xff, 0xff, 0xff, 0xff, 0xff, 0xff, 0xff, 0xff, 0xff,
  0xff, 0xff, 0xff, 0xff, 0xff, 0xff, 0xff, 0xff, 0xff, 0xff, 0xff, 0xff,
  0xff, 0xff, 0xff, 0xff, 0xff, 0xff, 0xff, 0xff, 0xff, 0xff, 0xff, 0xff,
  0xff, 0xff, 0xff, 0xff, 0xff, 0xff, 0xff, 0xff, 0xff, 0xff, 0xff, 0xff,
  0xff, 0xff, 0xff, 0xff, 0xff, 0xff, 0xff, 0xff, 0xff, 0xff, 0xff, 0xff,
  0x00, 0x00, 0xff, 0xff, 0xff, 0xff, 0xff, 0xff, 0xff, 0xff, 0xff, 0xff,
  0xff, 0xff, 0xff, 0xff, 0xff, 0xff, 0xff, 0xff, 0xff, 0xff, 0xff, 0xff,
  0xff, 0xff, 0xff, 0xff, 0xff, 0xff, 0xff, 0xff, 0xff, 0xff, 0xff, 0xff,
  0xff, 0xff, 0xff, 0xff, 0xff, 0xff, 0xff, 0xff, 0xff, 0xff, 0xff, 0xff,
  0xff, 0xff, 0xa4, 0x64, 0x65, 0x65, 0x65, 0x65, 0x65, 0x65, 0x5c, 0x64,
  0x5c, 0x5c, 0x53, 0x53, 0x53, 0x53, 0x53, 0x5c, 0x5c, 0x5c, 0x5c, 0x5d,
  0x5d, 0xa5, 0x5d, 0x5d, 0x5d, 0x9d, 0xa5, 0xa5, 0x65, 0x5d, 0x65, 0xa6,
  0xa5, 0x65, 0xa5, 0xa5, 0xa6, 0xa5, 0x65, 0x65, 0x65, 0x65, 0x65, 0xa5,
  0xa5, 0x5d, 0x5d, 0x5c, 0x5c, 0x5c, 0x5c, 0x5b, 0x53, 0x53, 0x52, 0x4a,
  0x53, 0xa5, 0xae, 0xb7, 0xbf, 0xb7, 0xb7, 0xae, 0xae, 0xb7, 0xae, 0xae,
  0xae, 0xa6, 0xae, 0x65, 0xae, 0xaf, 0xf7, 0xff, 0xff, 0xff, 0xff, 0xff,
  0xff, 0xff, 0xff, 0xff, 0xff, 0xff, 0xff, 0xff, 0xff, 0xff, 0xff, 0xff,
  0xff, 0xff, 0xff, 0xff, 0xff, 0xff, 0xff, 0xff, 0xff, 0xff, 0xff, 0xff,
  0xff, 0xff, 0xff, 0xff, 0xff, 0xff, 0xff, 0xff, 0xff, 0xff, 0xff, 0xff,
  0xff, 0xff, 0xff, 0xff, 0xff, 0xff, 0xff, 0xff, 0xff, 0xff, 0xff, 0xff,
  0xff, 0xff, 0xff, 0xff, 0xff, 0xff, 0xff, 0xff, 0x00, 0x00, 0xff, 0xff,
  0xff, 0xff, 0xff, 0xff, 0xff, 0xff, 0xff, 0xff, 0xff, 0xff, 0xff, 0xff,
  0xff, 0xff, 0xff, 0xff, 0xff, 0xff, 0xff, 0xff, 0xff, 0xff, 0xff, 0xff,
  0xff, 0xff, 0xff, 0xff, 0xff, 0xff, 0xff, 0xff, 0xff, 0xff, 0xff, 0xff,
  0xff, 0xff, 0xff, 0xff, 0xff, 0xff, 0xff, 0xff, 0xff, 0xff, 0xf6, 0x5c,
  0x64, 0x65, 0x65, 0x65, 0x65, 0x65, 0x65, 0x64, 0x5c, 0x5c, 0x53, 0x12,
  0x0a, 0x0a, 0x52, 0x52, 0x53, 0x53, 0x53, 0x54, 0x5c, 0x5c, 0x5c, 0x5d,
  0x5d, 0x5d, 0x5d, 0x5d, 0x5d, 0x5d, 0x5d, 0x5d, 0x5d, 0x5d, 0x5d, 0x65,
  0x5d, 0xa5, 0xa5, 0xa5, 0xa5, 0x5d, 0xa5, 0x5d, 0x5d, 0x5c, 0x5c, 0x5c,
  0x5c, 0x5c, 0x53, 0x53, 0x53, 0x52, 0x0a, 0x52, 0x5d, 0xa5, 0xb7, 0xb7,
  0xb7, 0xb7, 0xae, 0xae, 0xb7, 0xae, 0xb7, 0xae, 0xa5, 0xae, 0xa6, 0xae,
  0xae, 0xae, 0xff, 0xff, 0xff, 0xff, 0xff, 0xff, 0xff, 0xff, 0xff, 0xff,
  0xff, 0xff, 0xff, 0xff, 0xff, 0xff, 0xff, 0xff, 0xff, 0xff, 0xff, 0xff,
  0xff, 0xff, 0xff, 0xff, 0xff, 0xff, 0xff, 0xff, 0xff, 0xff, 0xff, 0xff,
  0xff, 0xff, 0xff, 0xff, 0xff, 0xff, 0xff, 0xff, 0xff, 0xff, 0xff, 0xff,
  0xff, 0xff, 0xff, 0xff, 0xff, 0xff, 0xff, 0xff, 0xff, 0xff, 0xff, 0xff,
  0xff, 0xff, 0xff, 0xff, 0x00, 0x00, 0xff, 0xff, 0xff, 0xff, 0xff, 0xff,
  0xff, 0xff, 0xff, 0xff, 0xff, 0xff, 0xff, 0xff, 0xff, 0xff, 0xff, 0xff,
  0xff, 0xff, 0xff, 0xff, 0xff, 0xff, 0xff, 0xff, 0xff, 0xff, 0xff, 0xff,
  0xff, 0xff, 0xff, 0xff, 0xff, 0xff, 0xff, 0xff, 0xff, 0xff, 0xff, 0xff,
  0xff, 0xff, 0xff, 0xff, 0xff, 0xff, 0xff, 0x07, 0x5c, 0xa5, 0xa5, 0xa5,
  0x65, 0x65, 0x65, 0x65, 0x5c, 0x5c, 0x53, 0x53, 0x53, 0x53, 0x53, 0x53,
  0x53, 0x5b, 0x53, 0x53, 0x53, 0x53, 0x53, 0x53, 0x53, 0x54, 0x54, 0x5c,
  0x5c, 0x54, 0x54, 0x53, 0x54, 0x54, 0x5c, 0x5c, 0x5d, 0x5c, 0x5d, 0x5d,
  0x5c, 0x5c, 0x5c, 0x5c, 0x5c, 0x5c, 0x5c, 0x5c, 0x5c, 0x53, 0x53, 0x52,
  0x4a, 0x4a, 0x53, 0x5c, 0x5d, 0xae, 0xb7, 0xb7, 0xb7, 0xae, 0xae, 0xae,
  0xae, 0xaf, 0xae, 0x65, 0xae, 0xae, 0xb7, 0xae, 0xae, 0xf6, 0xff, 0xff,
  0xff, 0xff, 0xff, 0xff, 0xff, 0xff, 0xff, 0xff, 0xff, 0xff, 0xff, 0xff,
  0xff, 0xff, 0xff, 0xff, 0xff, 0xff, 0xff, 0xff, 0xff, 0xff, 0xff, 0xff,
  0xff, 0xff, 0xff, 0xff, 0xff, 0xff, 0xff, 0xff, 0xff, 0xff, 0xff, 0xff,
  0xff, 0xff, 0xff, 0xff, 0xff, 0xff, 0xff, 0xff, 0xff, 0xff, 0xff, 0xff,
  0xff, 0xff, 0xff, 0xff, 0xff, 0xff, 0xff, 0xff, 0xff, 0xff, 0xff, 0xff,
  0x00, 0x00, 0xff, 0xff, 0xff, 0xff, 0xff, 0xff, 0xff, 0xff, 0xff, 0xff,
  0xff, 0xff, 0xff, 0xff, 0xff, 0xff, 0xff, 0xff, 0xff, 0xff, 0xff, 0xff,
  0xff, 0xff, 0xff, 0xff, 0xff, 0xff, 0xff, 0xff, 0xff, 0xff, 0xff, 0xff,
  0xff, 0xff, 0xff, 0xff, 0xff, 0xff, 0xff, 0xff, 0xff, 0xff, 0xff, 0xff,
  0xff, 0xff, 0xff, 0xf6, 0x5b, 0x5c, 0x64, 0x65, 0x65, 0xa5, 0x65, 0x65,
  0x65, 0x64, 0x5c, 0x5c, 0x53, 0x52, 0x0a, 0x52, 0x52, 0x0a, 0x0a, 0x0a,
  0x4a, 0x4a, 0x4a, 0x4a, 0x4a, 0x4a, 0x53, 0x53, 0x53, 0x52, 0x4a, 0x4a,
  0x52, 0x4a, 0x0a, 0x53, 0x53, 0x53, 0x53, 0x54, 0x54, 0x53, 0x53, 0x53,
  0x53, 0x53, 0x53, 0x53, 0x53, 0x53, 0x53, 0x52, 0x53, 0x53, 0x5c, 0x5c,
  0x65, 0xb7, 0xb7, 0xb7, 0xae, 0xae, 0xae, 0xa6, 0xae, 0xae, 0x65, 0xae,
  0xae, 0xb7, 0xae, 0x08, 0xff, 0xff, 0xff, 0xff, 0xff, 0xff, 0xff, 0xff,
  0xff, 0xff, 0xff, 0xff, 0xff, 0xff, 0xff, 0xff, 0xff, 0xff, 0xff, 0xff,
  0xff, 0xff, 0xff, 0xff, 0xff, 0xff, 0xff, 0xff, 0xff, 0xff, 0xff, 0xff,
  0xff, 0xff, 0xff, 0xff, 0xff, 0xff, 0xff, 0xff, 0xff, 0xff, 0xff, 0xff,
  0xff, 0xff, 0xff, 0xff, 0xff, 0xff, 0xff, 0xff, 0xff, 0xff, 0xff, 0xff,
  0xff, 0xff, 0xff, 0xff, 0xff, 0xff, 0xff, 0xff, 0x00, 0x00, 0xff, 0xff,
  0xff, 0xff, 0xff, 0xff, 0xff, 0xff, 0xff, 0xff, 0xff, 0xff, 0xff, 0xff,
  0xff, 0xff, 0xff, 0xff, 0xff, 0xff, 0xff, 0xff, 0xff, 0xff, 0xff, 0xff,
  0xff, 0xff, 0xff, 0xff, 0xff, 0xff, 0xff, 0xff, 0xff, 0xff, 0xff, 0xff,
  0xff, 0xff, 0xff, 0xff, 0xff, 0xff, 0xff, 0xff, 0xff, 0xff, 0xff, 0xff,
  0xf7, 0x5b, 0x5c, 0x5c, 0x65, 0x65, 0x65, 0x65, 0x5c, 0x5c, 0x5c, 0x5c,
  0x5c, 0x53, 0x52, 0x53, 0x52, 0x4a, 0x0a, 0x4a, 0x0a, 0x4a, 0x0a, 0x0a,
  0x0a, 0x0a, 0x0a, 0x4a, 0x52, 0x4a, 0x0a, 0x0a, 0x0a, 0x0a, 0x0a, 0x0a,
  0x0a, 0x4a, 0x4a, 0x4a, 0x53, 0x4a, 0x52, 0x52, 0x52, 0x52, 0x52, 0x53,
  0x53, 0x52, 0x4a, 0x53, 0x53, 0x5c, 0x5c, 0x5c, 0xaf, 0xb7, 0xb7, 0xb7,
  0xae, 0xae, 0xae, 0xa6, 0xa6, 0xae, 0xae, 0xae, 0xb7, 0xae, 0xae, 0xff,
  0xff, 0xff, 0xff, 0xff, 0xff, 0xff, 0xff, 0xff, 0xff, 0xff, 0xff, 0xff,
  0xff, 0xff, 0xff, 0xff, 0xff, 0xff, 0xff, 0xff, 0xff, 0xff, 0xff, 0xff,
  0xff, 0xff, 0xff, 0xff, 0xff, 0xff, 0xff, 0xff, 0xff, 0xff, 0xff, 0xff,
  0xff, 0xff, 0xff, 0xff, 0xff, 0xff, 0xff, 0xff, 0xff, 0xff, 0xff, 0xff,
  0xff, 0xff, 0xff, 0xff, 0xff, 0xff, 0xff, 0xff, 0xff, 0xff, 0xff, 0xff,
  0xff, 0xff, 0xff, 0xff, 0x00, 0x00, 0xff, 0xff, 0xff, 0xff, 0xff, 0xff,
  0xff, 0xff, 0xff, 0xff, 0xff, 0xff, 0xff, 0xff, 0xff, 0xff, 0xff, 0xff,
  0xff, 0xff, 0xff, 0xff, 0xff, 0xff, 0xff, 0xff, 0xff, 0xff, 0xff, 0xff,
  0xff, 0xff, 0xff, 0xff, 0xff, 0xff, 0xff, 0xff, 0xff, 0xff, 0xff, 0xff,
  0xff, 0xff, 0xff, 0xff, 0xff, 0xff, 0xff, 0xff, 0xff, 0x5c, 0x5b, 0x5c,
  0x65, 0x65, 0x64, 0x65, 0x64, 0x64, 0x5c, 0x5c, 0x5c, 0x53, 0x5b, 0x53,
  0x53, 0x52, 0x4a, 0x4a, 0x4a, 0x4a, 0x4a, 0x0a, 0x0a, 0x0a, 0x0a, 0x0a,
  0x0a, 0x52, 0x0a, 0x0a, 0x0a, 0x4a, 0x0a, 0x0a, 0x00, 0x0a, 0x0a, 0x4a,
  0x4a, 0x53, 0x4a, 0x4a, 0x4a, 0x4a, 0x52, 0x52, 0x53, 0x53, 0x53, 0x5b,
  0x5c, 0x5c, 0x5c, 0xae, 0xb7, 0xb7, 0xb7, 0xae, 0xae, 0xa6, 0x66, 0x65,
  0xae, 0xae, 0xae, 0xae, 0xae, 0xad, 0xf6, 0xff, 0xff, 0xff, 0xff, 0xff,
  0xff, 0xff, 0xff, 0xff, 0xff, 0xff, 0xff, 0xff, 0xff, 0xff, 0xff, 0xff,
  0xff, 0xff, 0xff, 0xff, 0xff, 0xff, 0xff, 0xff, 0xff, 0xff, 0xff, 0xff,
  0xff, 0xff, 0xff, 0xff, 0xff, 0xff, 0xff, 0xff, 0xff, 0xff, 0xff, 0xff,
  0xff, 0xff, 0xff, 0xff, 0xff, 0xff, 0xff, 0xff, 0xff, 0xff, 0xff, 0xff,
  0xff, 0xff, 0xff, 0xff, 0xff, 0xff, 0xff, 0xff, 0xff, 0xff, 0xff, 0xff,
  0x00, 0x00, 0xff, 0xff, 0xff, 0xff, 0xff, 0xff, 0xff, 0xff, 0xff, 0xff,
  0xff, 0xff, 0xff, 0xff, 0xff, 0xff, 0xff, 0xff, 0xff, 0xff, 0xff, 0xff,
  0xff, 0xff, 0xff, 0xff, 0xff, 0xff, 0xff, 0xff, 0xff, 0xff, 0xff, 0xff,
  0xff, 0xff, 0xff, 0xff, 0xff, 0xff, 0xff, 0xff, 0xff, 0xff, 0xff, 0xff,
  0xff, 0xff, 0xff, 0xff, 0xff, 0xf6, 0x5b, 0x52, 0x5c, 0x5c, 0x65, 0x65,
  0x65, 0x64, 0x64, 0x5c, 0x5c, 0x5b, 0x5c, 0x53, 0x53, 0x53, 0x53, 0x4a,
  0x0a, 0x52, 0x0a, 0x0a, 0x0a, 0x0a, 0x52, 0x0a, 0x4a, 0x52, 0x4a, 0x0a,
  0x0a, 0x0a, 0x4a, 0x0a, 0x0a, 0x0a, 0x0a, 0x0a, 0x4a, 0x52, 0x53, 0x53,
  0x53, 0x53, 0x53, 0x53, 0x5b, 0x53, 0x5b, 0x53, 0x54, 0x5c, 0xa6, 0xaf,
  0xb7, 0xb7, 0xae, 0xa6, 0xa6, 0x65, 0x66, 0xa6, 0xae, 0xae, 0xae, 0xae,
  0xa5, 0xf6, 0xff, 0xff, 0xff, 0xff, 0xff, 0xff, 0xff, 0xff, 0xff, 0xff,
  0xff, 0xff, 0xff, 0xff, 0xff, 0xff, 0xff, 0xff, 0xff, 0xff, 0xff, 0xff,
  0xff, 0xff, 0xff, 0xff, 0xff, 0xff, 0xff, 0xff, 0xff, 0xff, 0xff, 0xff,
  0xff, 0xff, 0xff, 0xff, 0xff, 0xff, 0xff, 0xff, 0xff, 0xff, 0xff, 0xff,
  0xff, 0xff, 0xff, 0xff, 0xff, 0xff, 0xff, 0xff, 0xff, 0xff, 0xff, 0xff,
  0xff, 0xff, 0xff, 0xff, 0xff, 0xff, 0xff, 0xff, 0x00, 0x00, 0xff, 0xff,
  0xff, 0xff, 0xff, 0xff, 0xff, 0xff, 0xff, 0xff, 0xff, 0xff, 0xff, 0xff,
  0xff, 0xff, 0xff, 0xff, 0xff, 0xff, 0xff, 0xff, 0xff, 0xff, 0xff, 0xff,
  0xff, 0xff, 0xff, 0xff, 0xff, 0xff, 0xff, 0xff, 0xff, 0xff, 0xff, 0xff,
  0xff, 0xff, 0xff, 0xff, 0xff, 0xff, 0xff, 0xff, 0xff, 0xff, 0xff, 0xff,
  0xff, 0xff, 0xff, 0x07, 0x53, 0x53, 0x5c, 0xa5, 0x65, 0x65, 0x65, 0x65,
  0x64, 0x5c, 0x5b, 0x53, 0x53, 0x53, 0x53, 0x52, 0x52, 0x0a, 0x52, 0x0a,
  0x0a, 0x4a, 0x0a, 0x0a, 0x4a, 0x52, 0x52, 0x4a, 0x0a, 0x52, 0x53, 0x4a,
  0x0a, 0x0a, 0x0a, 0x0a, 0x0a, 0x0a, 0x4a, 0x52, 0x53, 0x53, 0x53, 0x53,
  0x53, 0x53, 0x53, 0x54, 0x5c, 0xa5, 0xae, 0xb7, 0xb7, 0xb7, 0x65, 0x65,
  0x5d, 0x65, 0xa6, 0xae, 0xae, 0xae, 0xae, 0xa5, 0xf6, 0xff, 0xff, 0xff,
  0xff, 0xff, 0xff, 0xff, 0xff, 0xff, 0xff, 0xff, 0xff, 0xff, 0xff, 0xff,
  0xff, 0xff, 0xff, 0xff, 0xff, 0xff, 0xff, 0xff, 0xff, 0xff, 0xff, 0xff,
  0xff, 0xff, 0xff, 0xff, 0xff, 0xff, 0xff, 0xff, 0xff, 0xff, 0xff, 0xff,
  0xff, 0xff, 0xff, 0xff, 0xff, 0xff, 0xff, 0xff, 0xff, 0xff, 0xff, 0xff,
  0xff, 0xff, 0xff, 0xff, 0xff, 0xff, 0xff, 0xff, 0xff, 0xff, 0xff, 0xff,
  0xff, 0xff, 0xff, 0xff, 0x00, 0x00, 0xff, 0xff, 0xff, 0xff, 0xff, 0xff,
  0xff, 0xff, 0xff, 0xff, 0xff, 0xff, 0xff, 0xff, 0xff, 0xff, 0xff, 0xff,
  0xff, 0xff, 0xff, 0xff, 0xff, 0xff, 0xff, 0xff, 0xff, 0xff, 0xff, 0xff,
  0xff, 0xff, 0xff, 0xff, 0xff, 0xff, 0xff, 0xff, 0xff, 0xff, 0xff, 0xff,
  0xff, 0xff, 0xff, 0xff, 0xff, 0xff, 0xff, 0xff, 0xff, 0xff, 0xff, 0xff,
  0xff, 0xa4, 0x53, 0x5c, 0x5c, 0x65, 0xa5, 0x65, 0x65, 0x5c, 0x5c, 0x53,
  0x5c, 0x53, 0x53, 0x53, 0x52, 0x0a, 0x52, 0x0a, 0x4a, 0x4a, 0x0a, 0x52,
  0x0a, 0x52, 0x53, 0x52, 0x0a, 0x0a, 0x0a, 0x53, 0x53, 0x0a, 0x0a, 0x0a,
  0x0a, 0x0a, 0x4a, 0x4a, 0x0a, 0x0a, 0x0a, 0x0a, 0x53, 0x53, 0x54, 0x5c,
  0xa5, 0xae, 0xb7, 0xb7, 0xb7, 0x65, 0x65, 0x5d, 0x65, 0xae, 0xae, 0xae,
  0xae, 0xae, 0xa5, 0xf6, 0xff, 0xff, 0xff, 0xff, 0xff, 0xff, 0xff, 0xff,
  0xff, 0xff, 0xff, 0xff, 0xff, 0xff, 0xff, 0xff, 0xff, 0xff, 0xff, 0xff,
  0xff, 0xff, 0xff, 0xff, 0xff, 0xff, 0xff, 0xff, 0xff, 0xff, 0xff, 0xff,
  0xff, 0xff, 0xff, 0xff, 0xff, 0xff, 0xff, 0xff, 0xff, 0xff, 0xff, 0xff,
  0xff, 0xff, 0xff, 0xff, 0xff, 0xff, 0xff, 0xff, 0xff, 0xff, 0xff, 0xff,
  0xff, 0xff, 0xff, 0xff, 0xff, 0xff, 0xff, 0xff, 0xff, 0xff, 0xff, 0xff,
  0x00, 0x00, 0xff, 0xff, 0xff, 0xff, 0xff, 0xff, 0xff, 0xff, 0xff, 0xff,
  0xff, 0xff, 0xff, 0xff, 0xff, 0xff, 0xff, 0xff, 0xff, 0xff, 0xff, 0xff,
  0xff, 0xff, 0xff, 0xff, 0xff, 0xff, 0xff, 0xff, 0xff, 0xff, 0xff, 0xff,
  0xff, 0xff, 0xff, 0xff, 0xff, 0xff, 0xff, 0xff, 0xff, 0xff, 0xff, 0xff,
  0xff, 0xff, 0xff, 0xff, 0xff, 0xff, 0xff, 0xff, 0xff, 0xff, 0x5c, 0x5c,
  0x5c, 0x65, 0x65, 0x65, 0x65, 0x5c, 0x5c, 0x5c, 0x5b, 0x5c, 0x53, 0x53,
  0x53, 0x0a, 0x53, 0x52, 0x0a, 0x52, 0x0a, 0x52, 0x53, 0x52, 0x53, 0x53,
  0x53, 0x4a, 0x52, 0x52, 0x53, 0x5b, 0x53, 0x52, 0x4a, 0x0a, 0x0a, 0x0a,
  0x0a, 0x4a, 0x53, 0x53, 0x53, 0x5c, 0x5c, 0xa5, 0xae, 0xb7, 0xb7, 0xae,
  0x65, 0x5d, 0x5c, 0xa6, 0xae, 0xae, 0xae, 0xae, 0xae, 0xa5, 0xf6, 0xff,
  0xff, 0xff, 0xff, 0xff, 0xff, 0xff, 0xff, 0xff, 0xff, 0xff, 0xff, 0xff,
  0xff, 0xff, 0xff, 0xff, 0xff, 0xff, 0xff, 0xff, 0xff, 0xff, 0xff, 0xff,
  0xff, 0xff, 0xff, 0xff, 0xff, 0xff, 0xff, 0xff, 0xff, 0xff, 0xff, 0xff,
  0xff, 0xff, 0xff, 0xff, 0xff, 0xff, 0xff, 0xff, 0xff, 0xff, 0xff, 0xff,
  0xff, 0xff, 0xff, 0xff, 0xff, 0xff, 0xff, 0xff, 0xff, 0xff, 0xff, 0xff,
  0xff, 0xff, 0xff, 0xff, 0xff, 0xff, 0xff, 0xff, 0x00, 0x00, 0xff, 0xff,
  0xff, 0xff, 0xff, 0xff, 0xff, 0xff, 0xff, 0xff, 0xff, 0xff, 0xff, 0xff,
  0xff, 0xff, 0xff, 0xff, 0xff, 0xff, 0xff, 0xff, 0xff, 0xff, 0xff, 0xff,
  0xff, 0xff, 0xff, 0xff, 0xff, 0xff, 0xff, 0xff, 0xff, 0xff, 0xff, 0xff,
  0xff, 0xff, 0xff, 0xff, 0xff, 0xff, 0xff, 0xff, 0xff, 0xff, 0xff, 0xff,
  0xff, 0xff, 0xff, 0xff, 0xff, 0xff, 0xf7, 0x53, 0x5c, 0x5c, 0x65, 0x65,
  0x65, 0x64, 0x5c, 0x5c, 0x5b, 0x5c, 0x5c, 0x5b, 0x5b, 0x53, 0x53, 0x53,
  0x4a, 0x52, 0x0a, 0x52, 0x52, 0x53, 0x53, 0x5b, 0x53, 0x53, 0x53, 0x53,
  0x53, 0x53, 0x53, 0x5c, 0x5c, 0x5b, 0x5b, 0x53, 0x5c, 0x5c, 0x5c, 0x5c,
  0x5c, 0x65, 0xae, 0xb7, 0xb7, 0xb7, 0xb7, 0x65, 0x5c, 0x5d, 0xa6, 0xa6,
  0xae, 0xae, 0xa6, 0xae, 0xa5, 0x08, 0xff, 0xff, 0xff, 0xff, 0xff, 0xff,
  0xff, 0xff, 0xff, 0xff, 0xff, 0xff, 0xff, 0xff, 0xff, 0xff, 0xff, 0xff,
  0xff, 0xff, 0xff, 0xff, 0xff, 0xff, 0xff, 0xff, 0xff, 0xff, 0xff, 0xff,
  0xff, 0xff, 0xff, 0xff, 0xff, 0xff, 0xff, 0xff, 0xff, 0xff, 0xff, 0xff,
  0xff, 0xff, 0xff, 0xff, 0xff, 0xff, 0xff, 0xff, 0xff, 0xff, 0xff, 0xff,
  0xff, 0xff, 0xff, 0xff, 0xff, 0xff, 0xff, 0xff, 0xff, 0xff, 0xff, 0xff,
  0xff, 0xff, 0xff, 0xff, 0x00, 0x00, 0xff, 0xff, 0xff, 0xff, 0xff, 0xff,
  0xff, 0xff, 0xff, 0xff, 0xff, 0xff, 0xff, 0xff, 0xff, 0xff, 0xff, 0xff,
  0xff, 0xff, 0xff, 0xff, 0xff, 0xff, 0xff, 0xff, 0xff, 0xff, 0xff, 0xff,
  0xff, 0xff, 0xff, 0xff, 0xff, 0xff, 0xff, 0xff, 0xff, 0xff, 0xff, 0xff,
  0xff, 0xff, 0xff, 0xff, 0xff, 0xff, 0xff, 0xff, 0xff, 0xff, 0xff, 0xff,
  0xff, 0xff, 0xf6, 0x5b, 0x5b, 0x53, 0x53, 0x53, 0x53, 0x5c, 0x5c, 0x5c,
  0x5c, 0x5c, 0x5c, 0x5c, 0x5c, 0x5c, 0x53, 0x53, 0x53, 0x53, 0x52, 0x0a,
  0x53, 0x53, 0x5b, 0x5c, 0x5c, 0x5c, 0x53, 0x53, 0x53, 0x53, 0x5c, 0x5c,
  0x5c, 0x5c, 0x5c, 0x5c, 0x5c, 0x5c, 0x5c, 0xa5, 0xae, 0xae, 0xb7, 0xb7,
  0xb7, 0xb7, 0x65, 0x5c, 0x65, 0xae, 0xa5, 0xae, 0xa6, 0xa6, 0xae, 0xa5,
  0x08, 0xff, 0xff, 0xff, 0xff, 0xff, 0xff, 0xff, 0xff, 0xff, 0xff, 0xff,
  0xff, 0xff, 0xff, 0xff, 0xff, 0xff, 0xff, 0xff, 0xff, 0xff, 0xff, 0xff,
  0xff, 0xff, 0xff, 0xff, 0xff, 0xff, 0xff, 0xff, 0xff, 0xff, 0xff, 0xff,
  0xff, 0xff, 0xff, 0xff, 0xff, 0xff, 0xff, 0xff, 0xff, 0xff, 0xff, 0xff,
  0xff, 0xff, 0xff, 0xff, 0xff, 0xff, 0xff, 0xff, 0xff, 0xff, 0xff, 0xff,
  0xff, 0xff, 0xff, 0xff, 0xff, 0xff, 0xff, 0xff, 0xff, 0xff, 0xff, 0xff,
  0x00, 0x00, 0xff, 0xff, 0xff, 0xff, 0xff, 0xff, 0xff, 0xff, 0xff, 0xff,
  0xff, 0xff, 0xff, 0xff, 0xff, 0xff, 0xff, 0xff, 0xff, 0xff, 0xff, 0xff,
  0xff, 0xff, 0xff, 0xff, 0xff, 0xff, 0xff, 0xff, 0xff, 0xff, 0xff, 0xff,
  0xff, 0xff, 0xff, 0xff, 0xff, 0xff, 0xff, 0xff, 0xff, 0xff, 0xff, 0xff,
  0xff, 0xff, 0xff, 0xff, 0xff, 0xff, 0xff, 0xff, 0xff, 0xff, 0xff, 0xf6,
  0xa5, 0x5c, 0x53, 0x53, 0x53, 0x5b, 0x5c, 0x5c, 0x5c, 0x5c, 0x65, 0xa5,
  0x5c, 0x5c, 0x5c, 0x5b, 0x5c, 0x53, 0x53, 0x52, 0x52, 0x53, 0x53, 0x5c,
  0x5c, 0x5c, 0x5c, 0x5c, 0x5c, 0x5b, 0x5c, 0x5c, 0x5c, 0x5c, 0x5c, 0x5c,
  0x65, 0xa5, 0xae, 0xae, 0xae, 0xae, 0xae, 0xb6, 0xae, 0x65, 0x65, 0xae,
  0xa6, 0xa6, 0xa5, 0x65, 0xa6, 0xae, 0xa5, 0x07, 0xff, 0xff, 0xff, 0xff,
  0xff, 0xff, 0xff, 0xff, 0xff, 0xff, 0xff, 0xff, 0xff, 0xff, 0xff, 0xff,
  0xff, 0xff, 0xff, 0xff, 0xff, 0xff, 0xff, 0xff, 0xff, 0xff, 0xff, 0xff,
  0xff, 0xff, 0xff, 0xff, 0xff, 0xff, 0xff, 0xff, 0xff, 0xff, 0xff, 0xff,
  0xff, 0xff, 0xff, 0xff, 0xff, 0xff, 0xff, 0xff, 0xff, 0xff, 0xff, 0xff,
  0xff, 0xff, 0xff, 0xff, 0xff, 0xff, 0xff, 0xff, 0xff, 0xff, 0xff, 0xff,
  0xff, 0xff, 0xff, 0xff, 0xff, 0xff, 0xff, 0xff, 0x00, 0x00, 0xff, 0xff,
  0xff, 0xff, 0xff, 0xff, 0xff, 0xff, 0xff, 0xff, 0xff, 0xff, 0xff, 0xff,
  0xff, 0xff, 0xff, 0xff, 0xff, 0xff, 0xff, 0xff, 0xff, 0xff, 0xff, 0xff,
  0xff, 0xff, 0xff, 0xff, 0xff, 0xff, 0xff, 0xff, 0xff, 0xff, 0xff, 0xff,
  0xff, 0xff, 0xff, 0xff, 0xff, 0xff, 0xff, 0xff, 0xff, 0xff, 0xff, 0xff,
  0xff, 0xff, 0xff, 0xff, 0xff, 0xff, 0xff, 0xf6, 0xa5, 0x5c, 0x53, 0x53,
  0x53, 0x5b, 0x5c, 0x5c, 0x5c, 0x5c, 0x65, 0xa5, 0x5c, 0x5c, 0x5c, 0x5b,
  0x5c, 0x53, 0x53, 0x52, 0x52, 0x53, 0x53, 0x5c, 0x5c, 0x5c, 0x5c, 0x5c,
  0x5c, 0x5b, 0x5c, 0x5c, 0x5c, 0x5c, 0x5c, 0x5c, 0x65, 0xa5, 0xae, 0xae,
  0xae, 0xae, 0xae, 0xb6, 0xae, 0x65, 0x65, 0xae, 0xa6, 0xa6, 0xa5, 0x65,
  0xa6, 0xae, 0xa5, 0x07, 0xff, 0xff, 0xff, 0xff, 0xff, 0xff, 0xff, 0xff,
  0xff, 0xff, 0xff, 0xff, 0xff, 0xff, 0xff, 0xff, 0xff, 0xff, 0xff, 0xff,
  0xff, 0xff, 0xff, 0xff, 0xff, 0xff, 0xff, 0xff, 0xff, 0xff, 0xff, 0xff,
  0xff, 0xff, 0xff, 0xff, 0xff, 0xff, 0xff, 0xff, 0xff, 0xff, 0xff, 0xff,
  0xff, 0xff, 0xff, 0xff, 0xff, 0xff, 0xff, 0xff, 0xff, 0xff, 0xff, 0xff,
  0xff, 0xff, 0xff, 0xff, 0xff, 0xff, 0xff, 0xff, 0xff, 0xff, 0xff, 0xff,
  0xff, 0xff, 0xff, 0xff, 0x00, 0x00, 0xff, 0xff, 0xff, 0xff, 0xff, 0xff,
  0xff, 0xff, 0xff, 0xff, 0xff, 0xff, 0xff, 0xff, 0xff, 0xff, 0xff, 0xff,
  0xff, 0xff, 0xff, 0xff, 0xff, 0xff, 0xff, 0xff, 0xff, 0xff, 0xff, 0xff,
  0xff, 0xff, 0xff, 0xff, 0xff, 0xff, 0xff, 0xff, 0xff, 0xff, 0xff, 0xff,
  0xff, 0xff, 0xff, 0xff, 0xff, 0xff, 0xff, 0xff, 0xff, 0xff, 0xff, 0xff,
  0xff, 0xff, 0xff, 0xff, 0xff, 0xf6, 0xf6, 0x08, 0xae, 0x5c, 0x53, 0x5b,
  0x5c, 0x5c, 0x5c, 0xa5, 0xa5, 0x64, 0x5c, 0x5c, 0x5c, 0x5c, 0x5c, 0x53,
  0x53, 0x53, 0x53, 0x5b, 0x5c, 0x5c, 0x5c, 0x5c, 0xa5, 0xa5, 0xa5, 0xa5,
  0xa5, 0xa5, 0xa5, 0xad, 0xae, 0xae, 0xae, 0xae, 0xae, 0xae, 0xb6, 0xae,
  0x65, 0xa5, 0xae, 0xa5, 0xae, 0x65, 0xae, 0xae, 0xae, 0xa5, 0xf7, 0xff,
  0xff, 0xff, 0xff, 0xff, 0xff, 0xff, 0xff, 0xff, 0xff, 0xff, 0xff, 0xff,
  0xff, 0xff, 0xff, 0xff, 0xff, 0xff, 0xff, 0xff, 0xff, 0xff, 0xff, 0xff,
  0xff, 0xff, 0xff, 0xff, 0xff, 0xff, 0xff, 0xff, 0xff, 0xff, 0xff, 0xff,
  0xff, 0xff, 0xff, 0xff, 0xff, 0xff, 0xff, 0xff, 0xff, 0xff, 0xff, 0xff,
  0xff, 0xff, 0xff, 0xff, 0xff, 0xff, 0xff, 0xff, 0xff, 0xff, 0xff, 0xff,
  0xff, 0xff, 0xff, 0xff, 0xff, 0xff, 0xff, 0xff, 0xff, 0xff, 0xff, 0xff,
  0x00, 0x00, 0xff, 0xff, 0xff, 0xff, 0xff, 0xff, 0xff, 0xff, 0xff, 0xff,
  0xff, 0xff, 0xff, 0xff, 0xff, 0xff, 0xff, 0xff, 0xff, 0xff, 0xff, 0xff,
  0xff, 0xff, 0xff, 0xff, 0xff, 0xff, 0xff, 0xff, 0xff, 0xff, 0xff, 0xff,
  0xff, 0xff, 0xff, 0xff, 0xff, 0xff, 0xff, 0xff, 0xff, 0xff, 0xff, 0xff,
  0xff, 0xff, 0xff, 0xff, 0xff, 0xff, 0xff, 0xff, 0xff, 0xff, 0xff, 0xff,
  0xff, 0xff, 0xff, 0xff, 0xff, 0xff, 0xf6, 0x07, 0x5b, 0x5b, 0x5c, 0x64,
  0xa5, 0xa5, 0x65, 0x65, 0xa5, 0x5c, 0x64, 0x5c, 0x5c, 0x53, 0x53, 0x5c,
  0x5c, 0x5c, 0x5c, 0x5c, 0x5c, 0x65, 0x65, 0xa5, 0xa5, 0xa5, 0xae, 0xae,
  0xae, 0xae, 0xae, 0xae, 0xae, 0xae, 0xae, 0x65, 0xa5, 0xa5, 0x65, 0xa6,
  0x65, 0xae, 0xae, 0xa5, 0x5c, 0xad, 0xff, 0xff, 0xff, 0xff, 0xff, 0xff,
  0xff, 0xff, 0xff, 0xff, 0xff, 0xff, 0xff, 0xff, 0xff, 0xff, 0xff, 0xff,
  0xff, 0xff, 0xff, 0xff, 0xff, 0xff, 0xff, 0xff, 0xff, 0xff, 0xff, 0xff,
  0xff, 0xff, 0xff, 0xff, 0xff, 0xff, 0xff, 0xff, 0xff, 0xff, 0xff, 0xff,
  0xff, 0xff, 0xff, 0xff, 0xff, 0xff, 0xff, 0xff, 0xff, 0xff, 0xff, 0xff,
  0xff, 0xff, 0xff, 0xff, 0xff, 0xff, 0xff, 0xff, 0xff, 0xff, 0xff, 0xff,
  0xff, 0xff, 0xff, 0xff, 0xff, 0xff, 0xff, 0xff, 0x00, 0x00, 0xff, 0xff,
  0xff, 0xff, 0xff, 0xff, 0xff, 0xff, 0xff, 0xff, 0xff, 0xff, 0xff, 0xff,
  0xff, 0xff, 0xff, 0xff, 0xff, 0xff, 0xff, 0xff, 0xff, 0xff, 0xff, 0xff,
  0xff, 0xff, 0xff, 0xff, 0xff, 0xff, 0xff, 0xff, 0xff, 0xff, 0xff, 0xff,
  0xff, 0xff, 0xff, 0xff, 0xff, 0xff, 0xff, 0xff, 0xff, 0xff, 0xff, 0xff,
  0xff, 0xff, 0xff, 0xff, 0xff, 0xff, 0xff, 0xff, 0xff, 0xff, 0xff, 0xff,
  0xff, 0xff, 0xff, 0xff, 0xff, 0xa5, 0x5c, 0x64, 0x65, 0xa5, 0xa5, 0xa5,
  0xa5, 0xa5, 0x65, 0x65, 0x65, 0x64, 0x5c, 0x53, 0x53, 0x5c, 0x5c, 0x5c,
  0x65, 0x65, 0xa5, 0xa5, 0xa5, 0xa5, 0xad, 0xae, 0xae, 0xae, 0xad, 0xae,
  0xae, 0xae, 0xa5, 0xa5, 0x65, 0xa5, 0xae, 0xae, 0x65, 0xae, 0x5d, 0x5c,
  0xf7, 0xff, 0xff, 0xff, 0xff, 0xff, 0xff, 0xff, 0xff, 0xff, 0xff, 0xff,
  0xff, 0xff, 0xff, 0xff, 0xff, 0xff, 0xff, 0xff, 0xff, 0xff, 0xff, 0xff,
  0xff, 0xff, 0xff, 0xff, 0xff, 0xff, 0xff, 0xff, 0xff, 0xff, 0xff, 0xff,
  0xff, 0xff, 0xff, 0xff, 0xff, 0xff, 0xff, 0xff, 0xff, 0xff, 0xff, 0xff,
  0xff, 0xff, 0xff, 0xff, 0xff, 0xff, 0xff, 0xff, 0xff, 0xff, 0xff, 0xff,
  0xff, 0xff, 0xff, 0xff, 0xff, 0xff, 0xff, 0xff, 0xff, 0xff, 0xff, 0xff,
  0xff, 0xff, 0xff, 0xff, 0x00, 0x00, 0xff, 0xff, 0xff, 0xff, 0xff, 0xff,
  0xff, 0xff, 0xff, 0xff, 0xff, 0xff, 0xff, 0xff, 0xff, 0xff, 0xff, 0xff,
  0xff, 0xff, 0xff, 0xff, 0xff, 0xff, 0xff, 0xff, 0xff, 0xff, 0xff, 0xff,
  0xff, 0xff, 0xff, 0xff, 0xff, 0xff, 0xff, 0xff, 0xff, 0xff, 0xff, 0xff,
  0xff, 0xff, 0xff, 0xff, 0xff, 0xff, 0xff, 0xff, 0xff, 0xff, 0xff, 0xff,
  0xff, 0xff, 0xff, 0xff, 0xff, 0xff, 0xff, 0xff, 0xff, 0xff, 0xff, 0xff,
  0xff, 0xf6, 0x5b, 0x5c, 0x5c, 0x65, 0xa5, 0xa5, 0xad, 0xad, 0xa5, 0xa5,
  0xa5, 0x65, 0xa5, 0xa5, 0x65, 0x5c, 0x5c, 0x5c, 0x5c, 0x5c, 0x65, 0xa5,
  0xa5, 0xae, 0xae, 0xae, 0xa5, 0xae, 0xae, 0xae, 0xa5, 0x65, 0xa5, 0xae,
  0xae, 0xae, 0xae, 0xae, 0xae, 0x5c, 0xa5, 0xff, 0xff, 0xff, 0xff, 0xff,
  0xff, 0xff, 0xff, 0xff, 0xff, 0xff, 0xff, 0xff, 0xff, 0xff, 0xff, 0xff,
  0xff, 0xff, 0xff, 0xff, 0xff, 0xff, 0xff, 0xff, 0xff, 0xff, 0xff, 0xff,
  0xff, 0xff, 0xff, 0xff, 0xff, 0xff, 0xff, 0xff, 0xff, 0xff, 0xff, 0xff,
  0xff, 0xff, 0xff, 0xff, 0xff, 0xff, 0xff, 0xff, 0xff, 0xff, 0xff, 0xff,
  0xff, 0xff, 0xff, 0xff, 0xff, 0xff, 0xff, 0xff, 0xff, 0xff, 0xff, 0xff,
  0xff, 0xff, 0xff, 0xff, 0xff, 0xff, 0xff, 0xff, 0xff, 0xff, 0xff, 0xff,
  0x00, 0x00, 0xff, 0xff, 0xff, 0xff, 0xff, 0xff, 0xff, 0xff, 0xff, 0xff,
  0xff, 0xff, 0xff, 0xff, 0xff, 0xff, 0xff, 0xff, 0xff, 0xff, 0xff, 0xff,
  0xff, 0xff, 0xff, 0xff, 0xff, 0xff, 0xff, 0xff, 0xff, 0xff, 0xff, 0xff,
  0xff, 0xff, 0xff, 0xff, 0xff, 0xff, 0xff, 0xff, 0xff, 0xff, 0xff, 0xff,
  0xff, 0xff, 0xff, 0xff, 0xff, 0xff, 0xff, 0xff, 0xff, 0xff, 0xff, 0xff,
  0xff, 0xff, 0xff, 0xff, 0xff, 0xff, 0xff, 0xff, 0xff, 0xff, 0xf7, 0x5c,
  0x5b, 0x65, 0x65, 0xa5, 0xa5, 0xad, 0xae, 0xae, 0xad, 0xad, 0xa5, 0xa5,
  0xa5, 0xa5, 0xa5, 0xa5, 0xad, 0xae, 0xae, 0xae, 0xa5, 0xa5, 0xa5, 0xae,
  0xae, 0xae, 0xa5, 0x65, 0xa5, 0xae, 0xae, 0xae, 0xae, 0xa5, 0xa5, 0xae,
  0x5c, 0x08, 0xff, 0xff, 0xff, 0xff, 0xff, 0xff, 0xff, 0xff, 0xff, 0xff,
  0xff, 0xff, 0xff, 0xff, 0xff, 0xff, 0xff, 0xff, 0xff, 0xff, 0xff, 0xff,
  0xff, 0xff, 0xff, 0xff, 0xff, 0xff, 0xff, 0xff, 0xff, 0xff, 0xff, 0xff,
  0xff, 0xff, 0xff, 0xff, 0xff, 0xff, 0xff, 0xff, 0xff, 0xff, 0xff, 0xff,
  0xff, 0xff, 0xff, 0xff, 0xff, 0xff, 0xff, 0xff, 0xff, 0xff, 0xff, 0xff,
  0xff, 0xff, 0xff, 0xff, 0xff, 0xff, 0xff, 0xff, 0xff, 0xff, 0xff, 0xff,
  0xff, 0xff, 0xff, 0xff, 0xff, 0xff, 0xff, 0xff, 0x00, 0x00, 0xff, 0xff,
  0xff, 0xff, 0xff, 0xff, 0xff, 0xff, 0xff, 0xff, 0xff, 0xff, 0xff, 0xff,
  0xff, 0xff, 0xff, 0xff, 0xff, 0xff, 0xff, 0xff, 0xff, 0xff, 0xff, 0xff,
  0xff, 0xff, 0xff, 0xff, 0xff, 0xff, 0xff, 0xff, 0xff, 0xff, 0xff, 0xff,
  0xff, 0xff, 0xff, 0xff, 0xff, 0xff, 0xff, 0xff, 0xff, 0xff, 0xff, 0xff,
  0xff, 0xff, 0xff, 0xff, 0xff, 0xff, 0xff, 0xff, 0xff, 0xff, 0xff, 0xff,
  0xff, 0xff, 0xff, 0xff, 0xff, 0xff, 0xf6, 0x5c, 0x53, 0x5c, 0x65, 0x65,
  0xa5, 0xa5, 0xa5, 0xae, 0xae, 0xae, 0xae, 0xae, 0xae, 0xae, 0xae, 0xae,
  0xae, 0xa5, 0xad, 0xae, 0xae, 0xae, 0xae, 0xb7, 0xae, 0xae, 0xae, 0xae,
  0xae, 0xae, 0xae, 0xae, 0xa5, 0xae, 0xa5, 0xad, 0xf6, 0xff, 0xff, 0xff,
  0xff, 0xff, 0xff, 0xff, 0xff, 0xff, 0xff, 0xff, 0xff, 0xff, 0xff, 0xff,
  0xff, 0xff, 0xff, 0xff, 0xff, 0xff, 0xff, 0xff, 0xff, 0xff, 0xff, 0xff,
  0xff, 0xff, 0xff, 0xff, 0xff, 0xff, 0xff, 0xff, 0xff, 0xff, 0xff, 0xff,
  0xff, 0xff, 0xff, 0xff, 0xff, 0xff, 0xff, 0xff, 0xff, 0xff, 0xff, 0xff,
  0xff, 0xff, 0xff, 0xff, 0xff, 0xff, 0xff, 0xff, 0xff, 0xff, 0xff, 0xff,
  0xff, 0xff, 0xff, 0xff, 0xff, 0xff, 0xff, 0xff, 0xff, 0xff, 0xff, 0xff,
  0xff, 0xff, 0xff, 0xff, 0x00, 0x00, 0xff, 0xff, 0xff, 0xff, 0xff, 0xff,
  0xff, 0xff, 0xff, 0xff, 0xff, 0xff, 0xff, 0xff, 0xff, 0xff, 0xff, 0xff,
  0xff, 0xff, 0xff, 0xff, 0xff, 0xff, 0xff, 0xff, 0xff, 0xff, 0xff, 0xff,
  0xff, 0xff, 0xff, 0xff, 0xff, 0xff, 0xff, 0xff, 0xff, 0xff, 0xff, 0xff,
  0xff, 0xff, 0xff, 0xff, 0xff, 0xff, 0xff, 0xff, 0xff, 0xff, 0xff, 0xff,
  0xff, 0xff, 0xff, 0xff, 0xff, 0xff, 0xff, 0xff, 0xff, 0xff, 0xff, 0xff,
  0xff, 0xff, 0xff, 0x5c, 0x5c, 0x54, 0x65, 0x5c, 0xa5, 0xa5, 0xa5, 0xa5,
  0xa5, 0xae, 0xae, 0xae, 0xae, 0xae, 0xae, 0xae, 0xae, 0xae, 0xae, 0xae,
  0xae, 0xae, 0xae, 0xa5, 0xa5, 0xad, 0xa5, 0x65, 0x65, 0xa5, 0xa5, 0xae,
  0xae, 0xad, 0x08, 0xff, 0xff, 0xff, 0xff, 0xff, 0xff, 0xff, 0xff, 0xff,
  0xff, 0xff, 0xff, 0xff, 0xff, 0xff, 0xff, 0xff, 0xff, 0xff, 0xff, 0xff,
  0xff, 0xff, 0xff, 0xff, 0xff, 0xff, 0xff, 0xff, 0xff, 0xff, 0xff, 0xff,
  0xff, 0xff, 0xff, 0xff, 0xff, 0xff, 0xff, 0xff, 0xff, 0xff, 0xff, 0xff,
  0xff, 0xff, 0xff, 0xff, 0xff, 0xff, 0xff, 0xff, 0xff, 0xff, 0xff, 0xff,
  0xff, 0xff, 0xff, 0xff, 0xff, 0xff, 0xff, 0xff, 0xff, 0xff, 0xff, 0xff,
  0xff, 0xff, 0xff, 0xff, 0xff, 0xff, 0xff, 0xff, 0xff, 0xff, 0xff, 0xff,
  0x00, 0x00, 0xff, 0xff, 0xff, 0xff, 0xff, 0xff, 0xff, 0xff, 0xff, 0xff,
  0xff, 0xff, 0xff, 0xff, 0xff, 0xff, 0xff, 0xff, 0xff, 0xff, 0xff, 0xff,
  0xff, 0xff, 0xff, 0xff, 0xff, 0xff, 0xff, 0xff, 0xff, 0xff, 0xff, 0xff,
  0xff, 0xff, 0xff, 0xff, 0xff, 0xff, 0xff, 0xff, 0xff, 0xff, 0xff, 0xff,
  0xff, 0xff, 0xff, 0xff, 0xff, 0xff, 0xff, 0xff, 0xff, 0xff, 0xff, 0xff,
  0xff, 0xff, 0xff, 0xff, 0xff, 0xff, 0xff, 0xff, 0xff, 0xff, 0xff, 0x08,
  0x5b, 0x5c, 0x5c, 0x5c, 0x65, 0x65, 0xa5, 0xa5, 0xa5, 0x65, 0x65, 0xa5,
  0xad, 0xae, 0xae, 0xae, 0xae, 0xae, 0xae, 0xad, 0xad, 0xa5, 0x65, 0x65,
  0xa5, 0x65, 0x5c, 0x65, 0xae, 0xae, 0xae, 0xae, 0xa5, 0x08, 0xff, 0xff,
  0xff, 0xff, 0xff, 0xff, 0xff, 0xff, 0xff, 0xff, 0xff, 0xff, 0xff, 0xff,
  0xff, 0xff, 0xff, 0xff, 0xff, 0xff, 0xff, 0xff, 0xff, 0xff, 0xff, 0xff,
  0xff, 0xff, 0xff, 0xff, 0xff, 0xff, 0xff, 0xff, 0xff, 0xff, 0xff, 0xff,
  0xff, 0xff, 0xff, 0xff, 0xff, 0xff, 0xff, 0xff, 0xff, 0xff, 0xff, 0xff,
  0xff, 0xff, 0xff, 0xff, 0xff, 0xff, 0xff, 0xff, 0xff, 0xff, 0xff, 0xff,
  0xff, 0xff, 0xff, 0xff, 0xff, 0xff, 0xff, 0xff, 0xff, 0xff, 0xff, 0xff,
  0xff, 0xff, 0xff, 0xff, 0xff, 0xff, 0xff, 0xff, 0x00, 0x00
};

int main()
    {
    BMP_HEADER * const bmp1 = (BMP_HEADER *) george_bmp ;
    BMP_HEADER * const bmp2 = (BMP_HEADER *) hillary_bmp ;
    float percent ;

    InitializeHardware(HEADER, "Lab 9E: Image Morphing") ;
    SanityCheck() ;
    InitializeTouchScreen() ;

    percent = slider.percent = 0.5 ;
    InitSlider(&slider) ;
    MorphImages(percent, bmp1, bmp2) ;

    for (;;)
        {
        // Use slider to control morphing
        CheckSlider() ;
        if (slider.percent != percent)
            {
            percent = slider.percent ;
            MorphImages(percent, bmp1, bmp2) ;
            }
        }

    return 0 ;
    }

static void MorphImages(float percent, BMP_HEADER *bmp1, BMP_HEADER *bmp2)
    {
    typedef PIXEL PXLROW[240] ;
    PXLROW * const ppixels = (PXLROW *) 0xD0000000 ;
    int xoff, yoff, row, col, rows, cols ;
    uint8_t *img1, *img2, *pxl1, *pxl2 ;
    PIXEL *ppixel ;

    rows = MIN(bmp1->height, bmp2->height) ;
    cols = MIN(bmp1->width,  bmp2->width) ;

    xoff = (XPIXELS - cols) / 2 ;
    yoff = HEADER_ROWS + (SLIDER_YMIN - HEADER_ROWS - rows) / 2 ;
    pxl1 = (uint8_t *) (bmp1 + 1) + 4*(1 << bmp1->bits) ;
    pxl2 = (uint8_t *) (bmp2 + 1) + 4*(1 << bmp2->bits) ;
    for (row = 0; row < rows; row++)
        {
        img1 = pxl1 + row * ((bmp1->width * sizeof(uint8_t) + 3) & ~0x3) ;
        img2 = pxl2 + row * ((bmp2->width * sizeof(uint8_t) + 3) & ~0x3) ;
        ppixel = ppixels[yoff + rows - row] + xoff ;
        for (col = 0; col < cols; col++)
            {
            *ppixel++ = BlendPixels(percent, bmp1->palette[*img1++], bmp2->palette[*img2++]) ;
            }
        }
    }

static void InitializeTouchScreen(void)
    {
    static char *message[] =
        {
        "If this message remains on",
        "the screen, there is an",
        "initialization problem with",
        "the touch screen. This does",
        "NOT mean that there is a",
        "problem with your code.",
        " ",
        "To correct the problem,",
        "disconnect and reconnect",
        "the power.",
        NULL
        } ;
    char **pp ;
    unsigned x, y ;

    x = 25 ;
    y = 100 ;
    for (pp = message; *pp != NULL; pp++)
        {
        DisplayStringAt(x, y, *pp) ;
        y += 12 ;
        }
    TS_Init() ;
    ClearDisplay() ;
    }

static void InitSlider(SLIDER *slider)
    {
    SetColor(SLIDER_BGCLR) ;
    FillRect(slider->xmin + 1, slider->ymin, slider->width - 1, slider->height) ;
    SetColor(COLOR_RED) ;
    DrawRect(slider->xmin, slider->ymin, slider->width, slider->height) ;
    UpdateSlider(slider, slider->xpos = slider->xmin + slider->percent * slider->width) ;
    }

static void UpdateSlider(SLIDER *slider, uint32_t x)
    {
    static uint32_t bg[SLIDER_SSIZE], fg[SLIDER_SSIZE] ;
    int k, xold, xnew, ypos, yoff ;
    static BOOL init = true ;

    if (init)
        {
        for (k = 0; k < SLIDER_SSIZE; k++)
            {
            bg[k] = SLIDER_BGCLR ;
            fg[k] = SLIDER_FGCLR ;
            }
        init = false ;
        }

    xold = slider->xpos - SLIDER_SSIZE/2 + 1 ;
    xnew = x - SLIDER_SSIZE/2 + 1 ;
    ypos = slider->ymin + 1 ;
    for (yoff = 0; yoff < slider->height - 1; yoff++)
        {
        uint32_t *base = (uint32_t *) SCREEN_ADRS + XPIXELS*ypos++ ;
        memcpy(base + xold, bg, sizeof(bg)) ;
        memcpy(base + xnew, fg, sizeof(fg)) ;
        }
    slider->xpos = x ;
    slider->percent = (float) (x - slider->xmin - SLIDER_SSIZE/2) / (slider->width - SLIDER_SSIZE - 1) ;
    }

static void CheckSlider(void)
    {
    if (TS_Touched()) Adjust(&slider) ;
    }

static void Adjust(SLIDER *slider)
    {
#   define  XFUDGE  0
#   define  YFUDGE  -10
    uint32_t x, y, xmin, xmax ;

    x = TS_GetX() + XFUDGE ;
    y = TS_GetY() + YFUDGE ;

    xmax = slider->xmin + slider->width - SLIDER_SSIZE/2 - 1 ;
    xmin = slider->xmin + SLIDER_SSIZE/2 ;
    if (!Between(slider->ymin, y, slider->ymin + slider->height - 1))   return ;
    if (!Between(slider->xmin, x, slider->xmin + slider->width - 1))    return ;
    if (x < xmin) x = xmin ;
    if (x > xmax) x = xmax ;
    UpdateSlider(slider, x) ;
    }

static int32_t Between(uint32_t min, uint32_t val, uint32_t max)
    {
    return (min <= val && val <= max) ;
    }

static void SanityCheck(void)
    {
    uint32_t rgb1 = GetRandomNumber() ;
    uint32_t rgb2 = GetRandomNumber() ;
    uint32_t rgbi = BlendPixels(0.5, rgb1, rgb2) ;
    uint32_t mine ;
    int shift ;

    __asm(
        "UHADD8 %[dst],%[src1],%[src2]      \n\t"
        : [dst] "=r" (mine)
        : [src1] "r" (rgb1),
          [src2] "r" (rgb2)
    ) ;
    mine |= 0xFF000000 ;

    for (shift = 0; shift <= 24; shift += 8)
        {
        if (((rgbi ^ mine) & 0xFF) != 0x00)
            {
            Error("BlendPixels", "Bits %d-%d (%02X) != %02X", shift+7, shift, rgbi & 0xFF, mine & 0xFF) ;
            }
        rgbi >>= 8 ;
        mine >>= 8 ;
        }

    LEDs(1, 0) ;
    }

static void Error(char *function, char *format, ...)
    {
#   define GFXROW1              54
#   define GFXROWN              215
#   define GFXROWS              (GFXROWN - GFXROW1 + 1)
#   define MAX(a,b)             ((a) > (b) ? (a) : (b))
#   define ERR_FONT             Font12
#   define ERR_BRDR_COLOR       COLOR_BLACK
#   define ERR_BGND_COLOR       COLOR_RED
#   define ERR_FGND_COLOR       COLOR_WHITE
    uint32_t width, row, col, len1, len2 ;
    char line1[100], line2[100] ;
    va_list args ;

    sprintf(line1, "Function %s:", function) ;
    len1 = strlen(line1) ;

    va_start(args, format) ;
    vsprintf(line2, format, args) ;
    va_end(args) ;
    len2 = strlen(line2) ;

    width = ERR_FONT.Width * (MAX(len1, len2) + 2) ;

    col = (XPIXELS - width) / 2 ;
    row = GFXROW1 + GFXROWS / 2 ;

    SetFontSize(&ERR_FONT) ;
    SetColor(ERR_BGND_COLOR) ;
    FillRect(col + 1, row, width - 1, 3*ERR_FONT.Height) ;
    SetColor(ERR_BRDR_COLOR) ;
    DrawRect(col, row, width, 3*ERR_FONT.Height) ;
    row += ERR_FONT.Height/2 ;

    SetForeground(ERR_FGND_COLOR) ;
    SetBackground(ERR_BGND_COLOR) ;
    DisplayStringAt(col + ERR_FONT.Width, row, line1) ;
    row += ERR_FONT.Height ;
    DisplayStringAt(col + ERR_FONT.Width, row, line2) ;

    LEDs(0, 1) ;
    for (;;) ;
    }

static void LEDs(int grn_on, int red_on)
    {
    static uint32_t * const pGPIOG_MODER    = (uint32_t *) 0x40021800 ;
    static uint32_t * const pGPIOG_ODR      = (uint32_t *) 0x40021814 ;
    
    *pGPIOG_MODER |= (1 << 28) | (1 << 26) ;    // output mode
    *pGPIOG_ODR &= ~(3 << 13) ;         // both off
    *pGPIOG_ODR |= (grn_on ? 1 : 0) << 13 ;
    *pGPIOG_ODR |= (red_on ? 1 : 0) << 14 ;
    }

static void SetFontSize(sFONT *Font)
    {
    extern void BSP_LCD_SetFont(sFONT *) ;
    BSP_LCD_SetFont(Font) ;
    }

